species,scenario_id,source,year,n_seasons,annual_anomaly,tmin_used,tmax_used
ACADIAN REDFISH,ACADIAN REDFISH_Survey_0_100,Survey_0_100,1959,2,0,1,19.1
ACADIAN REDFISH,ACADIAN REDFISH_Survey_0_100,Survey_0_100,1960,2,0,1,19.1
ACADIAN REDFISH,ACADIAN REDFISH_Survey_0_100,Survey_0_100,1961,2,0,1,19.1
ACADIAN REDFISH,ACADIAN REDFISH_Survey_0_100,Survey_0_100,1962,2,0,1,19.1
ACADIAN REDFISH,ACADIAN REDFISH_Survey_0_100,Survey_0_100,1963,2,0,1,19.1
ACADIAN REDFISH,ACADIAN REDFISH_Survey_0_100,Survey_0_100,1964,2,0,1,19.1
ACADIAN REDFISH,ACADIAN REDFISH_Survey_0_100,Survey_0_100,1965,2,0,1,19.1
ACADIAN REDFISH,ACADIAN REDFISH_Survey_0_100,Survey_0_100,1966,2,0,1,19.1
ACADIAN REDFISH,ACADIAN REDFISH_Survey_0_100,Survey_0_100,1967,2,0,1,19.1
ACADIAN REDFISH,ACADIAN REDFISH_Survey_0_100,Survey_0_100,1968,2,0,1,19.1
ACADIAN REDFISH,ACADIAN REDFISH_Survey_0_100,Survey_0_100,1969,2,0,1,19.1
ACADIAN REDFISH,ACADIAN REDFISH_Survey_0_100,Survey_0_100,1970,2,0,1,19.1
ACADIAN REDFISH,ACADIAN REDFISH_Survey_0_100,Survey_0_100,1971,2,0,1,19.1
ACADIAN REDFISH,ACADIAN REDFISH_Survey_0_100,Survey_0_100,1972,2,0,1,19.1
ACADIAN REDFISH,ACADIAN REDFISH_Survey_0_100,Survey_0_100,1973,2,0,1,19.1
ACADIAN REDFISH,ACADIAN REDFISH_Survey_0_100,Survey_0_100,1974,2,0,1,19.1
ACADIAN REDFISH,ACADIAN REDFISH_Survey_0_100,Survey_0_100,1975,2,0,1,19.1
ACADIAN REDFISH,ACADIAN REDFISH_Survey_0_100,Survey_0_100,1976,2,0,1,19.1
ACADIAN REDFISH,ACADIAN REDFISH_Survey_0_100,Survey_0_100,1977,2,0,1,19.1
ACADIAN REDFISH,ACADIAN REDFISH_Survey_0_100,Survey_0_100,1978,2,0,1,19.1
ACADIAN REDFISH,ACADIAN REDFISH_Survey_0_100,Survey_0_100,1979,2,0,1,19.1
ACADIAN REDFISH,ACADIAN REDFISH_Survey_0_100,Survey_0_100,1980,2,0,1,19.1
ACADIAN REDFISH,ACADIAN REDFISH_Survey_0_100,Survey_0_100,1981,2,0,1,19.1
ACADIAN REDFISH,ACADIAN REDFISH_Survey_0_100,Survey_0_100,1982,2,0,1,19.1
ACADIAN REDFISH,ACADIAN REDFISH_Survey_0_100,Survey_0_100,1983,2,0,1,19.1
ACADIAN REDFISH,ACADIAN REDFISH_Survey_0_100,Survey_0_100,1984,2,0,1,19.1
ACADIAN REDFISH,ACADIAN REDFISH_Survey_0_100,Survey_0_100,1985,2,0,1,19.1
ACADIAN REDFISH,ACADIAN REDFISH_Survey_0_100,Survey_0_100,1986,2,0,1,19.1
ACADIAN REDFISH,ACADIAN REDFISH_Survey_0_100,Survey_0_100,1987,2,0,1,19.1
ACADIAN REDFISH,ACADIAN REDFISH_Survey_0_100,Survey_0_100,1988,2,0,1,19.1
ACADIAN REDFISH,ACADIAN REDFISH_Survey_0_100,Survey_0_100,1989,2,0,1,19.1
ACADIAN REDFISH,ACADIAN REDFISH_Survey_0_100,Survey_0_100,1990,2,0,1,19.1
ACADIAN REDFISH,ACADIAN REDFISH_Survey_0_100,Survey_0_100,1991,2,-0.0033502721487650433,1,19.1
ACADIAN REDFISH,ACADIAN REDFISH_Survey_0_100,Survey_0_100,1992,2,0,1,19.1
ACADIAN REDFISH,ACADIAN REDFISH_Survey_0_100,Survey_0_100,1993,2,0,1,19.1
ACADIAN REDFISH,ACADIAN REDFISH_Survey_0_100,Survey_0_100,1994,2,0,1,19.1
ACADIAN REDFISH,ACADIAN REDFISH_Survey_0_100,Survey_0_100,1995,2,0,1,19.1
ACADIAN REDFISH,ACADIAN REDFISH_Survey_0_100,Survey_0_100,1996,2,0,1,19.1
ACADIAN REDFISH,ACADIAN REDFISH_Survey_0_100,Survey_0_100,1997,2,0,1,19.1
ACADIAN REDFISH,ACADIAN REDFISH_Survey_0_100,Survey_0_100,1998,2,0,1,19.1
ACADIAN REDFISH,ACADIAN REDFISH_Survey_0_100,Survey_0_100,1999,2,0,1,19.1
ACADIAN REDFISH,ACADIAN REDFISH_Survey_0_100,Survey_0_100,2000,2,0,1,19.1
ACADIAN REDFISH,ACADIAN REDFISH_Survey_0_100,Survey_0_100,2001,2,0,1,19.1
ACADIAN REDFISH,ACADIAN REDFISH_Survey_0_100,Survey_0_100,2002,2,0,1,19.1
ACADIAN REDFISH,ACADIAN REDFISH_Survey_0_100,Survey_0_100,2003,2,0,1,19.1
ACADIAN REDFISH,ACADIAN REDFISH_Survey_0_100,Survey_0_100,2004,2,0,1,19.1
ACADIAN REDFISH,ACADIAN REDFISH_Survey_0_100,Survey_0_100,2005,2,0,1,19.1
ACADIAN REDFISH,ACADIAN REDFISH_Survey_0_100,Survey_0_100,2006,2,0,1,19.1
ACADIAN REDFISH,ACADIAN REDFISH_Survey_0_100,Survey_0_100,2007,2,0,1,19.1
ACADIAN REDFISH,ACADIAN REDFISH_Survey_0_100,Survey_0_100,2008,2,0,1,19.1
ACADIAN REDFISH,ACADIAN REDFISH_Survey_0_100,Survey_0_100,2009,2,-4.700442120366688e-4,1,19.1
ACADIAN REDFISH,ACADIAN REDFISH_Survey_0_100,Survey_0_100,2010,2,0,1,19.1
ACADIAN REDFISH,ACADIAN REDFISH_Survey_0_100,Survey_0_100,2011,2,0,1,19.1
ACADIAN REDFISH,ACADIAN REDFISH_Survey_0_100,Survey_0_100,2012,2,0,1,19.1
ACADIAN REDFISH,ACADIAN REDFISH_Survey_0_100,Survey_0_100,2013,2,0,1,19.1
ACADIAN REDFISH,ACADIAN REDFISH_Survey_0_100,Survey_0_100,2014,2,-0.07378962193205041,1,19.1
ACADIAN REDFISH,ACADIAN REDFISH_Survey_0_100,Survey_0_100,2015,2,-0.004292861751423516,1,19.1
ACADIAN REDFISH,ACADIAN REDFISH_Survey_0_100,Survey_0_100,2016,2,-0.3797259863704312,1,19.1
ACADIAN REDFISH,ACADIAN REDFISH_Survey_0_100,Survey_0_100,2017,2,0,1,19.1
ACADIAN REDFISH,ACADIAN REDFISH_Survey_0_100,Survey_0_100,2018,2,0,1,19.1
ACADIAN REDFISH,ACADIAN REDFISH_Survey_0_100,Survey_0_100,2019,2,-0.003584733668404283,1,19.1
ACADIAN REDFISH,ACADIAN REDFISH_Survey_0_100,Survey_0_100,2020,2,0,1,19.1
ACADIAN REDFISH,ACADIAN REDFISH_Survey_0_100,Survey_0_100,2022,2,0,1,19.1
ACADIAN REDFISH,ACADIAN REDFISH_Survey_0_100,Survey_0_100,2023,2,0,1,19.1
ACADIAN REDFISH,ACADIAN REDFISH_Survey_0_100,Survey_0_100,2024,2,-0.005721704869415589,1,19.1
ACADIAN REDFISH,ACADIAN REDFISH_Survey_10_90,Survey_10_90,1959,2,0,4.76,9.6
ACADIAN REDFISH,ACADIAN REDFISH_Survey_10_90,Survey_10_90,1960,2,-0.36475582971048937,4.76,9.6
ACADIAN REDFISH,ACADIAN REDFISH_Survey_10_90,Survey_10_90,1961,2,-5.5547627060748255,4.76,9.6
ACADIAN REDFISH,ACADIAN REDFISH_Survey_10_90,Survey_10_90,1962,2,-11.617956474403556,4.76,9.6
ACADIAN REDFISH,ACADIAN REDFISH_Survey_10_90,Survey_10_90,1963,2,11.862950137853986,4.76,9.6
ACADIAN REDFISH,ACADIAN REDFISH_Survey_10_90,Survey_10_90,1964,2,11.492694641090452,4.76,9.6
ACADIAN REDFISH,ACADIAN REDFISH_Survey_10_90,Survey_10_90,1965,2,8.104091233867592,4.76,9.6
ACADIAN REDFISH,ACADIAN REDFISH_Survey_10_90,Survey_10_90,1966,2,7.642446451012816,4.76,9.6
ACADIAN REDFISH,ACADIAN REDFISH_Survey_10_90,Survey_10_90,1967,2,-0.4489537181450771,4.76,9.6
ACADIAN REDFISH,ACADIAN REDFISH_Survey_10_90,Survey_10_90,1968,2,-13.229862063290483,4.76,9.6
ACADIAN REDFISH,ACADIAN REDFISH_Survey_10_90,Survey_10_90,1969,2,-24.624276546155727,4.76,9.6
ACADIAN REDFISH,ACADIAN REDFISH_Survey_10_90,Survey_10_90,1970,2,6.729916982200919,4.76,9.6
ACADIAN REDFISH,ACADIAN REDFISH_Survey_10_90,Survey_10_90,1971,2,1.0208826076015782,4.76,9.6
ACADIAN REDFISH,ACADIAN REDFISH_Survey_10_90,Survey_10_90,1972,2,6.742787476733994,4.76,9.6
ACADIAN REDFISH,ACADIAN REDFISH_Survey_10_90,Survey_10_90,1973,2,0.6072464344100297,4.76,9.6
ACADIAN REDFISH,ACADIAN REDFISH_Survey_10_90,Survey_10_90,1974,2,-0.7566039681162096,4.76,9.6
ACADIAN REDFISH,ACADIAN REDFISH_Survey_10_90,Survey_10_90,1975,2,-2.806411344394249,4.76,9.6
ACADIAN REDFISH,ACADIAN REDFISH_Survey_10_90,Survey_10_90,1976,2,-1.454370009488784,4.76,9.6
ACADIAN REDFISH,ACADIAN REDFISH_Survey_10_90,Survey_10_90,1977,2,-6.820966436016647,4.76,9.6
ACADIAN REDFISH,ACADIAN REDFISH_Survey_10_90,Survey_10_90,1978,2,-1.8221140747622826,4.76,9.6
ACADIAN REDFISH,ACADIAN REDFISH_Survey_10_90,Survey_10_90,1979,2,-4.350341065346981,4.76,9.6
ACADIAN REDFISH,ACADIAN REDFISH_Survey_10_90,Survey_10_90,1980,2,-13.600908642669225,4.76,9.6
ACADIAN REDFISH,ACADIAN REDFISH_Survey_10_90,Survey_10_90,1981,2,-12.197711085925334,4.76,9.6
ACADIAN REDFISH,ACADIAN REDFISH_Survey_10_90,Survey_10_90,1982,2,-2.6081324882353414,4.76,9.6
ACADIAN REDFISH,ACADIAN REDFISH_Survey_10_90,Survey_10_90,1983,2,4.795658237168553,4.76,9.6
ACADIAN REDFISH,ACADIAN REDFISH_Survey_10_90,Survey_10_90,1984,2,5.655740911449172,4.76,9.6
ACADIAN REDFISH,ACADIAN REDFISH_Survey_10_90,Survey_10_90,1985,2,0.687398346038492,4.76,9.6
ACADIAN REDFISH,ACADIAN REDFISH_Survey_10_90,Survey_10_90,1986,2,11.743516988918316,4.76,9.6
ACADIAN REDFISH,ACADIAN REDFISH_Survey_10_90,Survey_10_90,1987,2,-1.497586334855498,4.76,9.6
ACADIAN REDFISH,ACADIAN REDFISH_Survey_10_90,Survey_10_90,1988,2,16.902857873086248,4.76,9.6
ACADIAN REDFISH,ACADIAN REDFISH_Survey_10_90,Survey_10_90,1989,2,-5.538065244751394,4.76,9.6
ACADIAN REDFISH,ACADIAN REDFISH_Survey_10_90,Survey_10_90,1990,2,4.411607401263595,4.76,9.6
ACADIAN REDFISH,ACADIAN REDFISH_Survey_10_90,Survey_10_90,1991,2,1.9346712139221864,4.76,9.6
ACADIAN REDFISH,ACADIAN REDFISH_Survey_10_90,Survey_10_90,1992,2,-7.545694322869494,4.76,9.6
ACADIAN REDFISH,ACADIAN REDFISH_Survey_10_90,Survey_10_90,1993,2,-5.281626124977393,4.76,9.6
ACADIAN REDFISH,ACADIAN REDFISH_Survey_10_90,Survey_10_90,1994,2,9.32254462632217,4.76,9.6
ACADIAN REDFISH,ACADIAN REDFISH_Survey_10_90,Survey_10_90,1995,2,9.552586524942555,4.76,9.6
ACADIAN REDFISH,ACADIAN REDFISH_Survey_10_90,Survey_10_90,1996,2,23.28656043361947,4.76,9.6
ACADIAN REDFISH,ACADIAN REDFISH_Survey_10_90,Survey_10_90,1997,2,16.971093122525332,4.76,9.6
ACADIAN REDFISH,ACADIAN REDFISH_Survey_10_90,Survey_10_90,1998,2,18.22597409826031,4.76,9.6
ACADIAN REDFISH,ACADIAN REDFISH_Survey_10_90,Survey_10_90,1999,2,-3.4968545958957407,4.76,9.6
ACADIAN REDFISH,ACADIAN REDFISH_Survey_10_90,Survey_10_90,2000,2,18.9457272853997,4.76,9.6
ACADIAN REDFISH,ACADIAN REDFISH_Survey_10_90,Survey_10_90,2001,2,13.291459050623246,4.76,9.6
ACADIAN REDFISH,ACADIAN REDFISH_Survey_10_90,Survey_10_90,2002,2,12.854963955367438,4.76,9.6
ACADIAN REDFISH,ACADIAN REDFISH_Survey_10_90,Survey_10_90,2003,2,2.529674715718258,4.76,9.6
ACADIAN REDFISH,ACADIAN REDFISH_Survey_10_90,Survey_10_90,2004,2,1.528980971705053,4.76,9.6
ACADIAN REDFISH,ACADIAN REDFISH_Survey_10_90,Survey_10_90,2005,2,6.681589284292983,4.76,9.6
ACADIAN REDFISH,ACADIAN REDFISH_Survey_10_90,Survey_10_90,2006,2,16.66062689218839,4.76,9.6
ACADIAN REDFISH,ACADIAN REDFISH_Survey_10_90,Survey_10_90,2007,2,14.9957410013985,4.76,9.6
ACADIAN REDFISH,ACADIAN REDFISH_Survey_10_90,Survey_10_90,2008,2,15.134503123699119,4.76,9.6
ACADIAN REDFISH,ACADIAN REDFISH_Survey_10_90,Survey_10_90,2009,2,1.2567969429314445,4.76,9.6
ACADIAN REDFISH,ACADIAN REDFISH_Survey_10_90,Survey_10_90,2010,2,9.534287609031438,4.76,9.6
ACADIAN REDFISH,ACADIAN REDFISH_Survey_10_90,Survey_10_90,2011,2,16.02874726276424,4.76,9.6
ACADIAN REDFISH,ACADIAN REDFISH_Survey_10_90,Survey_10_90,2012,2,3.1333581824247005,4.76,9.6
ACADIAN REDFISH,ACADIAN REDFISH_Survey_10_90,Survey_10_90,2013,2,-15.124655602792267,4.76,9.6
ACADIAN REDFISH,ACADIAN REDFISH_Survey_10_90,Survey_10_90,2014,2,-19.52563393050682,4.76,9.6
ACADIAN REDFISH,ACADIAN REDFISH_Survey_10_90,Survey_10_90,2015,2,-22.087627956025344,4.76,9.6
ACADIAN REDFISH,ACADIAN REDFISH_Survey_10_90,Survey_10_90,2016,2,-18.73735936129166,4.76,9.6
ACADIAN REDFISH,ACADIAN REDFISH_Survey_10_90,Survey_10_90,2017,2,-5.930352667609711,4.76,9.6
ACADIAN REDFISH,ACADIAN REDFISH_Survey_10_90,Survey_10_90,2018,2,-22.650666856187243,4.76,9.6
ACADIAN REDFISH,ACADIAN REDFISH_Survey_10_90,Survey_10_90,2019,2,-46.0860796142537,4.76,9.6
ACADIAN REDFISH,ACADIAN REDFISH_Survey_10_90,Survey_10_90,2020,2,-15.933000375761978,4.76,9.6
ACADIAN REDFISH,ACADIAN REDFISH_Survey_10_90,Survey_10_90,2022,2,-11.762448252465646,4.76,9.6
ACADIAN REDFISH,ACADIAN REDFISH_Survey_10_90,Survey_10_90,2023,2,-30.485807949327395,4.76,9.6
ACADIAN REDFISH,ACADIAN REDFISH_Survey_10_90,Survey_10_90,2024,2,19.655298518555824,4.76,9.6
AMERICAN PLAICE,AMERICAN PLAICE_Survey_0_100,Survey_0_100,1959,2,0,1,21.900000000000002
AMERICAN PLAICE,AMERICAN PLAICE_Survey_0_100,Survey_0_100,1960,2,0,1,21.900000000000002
AMERICAN PLAICE,AMERICAN PLAICE_Survey_0_100,Survey_0_100,1961,2,0,1,21.900000000000002
AMERICAN PLAICE,AMERICAN PLAICE_Survey_0_100,Survey_0_100,1962,2,0,1,21.900000000000002
AMERICAN PLAICE,AMERICAN PLAICE_Survey_0_100,Survey_0_100,1963,2,0,1,21.900000000000002
AMERICAN PLAICE,AMERICAN PLAICE_Survey_0_100,Survey_0_100,1964,2,0,1,21.900000000000002
AMERICAN PLAICE,AMERICAN PLAICE_Survey_0_100,Survey_0_100,1965,2,0,1,21.900000000000002
AMERICAN PLAICE,AMERICAN PLAICE_Survey_0_100,Survey_0_100,1966,2,0,1,21.900000000000002
AMERICAN PLAICE,AMERICAN PLAICE_Survey_0_100,Survey_0_100,1967,2,0,1,21.900000000000002
AMERICAN PLAICE,AMERICAN PLAICE_Survey_0_100,Survey_0_100,1968,2,0,1,21.900000000000002
AMERICAN PLAICE,AMERICAN PLAICE_Survey_0_100,Survey_0_100,1969,2,0,1,21.900000000000002
AMERICAN PLAICE,AMERICAN PLAICE_Survey_0_100,Survey_0_100,1970,2,0,1,21.900000000000002
AMERICAN PLAICE,AMERICAN PLAICE_Survey_0_100,Survey_0_100,1971,2,0,1,21.900000000000002
AMERICAN PLAICE,AMERICAN PLAICE_Survey_0_100,Survey_0_100,1972,2,0,1,21.900000000000002
AMERICAN PLAICE,AMERICAN PLAICE_Survey_0_100,Survey_0_100,1973,2,0,1,21.900000000000002
AMERICAN PLAICE,AMERICAN PLAICE_Survey_0_100,Survey_0_100,1974,2,0,1,21.900000000000002
AMERICAN PLAICE,AMERICAN PLAICE_Survey_0_100,Survey_0_100,1975,2,0,1,21.900000000000002
AMERICAN PLAICE,AMERICAN PLAICE_Survey_0_100,Survey_0_100,1976,2,0,1,21.900000000000002
AMERICAN PLAICE,AMERICAN PLAICE_Survey_0_100,Survey_0_100,1977,2,0,1,21.900000000000002
AMERICAN PLAICE,AMERICAN PLAICE_Survey_0_100,Survey_0_100,1978,2,0,1,21.900000000000002
AMERICAN PLAICE,AMERICAN PLAICE_Survey_0_100,Survey_0_100,1979,2,0,1,21.900000000000002
AMERICAN PLAICE,AMERICAN PLAICE_Survey_0_100,Survey_0_100,1980,2,0,1,21.900000000000002
AMERICAN PLAICE,AMERICAN PLAICE_Survey_0_100,Survey_0_100,1981,2,0,1,21.900000000000002
AMERICAN PLAICE,AMERICAN PLAICE_Survey_0_100,Survey_0_100,1982,2,0,1,21.900000000000002
AMERICAN PLAICE,AMERICAN PLAICE_Survey_0_100,Survey_0_100,1983,2,0,1,21.900000000000002
AMERICAN PLAICE,AMERICAN PLAICE_Survey_0_100,Survey_0_100,1984,2,0,1,21.900000000000002
AMERICAN PLAICE,AMERICAN PLAICE_Survey_0_100,Survey_0_100,1985,2,0,1,21.900000000000002
AMERICAN PLAICE,AMERICAN PLAICE_Survey_0_100,Survey_0_100,1986,2,0,1,21.900000000000002
AMERICAN PLAICE,AMERICAN PLAICE_Survey_0_100,Survey_0_100,1987,2,0,1,21.900000000000002
AMERICAN PLAICE,AMERICAN PLAICE_Survey_0_100,Survey_0_100,1988,2,0,1,21.900000000000002
AMERICAN PLAICE,AMERICAN PLAICE_Survey_0_100,Survey_0_100,1989,2,0,1,21.900000000000002
AMERICAN PLAICE,AMERICAN PLAICE_Survey_0_100,Survey_0_100,1990,2,0,1,21.900000000000002
AMERICAN PLAICE,AMERICAN PLAICE_Survey_0_100,Survey_0_100,1991,2,0,1,21.900000000000002
AMERICAN PLAICE,AMERICAN PLAICE_Survey_0_100,Survey_0_100,1992,2,0,1,21.900000000000002
AMERICAN PLAICE,AMERICAN PLAICE_Survey_0_100,Survey_0_100,1993,2,0,1,21.900000000000002
AMERICAN PLAICE,AMERICAN PLAICE_Survey_0_100,Survey_0_100,1994,2,0,1,21.900000000000002
AMERICAN PLAICE,AMERICAN PLAICE_Survey_0_100,Survey_0_100,1995,2,0,1,21.900000000000002
AMERICAN PLAICE,AMERICAN PLAICE_Survey_0_100,Survey_0_100,1996,2,0,1,21.900000000000002
AMERICAN PLAICE,AMERICAN PLAICE_Survey_0_100,Survey_0_100,1997,2,0,1,21.900000000000002
AMERICAN PLAICE,AMERICAN PLAICE_Survey_0_100,Survey_0_100,1998,2,0,1,21.900000000000002
AMERICAN PLAICE,AMERICAN PLAICE_Survey_0_100,Survey_0_100,1999,2,0,1,21.900000000000002
AMERICAN PLAICE,AMERICAN PLAICE_Survey_0_100,Survey_0_100,2000,2,0,1,21.900000000000002
AMERICAN PLAICE,AMERICAN PLAICE_Survey_0_100,Survey_0_100,2001,2,0,1,21.900000000000002
AMERICAN PLAICE,AMERICAN PLAICE_Survey_0_100,Survey_0_100,2002,2,0,1,21.900000000000002
AMERICAN PLAICE,AMERICAN PLAICE_Survey_0_100,Survey_0_100,2003,2,0,1,21.900000000000002
AMERICAN PLAICE,AMERICAN PLAICE_Survey_0_100,Survey_0_100,2004,2,0,1,21.900000000000002
AMERICAN PLAICE,AMERICAN PLAICE_Survey_0_100,Survey_0_100,2005,2,0,1,21.900000000000002
AMERICAN PLAICE,AMERICAN PLAICE_Survey_0_100,Survey_0_100,2006,2,0,1,21.900000000000002
AMERICAN PLAICE,AMERICAN PLAICE_Survey_0_100,Survey_0_100,2007,2,0,1,21.900000000000002
AMERICAN PLAICE,AMERICAN PLAICE_Survey_0_100,Survey_0_100,2008,2,0,1,21.900000000000002
AMERICAN PLAICE,AMERICAN PLAICE_Survey_0_100,Survey_0_100,2009,2,0,1,21.900000000000002
AMERICAN PLAICE,AMERICAN PLAICE_Survey_0_100,Survey_0_100,2010,2,0,1,21.900000000000002
AMERICAN PLAICE,AMERICAN PLAICE_Survey_0_100,Survey_0_100,2011,2,0,1,21.900000000000002
AMERICAN PLAICE,AMERICAN PLAICE_Survey_0_100,Survey_0_100,2012,2,0,1,21.900000000000002
AMERICAN PLAICE,AMERICAN PLAICE_Survey_0_100,Survey_0_100,2013,2,0,1,21.900000000000002
AMERICAN PLAICE,AMERICAN PLAICE_Survey_0_100,Survey_0_100,2014,2,0,1,21.900000000000002
AMERICAN PLAICE,AMERICAN PLAICE_Survey_0_100,Survey_0_100,2015,2,0,1,21.900000000000002
AMERICAN PLAICE,AMERICAN PLAICE_Survey_0_100,Survey_0_100,2016,2,-0.019177903341130786,1,21.900000000000002
AMERICAN PLAICE,AMERICAN PLAICE_Survey_0_100,Survey_0_100,2017,2,0,1,21.900000000000002
AMERICAN PLAICE,AMERICAN PLAICE_Survey_0_100,Survey_0_100,2018,2,0,1,21.900000000000002
AMERICAN PLAICE,AMERICAN PLAICE_Survey_0_100,Survey_0_100,2019,2,0,1,21.900000000000002
AMERICAN PLAICE,AMERICAN PLAICE_Survey_0_100,Survey_0_100,2020,2,0,1,21.900000000000002
AMERICAN PLAICE,AMERICAN PLAICE_Survey_0_100,Survey_0_100,2022,2,-3.234626959169873e-6,1,21.900000000000002
AMERICAN PLAICE,AMERICAN PLAICE_Survey_0_100,Survey_0_100,2023,2,0,1,21.900000000000002
AMERICAN PLAICE,AMERICAN PLAICE_Survey_0_100,Survey_0_100,2024,2,-0.003439719159032961,1,21.900000000000002
AMERICAN PLAICE,AMERICAN PLAICE_Survey_10_90,Survey_10_90,1959,2,0,4.28,9.511000000000005
AMERICAN PLAICE,AMERICAN PLAICE_Survey_10_90,Survey_10_90,1960,2,0.13065613800226572,4.28,9.511000000000005
AMERICAN PLAICE,AMERICAN PLAICE_Survey_10_90,Survey_10_90,1961,2,-1.1772062966420833,4.28,9.511000000000005
AMERICAN PLAICE,AMERICAN PLAICE_Survey_10_90,Survey_10_90,1962,2,-8.601243824759493,4.28,9.511000000000005
AMERICAN PLAICE,AMERICAN PLAICE_Survey_10_90,Survey_10_90,1963,2,3.1383437521143236,4.28,9.511000000000005
AMERICAN PLAICE,AMERICAN PLAICE_Survey_10_90,Survey_10_90,1964,2,5.608828453717493,4.28,9.511000000000005
AMERICAN PLAICE,AMERICAN PLAICE_Survey_10_90,Survey_10_90,1965,2,-3.2239163534848103,4.28,9.511000000000005
AMERICAN PLAICE,AMERICAN PLAICE_Survey_10_90,Survey_10_90,1966,2,5.705241118608356,4.28,9.511000000000005
AMERICAN PLAICE,AMERICAN PLAICE_Survey_10_90,Survey_10_90,1967,2,-5.593424580760399,4.28,9.511000000000005
AMERICAN PLAICE,AMERICAN PLAICE_Survey_10_90,Survey_10_90,1968,2,-5.9140263505128985,4.28,9.511000000000005
AMERICAN PLAICE,AMERICAN PLAICE_Survey_10_90,Survey_10_90,1969,2,-16.63512310935719,4.28,9.511000000000005
AMERICAN PLAICE,AMERICAN PLAICE_Survey_10_90,Survey_10_90,1970,2,0.7326468035509066,4.28,9.511000000000005
AMERICAN PLAICE,AMERICAN PLAICE_Survey_10_90,Survey_10_90,1971,2,-3.1425864442912825,4.28,9.511000000000005
AMERICAN PLAICE,AMERICAN PLAICE_Survey_10_90,Survey_10_90,1972,2,-0.6651579847230522,4.28,9.511000000000005
AMERICAN PLAICE,AMERICAN PLAICE_Survey_10_90,Survey_10_90,1973,2,-4.105865995384065,4.28,9.511000000000005
AMERICAN PLAICE,AMERICAN PLAICE_Survey_10_90,Survey_10_90,1974,2,-11.851026817967991,4.28,9.511000000000005
AMERICAN PLAICE,AMERICAN PLAICE_Survey_10_90,Survey_10_90,1975,2,-8.290240240874617,4.28,9.511000000000005
AMERICAN PLAICE,AMERICAN PLAICE_Survey_10_90,Survey_10_90,1976,2,-12.34223978155488,4.28,9.511000000000005
AMERICAN PLAICE,AMERICAN PLAICE_Survey_10_90,Survey_10_90,1977,2,-10.112060840022082,4.28,9.511000000000005
AMERICAN PLAICE,AMERICAN PLAICE_Survey_10_90,Survey_10_90,1978,2,-8.3309588308571,4.28,9.511000000000005
AMERICAN PLAICE,AMERICAN PLAICE_Survey_10_90,Survey_10_90,1979,2,-6.90418259041941,4.28,9.511000000000005
AMERICAN PLAICE,AMERICAN PLAICE_Survey_10_90,Survey_10_90,1980,2,-14.211487304315995,4.28,9.511000000000005
AMERICAN PLAICE,AMERICAN PLAICE_Survey_10_90,Survey_10_90,1981,2,-6.934986223475299,4.28,9.511000000000005
AMERICAN PLAICE,AMERICAN PLAICE_Survey_10_90,Survey_10_90,1982,2,-6.12643378425652,4.28,9.511000000000005
AMERICAN PLAICE,AMERICAN PLAICE_Survey_10_90,Survey_10_90,1983,2,-1.9717558259090424,4.28,9.511000000000005
AMERICAN PLAICE,AMERICAN PLAICE_Survey_10_90,Survey_10_90,1984,2,1.247090485059502,4.28,9.511000000000005
AMERICAN PLAICE,AMERICAN PLAICE_Survey_10_90,Survey_10_90,1985,2,-11.345256919477272,4.28,9.511000000000005
AMERICAN PLAICE,AMERICAN PLAICE_Survey_10_90,Survey_10_90,1986,2,-6.201635814397385,4.28,9.511000000000005
AMERICAN PLAICE,AMERICAN PLAICE_Survey_10_90,Survey_10_90,1987,2,-9.325433278993046,4.28,9.511000000000005
AMERICAN PLAICE,AMERICAN PLAICE_Survey_10_90,Survey_10_90,1988,2,1.8141304275300598,4.28,9.511000000000005
AMERICAN PLAICE,AMERICAN PLAICE_Survey_10_90,Survey_10_90,1989,2,-12.49128425506018,4.28,9.511000000000005
AMERICAN PLAICE,AMERICAN PLAICE_Survey_10_90,Survey_10_90,1990,2,-4.615543406435677,4.28,9.511000000000005
AMERICAN PLAICE,AMERICAN PLAICE_Survey_10_90,Survey_10_90,1991,2,-10.435248696228257,4.28,9.511000000000005
AMERICAN PLAICE,AMERICAN PLAICE_Survey_10_90,Survey_10_90,1992,2,-6.041958509255053,4.28,9.511000000000005
AMERICAN PLAICE,AMERICAN PLAICE_Survey_10_90,Survey_10_90,1993,2,-18.28255170613447,4.28,9.511000000000005
AMERICAN PLAICE,AMERICAN PLAICE_Survey_10_90,Survey_10_90,1994,2,-7.331348597183386,4.28,9.511000000000005
AMERICAN PLAICE,AMERICAN PLAICE_Survey_10_90,Survey_10_90,1995,2,-0.3432405048881648,4.28,9.511000000000005
AMERICAN PLAICE,AMERICAN PLAICE_Survey_10_90,Survey_10_90,1996,2,24.695162156275643,4.28,9.511000000000005
AMERICAN PLAICE,AMERICAN PLAICE_Survey_10_90,Survey_10_90,1997,2,6.491695081411265,4.28,9.511000000000005
AMERICAN PLAICE,AMERICAN PLAICE_Survey_10_90,Survey_10_90,1998,2,17.63879787350065,4.28,9.511000000000005
AMERICAN PLAICE,AMERICAN PLAICE_Survey_10_90,Survey_10_90,1999,2,-11.243408323940237,4.28,9.511000000000005
AMERICAN PLAICE,AMERICAN PLAICE_Survey_10_90,Survey_10_90,2000,2,3.8415808699258065,4.28,9.511000000000005
AMERICAN PLAICE,AMERICAN PLAICE_Survey_10_90,Survey_10_90,2001,2,4.3487848474963755,4.28,9.511000000000005
AMERICAN PLAICE,AMERICAN PLAICE_Survey_10_90,Survey_10_90,2002,2,2.885113484327043,4.28,9.511000000000005
AMERICAN PLAICE,AMERICAN PLAICE_Survey_10_90,Survey_10_90,2003,2,-8.345380854002428,4.28,9.511000000000005
AMERICAN PLAICE,AMERICAN PLAICE_Survey_10_90,Survey_10_90,2004,2,-5.1058743906958455,4.28,9.511000000000005
AMERICAN PLAICE,AMERICAN PLAICE_Survey_10_90,Survey_10_90,2005,2,-6.113708316922441,4.28,9.511000000000005
AMERICAN PLAICE,AMERICAN PLAICE_Survey_10_90,Survey_10_90,2006,2,4.336769613108942,4.28,9.511000000000005
AMERICAN PLAICE,AMERICAN PLAICE_Survey_10_90,Survey_10_90,2007,2,15.945959349942669,4.28,9.511000000000005
AMERICAN PLAICE,AMERICAN PLAICE_Survey_10_90,Survey_10_90,2008,2,10.544232478937246,4.28,9.511000000000005
AMERICAN PLAICE,AMERICAN PLAICE_Survey_10_90,Survey_10_90,2009,2,-11.885698374539047,4.28,9.511000000000005
AMERICAN PLAICE,AMERICAN PLAICE_Survey_10_90,Survey_10_90,2010,2,-0.3510035953846895,4.28,9.511000000000005
AMERICAN PLAICE,AMERICAN PLAICE_Survey_10_90,Survey_10_90,2011,2,5.794648626528925,4.28,9.511000000000005
AMERICAN PLAICE,AMERICAN PLAICE_Survey_10_90,Survey_10_90,2012,2,-15.000976375504848,4.28,9.511000000000005
AMERICAN PLAICE,AMERICAN PLAICE_Survey_10_90,Survey_10_90,2013,2,-21.03730658557472,4.28,9.511000000000005
AMERICAN PLAICE,AMERICAN PLAICE_Survey_10_90,Survey_10_90,2014,2,-25.93316952619584,4.28,9.511000000000005
AMERICAN PLAICE,AMERICAN PLAICE_Survey_10_90,Survey_10_90,2015,2,-29.390709595318256,4.28,9.511000000000005
AMERICAN PLAICE,AMERICAN PLAICE_Survey_10_90,Survey_10_90,2016,2,-29.979762830140572,4.28,9.511000000000005
AMERICAN PLAICE,AMERICAN PLAICE_Survey_10_90,Survey_10_90,2017,2,-9.955546434004454,4.28,9.511000000000005
AMERICAN PLAICE,AMERICAN PLAICE_Survey_10_90,Survey_10_90,2018,2,-24.219738656704443,4.28,9.511000000000005
AMERICAN PLAICE,AMERICAN PLAICE_Survey_10_90,Survey_10_90,2019,2,-42.84195840297177,4.28,9.511000000000005
AMERICAN PLAICE,AMERICAN PLAICE_Survey_10_90,Survey_10_90,2020,2,-26.486611260757186,4.28,9.511000000000005
AMERICAN PLAICE,AMERICAN PLAICE_Survey_10_90,Survey_10_90,2022,2,-25.008761468492914,4.28,9.511000000000005
AMERICAN PLAICE,AMERICAN PLAICE_Survey_10_90,Survey_10_90,2023,2,-26.912013330368502,4.28,9.511000000000005
AMERICAN PLAICE,AMERICAN PLAICE_Survey_10_90,Survey_10_90,2024,2,18.748298160237198,4.28,9.511000000000005
ATLANTIC COD,ATLANTIC COD_Lit_Opt_1,Lit_Opt_1,1959,2,0,4,13.3
ATLANTIC COD,ATLANTIC COD_Lit_Opt_1,Lit_Opt_1,1960,2,0.1435723692441826,4,13.3
ATLANTIC COD,ATLANTIC COD_Lit_Opt_1,Lit_Opt_1,1961,2,-3.601912191365173,4,13.3
ATLANTIC COD,ATLANTIC COD_Lit_Opt_1,Lit_Opt_1,1962,2,-1.836558113139958,4,13.3
ATLANTIC COD,ATLANTIC COD_Lit_Opt_1,Lit_Opt_1,1963,2,-0.19034894200558483,4,13.3
ATLANTIC COD,ATLANTIC COD_Lit_Opt_1,Lit_Opt_1,1964,2,2.1641299514623142,4,13.3
ATLANTIC COD,ATLANTIC COD_Lit_Opt_1,Lit_Opt_1,1965,2,-6.829447797695224,4,13.3
ATLANTIC COD,ATLANTIC COD_Lit_Opt_1,Lit_Opt_1,1966,2,1.7789798651422615,4,13.3
ATLANTIC COD,ATLANTIC COD_Lit_Opt_1,Lit_Opt_1,1967,2,-3.9356817748486606,4,13.3
ATLANTIC COD,ATLANTIC COD_Lit_Opt_1,Lit_Opt_1,1968,2,-8.397243389678039,4,13.3
ATLANTIC COD,ATLANTIC COD_Lit_Opt_1,Lit_Opt_1,1969,2,-10.271488471387357,4,13.3
ATLANTIC COD,ATLANTIC COD_Lit_Opt_1,Lit_Opt_1,1970,2,5.9071047868838065,4,13.3
ATLANTIC COD,ATLANTIC COD_Lit_Opt_1,Lit_Opt_1,1971,2,-4.13662777309851,4,13.3
ATLANTIC COD,ATLANTIC COD_Lit_Opt_1,Lit_Opt_1,1972,2,3.9795458455245125,4,13.3
ATLANTIC COD,ATLANTIC COD_Lit_Opt_1,Lit_Opt_1,1973,2,-0.6962064246310149,4,13.3
ATLANTIC COD,ATLANTIC COD_Lit_Opt_1,Lit_Opt_1,1974,2,6.482227571778196,4,13.3
ATLANTIC COD,ATLANTIC COD_Lit_Opt_1,Lit_Opt_1,1975,2,1.0434219370920488,4,13.3
ATLANTIC COD,ATLANTIC COD_Lit_Opt_1,Lit_Opt_1,1976,2,12.044061847533143,4,13.3
ATLANTIC COD,ATLANTIC COD_Lit_Opt_1,Lit_Opt_1,1977,2,-6.525180840073659,4,13.3
ATLANTIC COD,ATLANTIC COD_Lit_Opt_1,Lit_Opt_1,1978,2,-0.49004741729103785,4,13.3
ATLANTIC COD,ATLANTIC COD_Lit_Opt_1,Lit_Opt_1,1979,2,-2.2067488264429187,4,13.3
ATLANTIC COD,ATLANTIC COD_Lit_Opt_1,Lit_Opt_1,1980,2,-0.7524581957322454,4,13.3
ATLANTIC COD,ATLANTIC COD_Lit_Opt_1,Lit_Opt_1,1981,2,1.7299724436809356,4,13.3
ATLANTIC COD,ATLANTIC COD_Lit_Opt_1,Lit_Opt_1,1982,2,-6.277014211948199,4,13.3
ATLANTIC COD,ATLANTIC COD_Lit_Opt_1,Lit_Opt_1,1983,2,2.8878882181170127,4,13.3
ATLANTIC COD,ATLANTIC COD_Lit_Opt_1,Lit_Opt_1,1984,2,3.1312137890436986,4,13.3
ATLANTIC COD,ATLANTIC COD_Lit_Opt_1,Lit_Opt_1,1985,2,-1.4727064115009796,4,13.3
ATLANTIC COD,ATLANTIC COD_Lit_Opt_1,Lit_Opt_1,1986,2,0.7047759565601552,4,13.3
ATLANTIC COD,ATLANTIC COD_Lit_Opt_1,Lit_Opt_1,1987,2,-3.2828080979181777,4,13.3
ATLANTIC COD,ATLANTIC COD_Lit_Opt_1,Lit_Opt_1,1988,2,6.256519592573213,4,13.3
ATLANTIC COD,ATLANTIC COD_Lit_Opt_1,Lit_Opt_1,1989,2,-4.761827940856662,4,13.3
ATLANTIC COD,ATLANTIC COD_Lit_Opt_1,Lit_Opt_1,1990,2,4.943860164791332,4,13.3
ATLANTIC COD,ATLANTIC COD_Lit_Opt_1,Lit_Opt_1,1991,2,4.4039719520275185,4,13.3
ATLANTIC COD,ATLANTIC COD_Lit_Opt_1,Lit_Opt_1,1992,2,1.2064827641112714,4,13.3
ATLANTIC COD,ATLANTIC COD_Lit_Opt_1,Lit_Opt_1,1993,2,-2.775375650701122,4,13.3
ATLANTIC COD,ATLANTIC COD_Lit_Opt_1,Lit_Opt_1,1994,2,-0.14571419955329645,4,13.3
ATLANTIC COD,ATLANTIC COD_Lit_Opt_1,Lit_Opt_1,1995,2,2.216660898849824,4,13.3
ATLANTIC COD,ATLANTIC COD_Lit_Opt_1,Lit_Opt_1,1996,2,9.502008697395965,4,13.3
ATLANTIC COD,ATLANTIC COD_Lit_Opt_1,Lit_Opt_1,1997,2,8.245425601842982,4,13.3
ATLANTIC COD,ATLANTIC COD_Lit_Opt_1,Lit_Opt_1,1998,2,14.022009784079557,4,13.3
ATLANTIC COD,ATLANTIC COD_Lit_Opt_1,Lit_Opt_1,1999,2,-0.6866512937274791,4,13.3
ATLANTIC COD,ATLANTIC COD_Lit_Opt_1,Lit_Opt_1,2000,2,11.924503120572012,4,13.3
ATLANTIC COD,ATLANTIC COD_Lit_Opt_1,Lit_Opt_1,2001,2,1.9068336979131857,4,13.3
ATLANTIC COD,ATLANTIC COD_Lit_Opt_1,Lit_Opt_1,2002,2,6.13613542045843,4,13.3
ATLANTIC COD,ATLANTIC COD_Lit_Opt_1,Lit_Opt_1,2003,2,2.39065494183167,4,13.3
ATLANTIC COD,ATLANTIC COD_Lit_Opt_1,Lit_Opt_1,2004,2,-4.245223280413711,4,13.3
ATLANTIC COD,ATLANTIC COD_Lit_Opt_1,Lit_Opt_1,2005,2,-0.7874759832977247,4,13.3
ATLANTIC COD,ATLANTIC COD_Lit_Opt_1,Lit_Opt_1,2006,2,8.481619856159853,4,13.3
ATLANTIC COD,ATLANTIC COD_Lit_Opt_1,Lit_Opt_1,2007,2,10.017346314114647,4,13.3
ATLANTIC COD,ATLANTIC COD_Lit_Opt_1,Lit_Opt_1,2008,2,12.482703749657972,4,13.3
ATLANTIC COD,ATLANTIC COD_Lit_Opt_1,Lit_Opt_1,2009,2,-0.09204951110400827,4,13.3
ATLANTIC COD,ATLANTIC COD_Lit_Opt_1,Lit_Opt_1,2010,2,6.272044040833123,4,13.3
ATLANTIC COD,ATLANTIC COD_Lit_Opt_1,Lit_Opt_1,2011,2,7.591849198585194,4,13.3
ATLANTIC COD,ATLANTIC COD_Lit_Opt_1,Lit_Opt_1,2012,2,0.0730828361186866,4,13.3
ATLANTIC COD,ATLANTIC COD_Lit_Opt_1,Lit_Opt_1,2013,2,-1.3963315922170665,4,13.3
ATLANTIC COD,ATLANTIC COD_Lit_Opt_1,Lit_Opt_1,2014,2,-7.2643787925641305,4,13.3
ATLANTIC COD,ATLANTIC COD_Lit_Opt_1,Lit_Opt_1,2015,2,-11.309558369916047,4,13.3
ATLANTIC COD,ATLANTIC COD_Lit_Opt_1,Lit_Opt_1,2016,2,-3.113626284083921,4,13.3
ATLANTIC COD,ATLANTIC COD_Lit_Opt_1,Lit_Opt_1,2017,2,-2.016034181526692,4,13.3
ATLANTIC COD,ATLANTIC COD_Lit_Opt_1,Lit_Opt_1,2018,2,6.723191478014371,4,13.3
ATLANTIC COD,ATLANTIC COD_Lit_Opt_1,Lit_Opt_1,2019,2,0.3101987711672507,4,13.3
ATLANTIC COD,ATLANTIC COD_Lit_Opt_1,Lit_Opt_1,2020,2,5.570919685330793,4,13.3
ATLANTIC COD,ATLANTIC COD_Lit_Opt_1,Lit_Opt_1,2022,2,-1.3163762696267014,4,13.3
ATLANTIC COD,ATLANTIC COD_Lit_Opt_1,Lit_Opt_1,2023,2,8.104134587787556,4,13.3
ATLANTIC COD,ATLANTIC COD_Lit_Opt_1,Lit_Opt_1,2024,2,7.523750926278353,4,13.3
ATLANTIC COD,ATLANTIC COD_Survey_0_100,Survey_0_100,1959,2,0,0,20
ATLANTIC COD,ATLANTIC COD_Survey_0_100,Survey_0_100,1960,2,-3.2313695896846184e-7,0,20
ATLANTIC COD,ATLANTIC COD_Survey_0_100,Survey_0_100,1961,2,1.0771232439310552e-7,0,20
ATLANTIC COD,ATLANTIC COD_Survey_0_100,Survey_0_100,1962,2,-4.2357975189588615e-5,0,20
ATLANTIC COD,ATLANTIC COD_Survey_0_100,Survey_0_100,1963,2,-4.308492975724221e-7,0,20
ATLANTIC COD,ATLANTIC COD_Survey_0_100,Survey_0_100,1964,2,1.0771232439310552e-7,0,20
ATLANTIC COD,ATLANTIC COD_Survey_0_100,Survey_0_100,1965,2,1.0771232439310552e-7,0,20
ATLANTIC COD,ATLANTIC COD_Survey_0_100,Survey_0_100,1966,2,1.0771232439310552e-7,0,20
ATLANTIC COD,ATLANTIC COD_Survey_0_100,Survey_0_100,1967,2,1.0771232439310552e-7,0,20
ATLANTIC COD,ATLANTIC COD_Survey_0_100,Survey_0_100,1968,2,0,0,20
ATLANTIC COD,ATLANTIC COD_Survey_0_100,Survey_0_100,1969,2,-1.0771232439310552e-7,0,20
ATLANTIC COD,ATLANTIC COD_Survey_0_100,Survey_0_100,1970,2,1.0771232439310552e-7,0,20
ATLANTIC COD,ATLANTIC COD_Survey_0_100,Survey_0_100,1971,2,-1.6156848374748733e-6,0,20
ATLANTIC COD,ATLANTIC COD_Survey_0_100,Survey_0_100,1972,2,-2.1542464878621104e-7,0,20
ATLANTIC COD,ATLANTIC COD_Survey_0_100,Survey_0_100,1973,2,0,0,20
ATLANTIC COD,ATLANTIC COD_Survey_0_100,Survey_0_100,1974,2,-1.1848355399024513e-6,0,20
ATLANTIC COD,ATLANTIC COD_Survey_0_100,Survey_0_100,1975,2,-9.69410905327095e-7,0,20
ATLANTIC COD,ATLANTIC COD_Survey_0_100,Survey_0_100,1976,2,1.0771232439310552e-7,0,20
ATLANTIC COD,ATLANTIC COD_Survey_0_100,Survey_0_100,1977,2,-4.308492975724221e-7,0,20
ATLANTIC COD,ATLANTIC COD_Survey_0_100,Survey_0_100,1978,2,1.0771232439310552e-7,0,20
ATLANTIC COD,ATLANTIC COD_Survey_0_100,Survey_0_100,1979,2,1.0771232439310552e-7,0,20
ATLANTIC COD,ATLANTIC COD_Survey_0_100,Survey_0_100,1980,2,-4.308492975724221e-7,0,20
ATLANTIC COD,ATLANTIC COD_Survey_0_100,Survey_0_100,1981,2,-2.4773834184088628e-6,0,20
ATLANTIC COD,ATLANTIC COD_Survey_0_100,Survey_0_100,1982,2,1.0771232439310552e-7,0,20
ATLANTIC COD,ATLANTIC COD_Survey_0_100,Survey_0_100,1983,2,-1.93882181065419e-6,0,20
ATLANTIC COD,ATLANTIC COD_Survey_0_100,Survey_0_100,1984,2,1.0771232439310552e-7,0,20
ATLANTIC COD,ATLANTIC COD_Survey_0_100,Survey_0_100,1985,2,-3.0159450261635357e-6,0,20
ATLANTIC COD,ATLANTIC COD_Survey_0_100,Survey_0_100,1986,2,0,0,20
ATLANTIC COD,ATLANTIC COD_Survey_0_100,Survey_0_100,1987,2,-1.2927967105724747e-6,0,20
ATLANTIC COD,ATLANTIC COD_Survey_0_100,Survey_0_100,1988,2,1.0771232439310552e-7,0,20
ATLANTIC COD,ATLANTIC COD_Survey_0_100,Survey_0_100,1989,2,-4.6949809828333855e-4,0,20
ATLANTIC COD,ATLANTIC COD_Survey_0_100,Survey_0_100,1990,2,-9.83022280237833e-4,0,20
ATLANTIC COD,ATLANTIC COD_Survey_0_100,Survey_0_100,1991,2,-5.075518231762999e-4,0,20
ATLANTIC COD,ATLANTIC COD_Survey_0_100,Survey_0_100,1992,2,1.0771232439310552e-7,0,20
ATLANTIC COD,ATLANTIC COD_Survey_0_100,Survey_0_100,1993,2,-0.010857093070200108,0,20
ATLANTIC COD,ATLANTIC COD_Survey_0_100,Survey_0_100,1994,2,-3.595514785672549e-4,0,20
ATLANTIC COD,ATLANTIC COD_Survey_0_100,Survey_0_100,1995,2,-0.01463278510203736,0,20
ATLANTIC COD,ATLANTIC COD_Survey_0_100,Survey_0_100,1996,2,-9.89937831690213e-5,0,20
ATLANTIC COD,ATLANTIC COD_Survey_0_100,Survey_0_100,1997,2,-0.04108595945268689,0,20
ATLANTIC COD,ATLANTIC COD_Survey_0_100,Survey_0_100,1998,2,-3.9285147532552855e-4,0,20
ATLANTIC COD,ATLANTIC COD_Survey_0_100,Survey_0_100,1999,2,-0.026531125718690873,0,20
ATLANTIC COD,ATLANTIC COD_Survey_0_100,Survey_0_100,2000,2,-0.0024235694797312135,0,20
ATLANTIC COD,ATLANTIC COD_Survey_0_100,Survey_0_100,2001,2,-0.007507098239159404,0,20
ATLANTIC COD,ATLANTIC COD_Survey_0_100,Survey_0_100,2002,2,-0.016333541427826503,0,20
ATLANTIC COD,ATLANTIC COD_Survey_0_100,Survey_0_100,2003,2,-9.186120315263224e-4,0,20
ATLANTIC COD,ATLANTIC COD_Survey_0_100,Survey_0_100,2004,2,-9.867064621005284e-5,0,20
ATLANTIC COD,ATLANTIC COD_Survey_0_100,Survey_0_100,2005,2,-0.004125139019038215,0,20
ATLANTIC COD,ATLANTIC COD_Survey_0_100,Survey_0_100,2006,2,-6.767810392034335e-4,0,20
ATLANTIC COD,ATLANTIC COD_Survey_0_100,Survey_0_100,2007,2,-0.001706155180769997,0,20
ATLANTIC COD,ATLANTIC COD_Survey_0_100,Survey_0_100,2008,2,-0.015288917695556847,0,20
ATLANTIC COD,ATLANTIC COD_Survey_0_100,Survey_0_100,2009,2,-0.015251001029497502,0,20
ATLANTIC COD,ATLANTIC COD_Survey_0_100,Survey_0_100,2010,2,-0.006623943061654813,0,20
ATLANTIC COD,ATLANTIC COD_Survey_0_100,Survey_0_100,2011,2,-0.00184320903065327,0,20
ATLANTIC COD,ATLANTIC COD_Survey_0_100,Survey_0_100,2012,2,-0.10163292674006641,0,20
ATLANTIC COD,ATLANTIC COD_Survey_0_100,Survey_0_100,2013,2,-0.02083276903347553,0,20
ATLANTIC COD,ATLANTIC COD_Survey_0_100,Survey_0_100,2014,2,-0.032613377956849376,0,20
ATLANTIC COD,ATLANTIC COD_Survey_0_100,Survey_0_100,2015,2,-0.09764127566808156,0,20
ATLANTIC COD,ATLANTIC COD_Survey_0_100,Survey_0_100,2016,2,-0.21897162965146322,0,20
ATLANTIC COD,ATLANTIC COD_Survey_0_100,Survey_0_100,2017,2,-0.007526240884004665,0,20
ATLANTIC COD,ATLANTIC COD_Survey_0_100,Survey_0_100,2018,2,-0.035413855085323576,0,20
ATLANTIC COD,ATLANTIC COD_Survey_0_100,Survey_0_100,2019,2,-0.003006807395010469,0,20
ATLANTIC COD,ATLANTIC COD_Survey_0_100,Survey_0_100,2020,2,-0.059890350381451185,0,20
ATLANTIC COD,ATLANTIC COD_Survey_0_100,Survey_0_100,2022,2,-0.14319599692110785,0,20
ATLANTIC COD,ATLANTIC COD_Survey_0_100,Survey_0_100,2023,2,-0.01222490181436342,0,20
ATLANTIC COD,ATLANTIC COD_Survey_0_100,Survey_0_100,2024,2,-0.030010567423744305,0,20
ATLANTIC COD,ATLANTIC COD_Survey_10_90,Survey_10_90,1959,2,0,4.1,10.5
ATLANTIC COD,ATLANTIC COD_Survey_10_90,Survey_10_90,1960,2,0.49282520915005534,4.1,10.5
ATLANTIC COD,ATLANTIC COD_Survey_10_90,Survey_10_90,1961,2,1.788368489614939,4.1,10.5
ATLANTIC COD,ATLANTIC COD_Survey_10_90,Survey_10_90,1962,2,-2.404570854340591,4.1,10.5
ATLANTIC COD,ATLANTIC COD_Survey_10_90,Survey_10_90,1963,2,3.14505712196933,4.1,10.5
ATLANTIC COD,ATLANTIC COD_Survey_10_90,Survey_10_90,1964,2,4.84751979115282,4.1,10.5
ATLANTIC COD,ATLANTIC COD_Survey_10_90,Survey_10_90,1965,2,-1.4963882660970285,4.1,10.5
ATLANTIC COD,ATLANTIC COD_Survey_10_90,Survey_10_90,1966,2,5.088003119170793,4.1,10.5
ATLANTIC COD,ATLANTIC COD_Survey_10_90,Survey_10_90,1967,2,-1.7896460134311383,4.1,10.5
ATLANTIC COD,ATLANTIC COD_Survey_10_90,Survey_10_90,1968,2,-6.341073252978859,4.1,10.5
ATLANTIC COD,ATLANTIC COD_Survey_10_90,Survey_10_90,1969,2,-12.6213515322235,4.1,10.5
ATLANTIC COD,ATLANTIC COD_Survey_10_90,Survey_10_90,1970,2,5.406400821516385,4.1,10.5
ATLANTIC COD,ATLANTIC COD_Survey_10_90,Survey_10_90,1971,2,-2.0767173976550737,4.1,10.5
ATLANTIC COD,ATLANTIC COD_Survey_10_90,Survey_10_90,1972,2,2.735878526083269,4.1,10.5
ATLANTIC COD,ATLANTIC COD_Survey_10_90,Survey_10_90,1973,2,0.9444736171899848,4.1,10.5
ATLANTIC COD,ATLANTIC COD_Survey_10_90,Survey_10_90,1974,2,-6.355583184809056,4.1,10.5
ATLANTIC COD,ATLANTIC COD_Survey_10_90,Survey_10_90,1975,2,1.6802652193065057,4.1,10.5
ATLANTIC COD,ATLANTIC COD_Survey_10_90,Survey_10_90,1976,2,1.0015962104480138,4.1,10.5
ATLANTIC COD,ATLANTIC COD_Survey_10_90,Survey_10_90,1977,2,-8.157694265310752,4.1,10.5
ATLANTIC COD,ATLANTIC COD_Survey_10_90,Survey_10_90,1978,2,-6.035837505183935,4.1,10.5
ATLANTIC COD,ATLANTIC COD_Survey_10_90,Survey_10_90,1979,2,-3.100895228085875,4.1,10.5
ATLANTIC COD,ATLANTIC COD_Survey_10_90,Survey_10_90,1980,2,-3.4623130137612037,4.1,10.5
ATLANTIC COD,ATLANTIC COD_Survey_10_90,Survey_10_90,1981,2,-1.8559071421751412,4.1,10.5
ATLANTIC COD,ATLANTIC COD_Survey_10_90,Survey_10_90,1982,2,-6.104639208917391,4.1,10.5
ATLANTIC COD,ATLANTIC COD_Survey_10_90,Survey_10_90,1983,2,1.6146798505265707,4.1,10.5
ATLANTIC COD,ATLANTIC COD_Survey_10_90,Survey_10_90,1984,2,5.260256499096457,4.1,10.5
ATLANTIC COD,ATLANTIC COD_Survey_10_90,Survey_10_90,1985,2,-3.9934022458835656,4.1,10.5
ATLANTIC COD,ATLANTIC COD_Survey_10_90,Survey_10_90,1986,2,-3.2188064886080667,4.1,10.5
ATLANTIC COD,ATLANTIC COD_Survey_10_90,Survey_10_90,1987,2,-5.808659769052923,4.1,10.5
ATLANTIC COD,ATLANTIC COD_Survey_10_90,Survey_10_90,1988,2,3.968676313560465,4.1,10.5
ATLANTIC COD,ATLANTIC COD_Survey_10_90,Survey_10_90,1989,2,-8.050201140180064,4.1,10.5
ATLANTIC COD,ATLANTIC COD_Survey_10_90,Survey_10_90,1990,2,1.0019491224437047,4.1,10.5
ATLANTIC COD,ATLANTIC COD_Survey_10_90,Survey_10_90,1991,2,-5.188662278622523,4.1,10.5
ATLANTIC COD,ATLANTIC COD_Survey_10_90,Survey_10_90,1992,2,-2.8795921925155312,4.1,10.5
ATLANTIC COD,ATLANTIC COD_Survey_10_90,Survey_10_90,1993,2,-7.627592505348048,4.1,10.5
ATLANTIC COD,ATLANTIC COD_Survey_10_90,Survey_10_90,1994,2,-5.626742639313264,4.1,10.5
ATLANTIC COD,ATLANTIC COD_Survey_10_90,Survey_10_90,1995,2,2.2006031536016337,4.1,10.5
ATLANTIC COD,ATLANTIC COD_Survey_10_90,Survey_10_90,1996,2,16.50220856620753,4.1,10.5
ATLANTIC COD,ATLANTIC COD_Survey_10_90,Survey_10_90,1997,2,7.2204881906168055,4.1,10.5
ATLANTIC COD,ATLANTIC COD_Survey_10_90,Survey_10_90,1998,2,20.223989570075076,4.1,10.5
ATLANTIC COD,ATLANTIC COD_Survey_10_90,Survey_10_90,1999,2,-4.8328416658425155,4.1,10.5
ATLANTIC COD,ATLANTIC COD_Survey_10_90,Survey_10_90,2000,2,3.1133218705765557,4.1,10.5
ATLANTIC COD,ATLANTIC COD_Survey_10_90,Survey_10_90,2001,2,2.8243825984039717,4.1,10.5
ATLANTIC COD,ATLANTIC COD_Survey_10_90,Survey_10_90,2002,2,0.5690861821764273,4.1,10.5
ATLANTIC COD,ATLANTIC COD_Survey_10_90,Survey_10_90,2003,2,-1.8954575203442232,4.1,10.5
ATLANTIC COD,ATLANTIC COD_Survey_10_90,Survey_10_90,2004,2,-1.1872096109780301,4.1,10.5
ATLANTIC COD,ATLANTIC COD_Survey_10_90,Survey_10_90,2005,2,0.366554574024363,4.1,10.5
ATLANTIC COD,ATLANTIC COD_Survey_10_90,Survey_10_90,2006,2,2.2792332404420677,4.1,10.5
ATLANTIC COD,ATLANTIC COD_Survey_10_90,Survey_10_90,2007,2,16.143311741906615,4.1,10.5
ATLANTIC COD,ATLANTIC COD_Survey_10_90,Survey_10_90,2008,2,7.742235100181816,4.1,10.5
ATLANTIC COD,ATLANTIC COD_Survey_10_90,Survey_10_90,2009,2,-3.679541036153097,4.1,10.5
ATLANTIC COD,ATLANTIC COD_Survey_10_90,Survey_10_90,2010,2,2.4728687146137815,4.1,10.5
ATLANTIC COD,ATLANTIC COD_Survey_10_90,Survey_10_90,2011,2,7.463694888695329,4.1,10.5
ATLANTIC COD,ATLANTIC COD_Survey_10_90,Survey_10_90,2012,2,-11.461603312369355,4.1,10.5
ATLANTIC COD,ATLANTIC COD_Survey_10_90,Survey_10_90,2013,2,-4.927342554943522,4.1,10.5
ATLANTIC COD,ATLANTIC COD_Survey_10_90,Survey_10_90,2014,2,-7.501567606350129,4.1,10.5
ATLANTIC COD,ATLANTIC COD_Survey_10_90,Survey_10_90,2015,2,-7.735576249611874,4.1,10.5
ATLANTIC COD,ATLANTIC COD_Survey_10_90,Survey_10_90,2016,2,-7.556312999659895,4.1,10.5
ATLANTIC COD,ATLANTIC COD_Survey_10_90,Survey_10_90,2017,2,0.1353325022632248,4.1,10.5
ATLANTIC COD,ATLANTIC COD_Survey_10_90,Survey_10_90,2018,2,4.124386708195161,4.1,10.5
ATLANTIC COD,ATLANTIC COD_Survey_10_90,Survey_10_90,2019,2,-1.8855498416939227,4.1,10.5
ATLANTIC COD,ATLANTIC COD_Survey_10_90,Survey_10_90,2020,2,-0.3851792293584211,4.1,10.5
ATLANTIC COD,ATLANTIC COD_Survey_10_90,Survey_10_90,2022,2,-8.86436633518597,4.1,10.5
ATLANTIC COD,ATLANTIC COD_Survey_10_90,Survey_10_90,2023,2,4.255357179947765,4.1,10.5
ATLANTIC COD,ATLANTIC COD_Survey_10_90,Survey_10_90,2024,2,13.606884821842328,4.1,10.5
ATLANTIC HALIBUT,ATLANTIC HALIBUT_Survey_0_100,Survey_0_100,1959,2,0,2,13.9
ATLANTIC HALIBUT,ATLANTIC HALIBUT_Survey_0_100,Survey_0_100,1960,2,0,2,13.9
ATLANTIC HALIBUT,ATLANTIC HALIBUT_Survey_0_100,Survey_0_100,1961,2,0,2,13.9
ATLANTIC HALIBUT,ATLANTIC HALIBUT_Survey_0_100,Survey_0_100,1962,2,0,2,13.9
ATLANTIC HALIBUT,ATLANTIC HALIBUT_Survey_0_100,Survey_0_100,1963,2,0,2,13.9
ATLANTIC HALIBUT,ATLANTIC HALIBUT_Survey_0_100,Survey_0_100,1964,2,0,2,13.9
ATLANTIC HALIBUT,ATLANTIC HALIBUT_Survey_0_100,Survey_0_100,1965,2,0,2,13.9
ATLANTIC HALIBUT,ATLANTIC HALIBUT_Survey_0_100,Survey_0_100,1966,2,0,2,13.9
ATLANTIC HALIBUT,ATLANTIC HALIBUT_Survey_0_100,Survey_0_100,1967,2,0,2,13.9
ATLANTIC HALIBUT,ATLANTIC HALIBUT_Survey_0_100,Survey_0_100,1968,2,0,2,13.9
ATLANTIC HALIBUT,ATLANTIC HALIBUT_Survey_0_100,Survey_0_100,1969,2,0,2,13.9
ATLANTIC HALIBUT,ATLANTIC HALIBUT_Survey_0_100,Survey_0_100,1970,2,0,2,13.9
ATLANTIC HALIBUT,ATLANTIC HALIBUT_Survey_0_100,Survey_0_100,1971,2,0,2,13.9
ATLANTIC HALIBUT,ATLANTIC HALIBUT_Survey_0_100,Survey_0_100,1972,2,0,2,13.9
ATLANTIC HALIBUT,ATLANTIC HALIBUT_Survey_0_100,Survey_0_100,1973,2,0,2,13.9
ATLANTIC HALIBUT,ATLANTIC HALIBUT_Survey_0_100,Survey_0_100,1974,2,0,2,13.9
ATLANTIC HALIBUT,ATLANTIC HALIBUT_Survey_0_100,Survey_0_100,1975,2,0,2,13.9
ATLANTIC HALIBUT,ATLANTIC HALIBUT_Survey_0_100,Survey_0_100,1976,2,0,2,13.9
ATLANTIC HALIBUT,ATLANTIC HALIBUT_Survey_0_100,Survey_0_100,1977,2,0,2,13.9
ATLANTIC HALIBUT,ATLANTIC HALIBUT_Survey_0_100,Survey_0_100,1978,2,0,2,13.9
ATLANTIC HALIBUT,ATLANTIC HALIBUT_Survey_0_100,Survey_0_100,1979,2,0,2,13.9
ATLANTIC HALIBUT,ATLANTIC HALIBUT_Survey_0_100,Survey_0_100,1980,2,0,2,13.9
ATLANTIC HALIBUT,ATLANTIC HALIBUT_Survey_0_100,Survey_0_100,1981,2,0,2,13.9
ATLANTIC HALIBUT,ATLANTIC HALIBUT_Survey_0_100,Survey_0_100,1982,2,0,2,13.9
ATLANTIC HALIBUT,ATLANTIC HALIBUT_Survey_0_100,Survey_0_100,1983,2,0,2,13.9
ATLANTIC HALIBUT,ATLANTIC HALIBUT_Survey_0_100,Survey_0_100,1984,2,0,2,13.9
ATLANTIC HALIBUT,ATLANTIC HALIBUT_Survey_0_100,Survey_0_100,1985,2,0,2,13.9
ATLANTIC HALIBUT,ATLANTIC HALIBUT_Survey_0_100,Survey_0_100,1986,2,-0.023974653829569093,2,13.9
ATLANTIC HALIBUT,ATLANTIC HALIBUT_Survey_0_100,Survey_0_100,1987,2,0,2,13.9
ATLANTIC HALIBUT,ATLANTIC HALIBUT_Survey_0_100,Survey_0_100,1988,2,0,2,13.9
ATLANTIC HALIBUT,ATLANTIC HALIBUT_Survey_0_100,Survey_0_100,1989,2,0,2,13.9
ATLANTIC HALIBUT,ATLANTIC HALIBUT_Survey_0_100,Survey_0_100,1990,2,0,2,13.9
ATLANTIC HALIBUT,ATLANTIC HALIBUT_Survey_0_100,Survey_0_100,1991,2,0,2,13.9
ATLANTIC HALIBUT,ATLANTIC HALIBUT_Survey_0_100,Survey_0_100,1992,2,0,2,13.9
ATLANTIC HALIBUT,ATLANTIC HALIBUT_Survey_0_100,Survey_0_100,1993,2,0,2,13.9
ATLANTIC HALIBUT,ATLANTIC HALIBUT_Survey_0_100,Survey_0_100,1994,2,-0.004925452860959467,2,13.9
ATLANTIC HALIBUT,ATLANTIC HALIBUT_Survey_0_100,Survey_0_100,1995,2,-0.18193787083896495,2,13.9
ATLANTIC HALIBUT,ATLANTIC HALIBUT_Survey_0_100,Survey_0_100,1996,2,-0.008427304623353393,2,13.9
ATLANTIC HALIBUT,ATLANTIC HALIBUT_Survey_0_100,Survey_0_100,1997,2,0,2,13.9
ATLANTIC HALIBUT,ATLANTIC HALIBUT_Survey_0_100,Survey_0_100,1998,2,0,2,13.9
ATLANTIC HALIBUT,ATLANTIC HALIBUT_Survey_0_100,Survey_0_100,1999,2,-0.07749048190089525,2,13.9
ATLANTIC HALIBUT,ATLANTIC HALIBUT_Survey_0_100,Survey_0_100,2000,2,0,2,13.9
ATLANTIC HALIBUT,ATLANTIC HALIBUT_Survey_0_100,Survey_0_100,2001,2,-0.0048156026419121645,2,13.9
ATLANTIC HALIBUT,ATLANTIC HALIBUT_Survey_0_100,Survey_0_100,2002,2,-0.010069122243677953,2,13.9
ATLANTIC HALIBUT,ATLANTIC HALIBUT_Survey_0_100,Survey_0_100,2003,2,-0.00783747785952471,2,13.9
ATLANTIC HALIBUT,ATLANTIC HALIBUT_Survey_0_100,Survey_0_100,2004,2,-0.006239203740506127,2,13.9
ATLANTIC HALIBUT,ATLANTIC HALIBUT_Survey_0_100,Survey_0_100,2005,2,0,2,13.9
ATLANTIC HALIBUT,ATLANTIC HALIBUT_Survey_0_100,Survey_0_100,2006,2,-0.008427304623353393,2,13.9
ATLANTIC HALIBUT,ATLANTIC HALIBUT_Survey_0_100,Survey_0_100,2007,2,0,2,13.9
ATLANTIC HALIBUT,ATLANTIC HALIBUT_Survey_0_100,Survey_0_100,2008,2,0,2,13.9
ATLANTIC HALIBUT,ATLANTIC HALIBUT_Survey_0_100,Survey_0_100,2009,2,-0.02134362906419085,2,13.9
ATLANTIC HALIBUT,ATLANTIC HALIBUT_Survey_0_100,Survey_0_100,2010,2,-0.0024078013209560822,2,13.9
ATLANTIC HALIBUT,ATLANTIC HALIBUT_Survey_0_100,Survey_0_100,2011,2,-0.02232465071277545,2,13.9
ATLANTIC HALIBUT,ATLANTIC HALIBUT_Survey_0_100,Survey_0_100,2012,2,0,2,13.9
ATLANTIC HALIBUT,ATLANTIC HALIBUT_Survey_0_100,Survey_0_100,2013,2,-0.031522601526901894,2,13.9
ATLANTIC HALIBUT,ATLANTIC HALIBUT_Survey_0_100,Survey_0_100,2014,2,-0.01742426106531525,2,13.9
ATLANTIC HALIBUT,ATLANTIC HALIBUT_Survey_0_100,Survey_0_100,2015,2,-0.0532418624705997,2,13.9
ATLANTIC HALIBUT,ATLANTIC HALIBUT_Survey_0_100,Survey_0_100,2016,2,-0.20520513765126225,2,13.9
ATLANTIC HALIBUT,ATLANTIC HALIBUT_Survey_0_100,Survey_0_100,2017,2,-0.03959209564989408,2,13.9
ATLANTIC HALIBUT,ATLANTIC HALIBUT_Survey_0_100,Survey_0_100,2018,2,-0.055930165393618836,2,13.9
ATLANTIC HALIBUT,ATLANTIC HALIBUT_Survey_0_100,Survey_0_100,2019,2,0,2,13.9
ATLANTIC HALIBUT,ATLANTIC HALIBUT_Survey_0_100,Survey_0_100,2020,2,-0.011164656601465595,2,13.9
ATLANTIC HALIBUT,ATLANTIC HALIBUT_Survey_0_100,Survey_0_100,2022,2,-0.9536201272936466,2,13.9
ATLANTIC HALIBUT,ATLANTIC HALIBUT_Survey_0_100,Survey_0_100,2023,2,-0.22354840376443974,2,13.9
ATLANTIC HALIBUT,ATLANTIC HALIBUT_Survey_0_100,Survey_0_100,2024,2,-0.20750104385093948,2,13.9
ATLANTIC HALIBUT,ATLANTIC HALIBUT_Survey_10_90,Survey_10_90,1959,2,0,4.2,10.6
ATLANTIC HALIBUT,ATLANTIC HALIBUT_Survey_10_90,Survey_10_90,1960,2,9.266506865362189,4.2,10.6
ATLANTIC HALIBUT,ATLANTIC HALIBUT_Survey_10_90,Survey_10_90,1961,2,-7.607881945931908,4.2,10.6
ATLANTIC HALIBUT,ATLANTIC HALIBUT_Survey_10_90,Survey_10_90,1962,2,-4.93778650084883,4.2,10.6
ATLANTIC HALIBUT,ATLANTIC HALIBUT_Survey_10_90,Survey_10_90,1963,2,14.065552661203213,4.2,10.6
ATLANTIC HALIBUT,ATLANTIC HALIBUT_Survey_10_90,Survey_10_90,1964,2,9.531831424950866,4.2,10.6
ATLANTIC HALIBUT,ATLANTIC HALIBUT_Survey_10_90,Survey_10_90,1965,2,-7.8836268083168335,4.2,10.6
ATLANTIC HALIBUT,ATLANTIC HALIBUT_Survey_10_90,Survey_10_90,1966,2,0.9357356707660216,4.2,10.6
ATLANTIC HALIBUT,ATLANTIC HALIBUT_Survey_10_90,Survey_10_90,1967,2,-10.031923610480483,4.2,10.6
ATLANTIC HALIBUT,ATLANTIC HALIBUT_Survey_10_90,Survey_10_90,1968,2,-4.382982972331959,4.2,10.6
ATLANTIC HALIBUT,ATLANTIC HALIBUT_Survey_10_90,Survey_10_90,1969,2,-4.338429951976792,4.2,10.6
ATLANTIC HALIBUT,ATLANTIC HALIBUT_Survey_10_90,Survey_10_90,1970,2,16.592705306309284,4.2,10.6
ATLANTIC HALIBUT,ATLANTIC HALIBUT_Survey_10_90,Survey_10_90,1971,2,2.7836534489953095,4.2,10.6
ATLANTIC HALIBUT,ATLANTIC HALIBUT_Survey_10_90,Survey_10_90,1972,2,7.907168113109165,4.2,10.6
ATLANTIC HALIBUT,ATLANTIC HALIBUT_Survey_10_90,Survey_10_90,1973,2,2.6800078992430656,4.2,10.6
ATLANTIC HALIBUT,ATLANTIC HALIBUT_Survey_10_90,Survey_10_90,1974,2,-0.5986068306068546,4.2,10.6
ATLANTIC HALIBUT,ATLANTIC HALIBUT_Survey_10_90,Survey_10_90,1975,2,23.459833753800254,4.2,10.6
ATLANTIC HALIBUT,ATLANTIC HALIBUT_Survey_10_90,Survey_10_90,1976,2,13.035041710846556,4.2,10.6
ATLANTIC HALIBUT,ATLANTIC HALIBUT_Survey_10_90,Survey_10_90,1977,2,2.9291459509979347,4.2,10.6
ATLANTIC HALIBUT,ATLANTIC HALIBUT_Survey_10_90,Survey_10_90,1978,2,7.844332499515787,4.2,10.6
ATLANTIC HALIBUT,ATLANTIC HALIBUT_Survey_10_90,Survey_10_90,1979,2,-6.396771196982584,4.2,10.6
ATLANTIC HALIBUT,ATLANTIC HALIBUT_Survey_10_90,Survey_10_90,1980,2,3.7048088427417127,4.2,10.6
ATLANTIC HALIBUT,ATLANTIC HALIBUT_Survey_10_90,Survey_10_90,1981,2,13.193588313650892,4.2,10.6
ATLANTIC HALIBUT,ATLANTIC HALIBUT_Survey_10_90,Survey_10_90,1982,2,13.627718438397125,4.2,10.6
ATLANTIC HALIBUT,ATLANTIC HALIBUT_Survey_10_90,Survey_10_90,1983,2,8.479556040561917,4.2,10.6
ATLANTIC HALIBUT,ATLANTIC HALIBUT_Survey_10_90,Survey_10_90,1984,2,10.40406905337312,4.2,10.6
ATLANTIC HALIBUT,ATLANTIC HALIBUT_Survey_10_90,Survey_10_90,1985,2,10.573247259205758,4.2,10.6
ATLANTIC HALIBUT,ATLANTIC HALIBUT_Survey_10_90,Survey_10_90,1986,2,18.461806476137426,4.2,10.6
ATLANTIC HALIBUT,ATLANTIC HALIBUT_Survey_10_90,Survey_10_90,1987,2,-5.8873135224959015,4.2,10.6
ATLANTIC HALIBUT,ATLANTIC HALIBUT_Survey_10_90,Survey_10_90,1988,2,16.204717343211556,4.2,10.6
ATLANTIC HALIBUT,ATLANTIC HALIBUT_Survey_10_90,Survey_10_90,1989,2,-7.6658188999141,4.2,10.6
ATLANTIC HALIBUT,ATLANTIC HALIBUT_Survey_10_90,Survey_10_90,1990,2,12.12115180351978,4.2,10.6
ATLANTIC HALIBUT,ATLANTIC HALIBUT_Survey_10_90,Survey_10_90,1991,2,0.6747213359288793,4.2,10.6
ATLANTIC HALIBUT,ATLANTIC HALIBUT_Survey_10_90,Survey_10_90,1992,2,-4.587568954528564,4.2,10.6
ATLANTIC HALIBUT,ATLANTIC HALIBUT_Survey_10_90,Survey_10_90,1993,2,-6.814239976334207,4.2,10.6
ATLANTIC HALIBUT,ATLANTIC HALIBUT_Survey_10_90,Survey_10_90,1994,2,20.652569468622573,4.2,10.6
ATLANTIC HALIBUT,ATLANTIC HALIBUT_Survey_10_90,Survey_10_90,1995,2,11.661966366749837,4.2,10.6
ATLANTIC HALIBUT,ATLANTIC HALIBUT_Survey_10_90,Survey_10_90,1996,2,18.942103158231873,4.2,10.6
ATLANTIC HALIBUT,ATLANTIC HALIBUT_Survey_10_90,Survey_10_90,1997,2,22.176288153335733,4.2,10.6
ATLANTIC HALIBUT,ATLANTIC HALIBUT_Survey_10_90,Survey_10_90,1998,2,17.622957319834313,4.2,10.6
ATLANTIC HALIBUT,ATLANTIC HALIBUT_Survey_10_90,Survey_10_90,1999,2,6.567004686361841,4.2,10.6
ATLANTIC HALIBUT,ATLANTIC HALIBUT_Survey_10_90,Survey_10_90,2000,2,27.97661104040303,4.2,10.6
ATLANTIC HALIBUT,ATLANTIC HALIBUT_Survey_10_90,Survey_10_90,2001,2,15.154902955423637,4.2,10.6
ATLANTIC HALIBUT,ATLANTIC HALIBUT_Survey_10_90,Survey_10_90,2002,2,24.21859815975978,4.2,10.6
ATLANTIC HALIBUT,ATLANTIC HALIBUT_Survey_10_90,Survey_10_90,2003,2,1.8447049319416777,4.2,10.6
ATLANTIC HALIBUT,ATLANTIC HALIBUT_Survey_10_90,Survey_10_90,2004,2,-11.42680374290429,4.2,10.6
ATLANTIC HALIBUT,ATLANTIC HALIBUT_Survey_10_90,Survey_10_90,2005,2,-2.1345505840102277,4.2,10.6
ATLANTIC HALIBUT,ATLANTIC HALIBUT_Survey_10_90,Survey_10_90,2006,2,26.698788878961068,4.2,10.6
ATLANTIC HALIBUT,ATLANTIC HALIBUT_Survey_10_90,Survey_10_90,2007,2,5.745245889333731,4.2,10.6
ATLANTIC HALIBUT,ATLANTIC HALIBUT_Survey_10_90,Survey_10_90,2008,2,22.602832407048467,4.2,10.6
ATLANTIC HALIBUT,ATLANTIC HALIBUT_Survey_10_90,Survey_10_90,2009,2,12.461462710420662,4.2,10.6
ATLANTIC HALIBUT,ATLANTIC HALIBUT_Survey_10_90,Survey_10_90,2010,2,16.98878407040793,4.2,10.6
ATLANTIC HALIBUT,ATLANTIC HALIBUT_Survey_10_90,Survey_10_90,2011,2,23.225225535987747,4.2,10.6
ATLANTIC HALIBUT,ATLANTIC HALIBUT_Survey_10_90,Survey_10_90,2012,2,15.521029961580126,4.2,10.6
ATLANTIC HALIBUT,ATLANTIC HALIBUT_Survey_10_90,Survey_10_90,2013,2,26.441045276003862,4.2,10.6
ATLANTIC HALIBUT,ATLANTIC HALIBUT_Survey_10_90,Survey_10_90,2014,2,15.083596057893288,4.2,10.6
ATLANTIC HALIBUT,ATLANTIC HALIBUT_Survey_10_90,Survey_10_90,2015,2,12.137126964198828,4.2,10.6
ATLANTIC HALIBUT,ATLANTIC HALIBUT_Survey_10_90,Survey_10_90,2016,2,15.20468687534624,4.2,10.6
ATLANTIC HALIBUT,ATLANTIC HALIBUT_Survey_10_90,Survey_10_90,2017,2,15.812185004493728,4.2,10.6
ATLANTIC HALIBUT,ATLANTIC HALIBUT_Survey_10_90,Survey_10_90,2018,2,18.338754669955236,4.2,10.6
ATLANTIC HALIBUT,ATLANTIC HALIBUT_Survey_10_90,Survey_10_90,2019,2,15.514034536028106,4.2,10.6
ATLANTIC HALIBUT,ATLANTIC HALIBUT_Survey_10_90,Survey_10_90,2020,2,25.369396635878786,4.2,10.6
ATLANTIC HALIBUT,ATLANTIC HALIBUT_Survey_10_90,Survey_10_90,2022,2,17.962060197874436,4.2,10.6
ATLANTIC HALIBUT,ATLANTIC HALIBUT_Survey_10_90,Survey_10_90,2023,2,23.81616384527551,4.2,10.6
ATLANTIC HALIBUT,ATLANTIC HALIBUT_Survey_10_90,Survey_10_90,2024,2,14.058311395294496,4.2,10.6
ATLANTIC HERRING,ATLANTIC HERRING_Survey_0_100,Survey_0_100,1959,2,0,1.23,26.6
ATLANTIC HERRING,ATLANTIC HERRING_Survey_0_100,Survey_0_100,1960,2,0,1.23,26.6
ATLANTIC HERRING,ATLANTIC HERRING_Survey_0_100,Survey_0_100,1961,2,0,1.23,26.6
ATLANTIC HERRING,ATLANTIC HERRING_Survey_0_100,Survey_0_100,1962,2,0,1.23,26.6
ATLANTIC HERRING,ATLANTIC HERRING_Survey_0_100,Survey_0_100,1963,2,0,1.23,26.6
ATLANTIC HERRING,ATLANTIC HERRING_Survey_0_100,Survey_0_100,1964,2,0,1.23,26.6
ATLANTIC HERRING,ATLANTIC HERRING_Survey_0_100,Survey_0_100,1965,2,0,1.23,26.6
ATLANTIC HERRING,ATLANTIC HERRING_Survey_0_100,Survey_0_100,1966,2,0,1.23,26.6
ATLANTIC HERRING,ATLANTIC HERRING_Survey_0_100,Survey_0_100,1967,2,0,1.23,26.6
ATLANTIC HERRING,ATLANTIC HERRING_Survey_0_100,Survey_0_100,1968,2,0,1.23,26.6
ATLANTIC HERRING,ATLANTIC HERRING_Survey_0_100,Survey_0_100,1969,2,0,1.23,26.6
ATLANTIC HERRING,ATLANTIC HERRING_Survey_0_100,Survey_0_100,1970,2,0,1.23,26.6
ATLANTIC HERRING,ATLANTIC HERRING_Survey_0_100,Survey_0_100,1971,2,0,1.23,26.6
ATLANTIC HERRING,ATLANTIC HERRING_Survey_0_100,Survey_0_100,1972,2,0,1.23,26.6
ATLANTIC HERRING,ATLANTIC HERRING_Survey_0_100,Survey_0_100,1973,2,0,1.23,26.6
ATLANTIC HERRING,ATLANTIC HERRING_Survey_0_100,Survey_0_100,1974,2,0,1.23,26.6
ATLANTIC HERRING,ATLANTIC HERRING_Survey_0_100,Survey_0_100,1975,2,0,1.23,26.6
ATLANTIC HERRING,ATLANTIC HERRING_Survey_0_100,Survey_0_100,1976,2,0,1.23,26.6
ATLANTIC HERRING,ATLANTIC HERRING_Survey_0_100,Survey_0_100,1977,2,0,1.23,26.6
ATLANTIC HERRING,ATLANTIC HERRING_Survey_0_100,Survey_0_100,1978,2,0,1.23,26.6
ATLANTIC HERRING,ATLANTIC HERRING_Survey_0_100,Survey_0_100,1979,2,0,1.23,26.6
ATLANTIC HERRING,ATLANTIC HERRING_Survey_0_100,Survey_0_100,1980,2,0,1.23,26.6
ATLANTIC HERRING,ATLANTIC HERRING_Survey_0_100,Survey_0_100,1981,2,0,1.23,26.6
ATLANTIC HERRING,ATLANTIC HERRING_Survey_0_100,Survey_0_100,1982,2,0,1.23,26.6
ATLANTIC HERRING,ATLANTIC HERRING_Survey_0_100,Survey_0_100,1983,2,0,1.23,26.6
ATLANTIC HERRING,ATLANTIC HERRING_Survey_0_100,Survey_0_100,1984,2,0,1.23,26.6
ATLANTIC HERRING,ATLANTIC HERRING_Survey_0_100,Survey_0_100,1985,2,0,1.23,26.6
ATLANTIC HERRING,ATLANTIC HERRING_Survey_0_100,Survey_0_100,1986,2,0,1.23,26.6
ATLANTIC HERRING,ATLANTIC HERRING_Survey_0_100,Survey_0_100,1987,2,0,1.23,26.6
ATLANTIC HERRING,ATLANTIC HERRING_Survey_0_100,Survey_0_100,1988,2,0,1.23,26.6
ATLANTIC HERRING,ATLANTIC HERRING_Survey_0_100,Survey_0_100,1989,2,0,1.23,26.6
ATLANTIC HERRING,ATLANTIC HERRING_Survey_0_100,Survey_0_100,1990,2,0,1.23,26.6
ATLANTIC HERRING,ATLANTIC HERRING_Survey_0_100,Survey_0_100,1991,2,0,1.23,26.6
ATLANTIC HERRING,ATLANTIC HERRING_Survey_0_100,Survey_0_100,1992,2,0,1.23,26.6
ATLANTIC HERRING,ATLANTIC HERRING_Survey_0_100,Survey_0_100,1993,2,0,1.23,26.6
ATLANTIC HERRING,ATLANTIC HERRING_Survey_0_100,Survey_0_100,1994,2,0,1.23,26.6
ATLANTIC HERRING,ATLANTIC HERRING_Survey_0_100,Survey_0_100,1995,2,0,1.23,26.6
ATLANTIC HERRING,ATLANTIC HERRING_Survey_0_100,Survey_0_100,1996,2,0,1.23,26.6
ATLANTIC HERRING,ATLANTIC HERRING_Survey_0_100,Survey_0_100,1997,2,0,1.23,26.6
ATLANTIC HERRING,ATLANTIC HERRING_Survey_0_100,Survey_0_100,1998,2,0,1.23,26.6
ATLANTIC HERRING,ATLANTIC HERRING_Survey_0_100,Survey_0_100,1999,2,0,1.23,26.6
ATLANTIC HERRING,ATLANTIC HERRING_Survey_0_100,Survey_0_100,2000,2,0,1.23,26.6
ATLANTIC HERRING,ATLANTIC HERRING_Survey_0_100,Survey_0_100,2001,2,0,1.23,26.6
ATLANTIC HERRING,ATLANTIC HERRING_Survey_0_100,Survey_0_100,2002,2,0,1.23,26.6
ATLANTIC HERRING,ATLANTIC HERRING_Survey_0_100,Survey_0_100,2003,2,0,1.23,26.6
ATLANTIC HERRING,ATLANTIC HERRING_Survey_0_100,Survey_0_100,2004,2,0,1.23,26.6
ATLANTIC HERRING,ATLANTIC HERRING_Survey_0_100,Survey_0_100,2005,2,0,1.23,26.6
ATLANTIC HERRING,ATLANTIC HERRING_Survey_0_100,Survey_0_100,2006,2,0,1.23,26.6
ATLANTIC HERRING,ATLANTIC HERRING_Survey_0_100,Survey_0_100,2007,2,0,1.23,26.6
ATLANTIC HERRING,ATLANTIC HERRING_Survey_0_100,Survey_0_100,2008,2,0,1.23,26.6
ATLANTIC HERRING,ATLANTIC HERRING_Survey_0_100,Survey_0_100,2009,2,0,1.23,26.6
ATLANTIC HERRING,ATLANTIC HERRING_Survey_0_100,Survey_0_100,2010,2,0,1.23,26.6
ATLANTIC HERRING,ATLANTIC HERRING_Survey_0_100,Survey_0_100,2011,2,0,1.23,26.6
ATLANTIC HERRING,ATLANTIC HERRING_Survey_0_100,Survey_0_100,2012,2,0,1.23,26.6
ATLANTIC HERRING,ATLANTIC HERRING_Survey_0_100,Survey_0_100,2013,2,0,1.23,26.6
ATLANTIC HERRING,ATLANTIC HERRING_Survey_0_100,Survey_0_100,2014,2,0,1.23,26.6
ATLANTIC HERRING,ATLANTIC HERRING_Survey_0_100,Survey_0_100,2015,2,0,1.23,26.6
ATLANTIC HERRING,ATLANTIC HERRING_Survey_0_100,Survey_0_100,2016,2,0,1.23,26.6
ATLANTIC HERRING,ATLANTIC HERRING_Survey_0_100,Survey_0_100,2017,2,0,1.23,26.6
ATLANTIC HERRING,ATLANTIC HERRING_Survey_0_100,Survey_0_100,2018,2,0,1.23,26.6
ATLANTIC HERRING,ATLANTIC HERRING_Survey_0_100,Survey_0_100,2019,2,0,1.23,26.6
ATLANTIC HERRING,ATLANTIC HERRING_Survey_0_100,Survey_0_100,2020,2,0,1.23,26.6
ATLANTIC HERRING,ATLANTIC HERRING_Survey_0_100,Survey_0_100,2022,2,0,1.23,26.6
ATLANTIC HERRING,ATLANTIC HERRING_Survey_0_100,Survey_0_100,2023,2,-3.2279957309810925e-4,1.23,26.6
ATLANTIC HERRING,ATLANTIC HERRING_Survey_0_100,Survey_0_100,2024,2,-0.020766404453013365,1.23,26.6
ATLANTIC HERRING,ATLANTIC HERRING_Survey_10_90,Survey_10_90,1959,2,0,4.2,9.9
ATLANTIC HERRING,ATLANTIC HERRING_Survey_10_90,Survey_10_90,1960,2,-2.7412942832032314,4.2,9.9
ATLANTIC HERRING,ATLANTIC HERRING_Survey_10_90,Survey_10_90,1961,2,1.925106651660542,4.2,9.9
ATLANTIC HERRING,ATLANTIC HERRING_Survey_10_90,Survey_10_90,1962,2,-7.699695438340399,4.2,9.9
ATLANTIC HERRING,ATLANTIC HERRING_Survey_10_90,Survey_10_90,1963,2,-0.5354230871456309,4.2,9.9
ATLANTIC HERRING,ATLANTIC HERRING_Survey_10_90,Survey_10_90,1964,2,3.46980904599846,4.2,9.9
ATLANTIC HERRING,ATLANTIC HERRING_Survey_10_90,Survey_10_90,1965,2,-3.360972659633262,4.2,9.9
ATLANTIC HERRING,ATLANTIC HERRING_Survey_10_90,Survey_10_90,1966,2,6.026822661832284,4.2,9.9
ATLANTIC HERRING,ATLANTIC HERRING_Survey_10_90,Survey_10_90,1967,2,-4.673271662439589,4.2,9.9
ATLANTIC HERRING,ATLANTIC HERRING_Survey_10_90,Survey_10_90,1968,2,-6.58625728350826,4.2,9.9
ATLANTIC HERRING,ATLANTIC HERRING_Survey_10_90,Survey_10_90,1969,2,-16.713552282788285,4.2,9.9
ATLANTIC HERRING,ATLANTIC HERRING_Survey_10_90,Survey_10_90,1970,2,-1.0778318202469848,4.2,9.9
ATLANTIC HERRING,ATLANTIC HERRING_Survey_10_90,Survey_10_90,1971,2,-4.46105507650617,4.2,9.9
ATLANTIC HERRING,ATLANTIC HERRING_Survey_10_90,Survey_10_90,1972,2,-3.74811058599159,4.2,9.9
ATLANTIC HERRING,ATLANTIC HERRING_Survey_10_90,Survey_10_90,1973,2,-4.891057331571396,4.2,9.9
ATLANTIC HERRING,ATLANTIC HERRING_Survey_10_90,Survey_10_90,1974,2,-17.354723925109468,4.2,9.9
ATLANTIC HERRING,ATLANTIC HERRING_Survey_10_90,Survey_10_90,1975,2,-7.5971012289750774,4.2,9.9
ATLANTIC HERRING,ATLANTIC HERRING_Survey_10_90,Survey_10_90,1976,2,-12.413925296523466,4.2,9.9
ATLANTIC HERRING,ATLANTIC HERRING_Survey_10_90,Survey_10_90,1977,2,-15.68622151702747,4.2,9.9
ATLANTIC HERRING,ATLANTIC HERRING_Survey_10_90,Survey_10_90,1978,2,-15.485989491603142,4.2,9.9
ATLANTIC HERRING,ATLANTIC HERRING_Survey_10_90,Survey_10_90,1979,2,-8.84962661186286,4.2,9.9
ATLANTIC HERRING,ATLANTIC HERRING_Survey_10_90,Survey_10_90,1980,2,-12.205254349386998,4.2,9.9
ATLANTIC HERRING,ATLANTIC HERRING_Survey_10_90,Survey_10_90,1981,2,-9.041220113413878,4.2,9.9
ATLANTIC HERRING,ATLANTIC HERRING_Survey_10_90,Survey_10_90,1982,2,-12.020888371999774,4.2,9.9
ATLANTIC HERRING,ATLANTIC HERRING_Survey_10_90,Survey_10_90,1983,2,-5.7553149901774106,4.2,9.9
ATLANTIC HERRING,ATLANTIC HERRING_Survey_10_90,Survey_10_90,1984,2,2.1548702544108806,4.2,9.9
ATLANTIC HERRING,ATLANTIC HERRING_Survey_10_90,Survey_10_90,1985,2,-15.442742526282956,4.2,9.9
ATLANTIC HERRING,ATLANTIC HERRING_Survey_10_90,Survey_10_90,1986,2,-13.433653201006955,4.2,9.9
ATLANTIC HERRING,ATLANTIC HERRING_Survey_10_90,Survey_10_90,1987,2,-10.651779938501718,4.2,9.9
ATLANTIC HERRING,ATLANTIC HERRING_Survey_10_90,Survey_10_90,1988,2,-2.0986960409999256,4.2,9.9
ATLANTIC HERRING,ATLANTIC HERRING_Survey_10_90,Survey_10_90,1989,2,-14.514964071437738,4.2,9.9
ATLANTIC HERRING,ATLANTIC HERRING_Survey_10_90,Survey_10_90,1990,2,-9.375292415047731,4.2,9.9
ATLANTIC HERRING,ATLANTIC HERRING_Survey_10_90,Survey_10_90,1991,2,-16.476904153897564,4.2,9.9
ATLANTIC HERRING,ATLANTIC HERRING_Survey_10_90,Survey_10_90,1992,2,-10.309412619314955,4.2,9.9
ATLANTIC HERRING,ATLANTIC HERRING_Survey_10_90,Survey_10_90,1993,2,-17.57504235550779,4.2,9.9
ATLANTIC HERRING,ATLANTIC HERRING_Survey_10_90,Survey_10_90,1994,2,-14.092255114268688,4.2,9.9
ATLANTIC HERRING,ATLANTIC HERRING_Survey_10_90,Survey_10_90,1995,2,-5.13073290994658,4.2,9.9
ATLANTIC HERRING,ATLANTIC HERRING_Survey_10_90,Survey_10_90,1996,2,17.858081370725856,4.2,9.9
ATLANTIC HERRING,ATLANTIC HERRING_Survey_10_90,Survey_10_90,1997,2,-1.6845771765962638,4.2,9.9
ATLANTIC HERRING,ATLANTIC HERRING_Survey_10_90,Survey_10_90,1998,2,15.231996223669228,4.2,9.9
ATLANTIC HERRING,ATLANTIC HERRING_Survey_10_90,Survey_10_90,1999,2,-14.647776245370345,4.2,9.9
ATLANTIC HERRING,ATLANTIC HERRING_Survey_10_90,Survey_10_90,2000,2,-5.736927545625456,4.2,9.9
ATLANTIC HERRING,ATLANTIC HERRING_Survey_10_90,Survey_10_90,2001,2,-1.4490383776504459,4.2,9.9
ATLANTIC HERRING,ATLANTIC HERRING_Survey_10_90,Survey_10_90,2002,2,-11.273532678685257,4.2,9.9
ATLANTIC HERRING,ATLANTIC HERRING_Survey_10_90,Survey_10_90,2003,2,-6.85769953436985,4.2,9.9
ATLANTIC HERRING,ATLANTIC HERRING_Survey_10_90,Survey_10_90,2004,2,-3.6256831216498,4.2,9.9
ATLANTIC HERRING,ATLANTIC HERRING_Survey_10_90,Survey_10_90,2005,2,-7.03370369720858,4.2,9.9
ATLANTIC HERRING,ATLANTIC HERRING_Survey_10_90,Survey_10_90,2006,2,-6.324083188859277,4.2,9.9
ATLANTIC HERRING,ATLANTIC HERRING_Survey_10_90,Survey_10_90,2007,2,15.791781282835316,4.2,9.9
ATLANTIC HERRING,ATLANTIC HERRING_Survey_10_90,Survey_10_90,2008,2,-1.911173878485286,4.2,9.9
ATLANTIC HERRING,ATLANTIC HERRING_Survey_10_90,Survey_10_90,2009,2,-13.476473810212447,4.2,9.9
ATLANTIC HERRING,ATLANTIC HERRING_Survey_10_90,Survey_10_90,2010,2,-3.840514259904559,4.2,9.9
ATLANTIC HERRING,ATLANTIC HERRING_Survey_10_90,Survey_10_90,2011,2,-0.21721611609365965,4.2,9.9
ATLANTIC HERRING,ATLANTIC HERRING_Survey_10_90,Survey_10_90,2012,2,-29.162247041688644,4.2,9.9
ATLANTIC HERRING,ATLANTIC HERRING_Survey_10_90,Survey_10_90,2013,2,-19.97837239327373,4.2,9.9
ATLANTIC HERRING,ATLANTIC HERRING_Survey_10_90,Survey_10_90,2014,2,-23.005578994954213,4.2,9.9
ATLANTIC HERRING,ATLANTIC HERRING_Survey_10_90,Survey_10_90,2015,2,-18.529136726497356,4.2,9.9
ATLANTIC HERRING,ATLANTIC HERRING_Survey_10_90,Survey_10_90,2016,2,-24.98304208164926,4.2,9.9
ATLANTIC HERRING,ATLANTIC HERRING_Survey_10_90,Survey_10_90,2017,2,-10.254610446353084,4.2,9.9
ATLANTIC HERRING,ATLANTIC HERRING_Survey_10_90,Survey_10_90,2018,2,-12.536641777629725,4.2,9.9
ATLANTIC HERRING,ATLANTIC HERRING_Survey_10_90,Survey_10_90,2019,2,-27.199323904211802,4.2,9.9
ATLANTIC HERRING,ATLANTIC HERRING_Survey_10_90,Survey_10_90,2020,2,-14.766573259928329,4.2,9.9
ATLANTIC HERRING,ATLANTIC HERRING_Survey_10_90,Survey_10_90,2022,2,-25.70945432398203,4.2,9.9
ATLANTIC HERRING,ATLANTIC HERRING_Survey_10_90,Survey_10_90,2023,2,-14.996865748917756,4.2,9.9
ATLANTIC HERRING,ATLANTIC HERRING_Survey_10_90,Survey_10_90,2024,2,12.376310234565807,4.2,9.9
BARNDOOR SKATE,BARNDOOR SKATE_Survey_0_100,Survey_0_100,1959,2,0,2.44,19.900000000000002
BARNDOOR SKATE,BARNDOOR SKATE_Survey_0_100,Survey_0_100,1960,2,0.07489695150489695,2.44,19.900000000000002
BARNDOOR SKATE,BARNDOOR SKATE_Survey_0_100,Survey_0_100,1961,2,0.044030221814608694,2.44,19.900000000000002
BARNDOOR SKATE,BARNDOOR SKATE_Survey_0_100,Survey_0_100,1962,2,-0.0652955861654334,2.44,19.900000000000002
BARNDOOR SKATE,BARNDOOR SKATE_Survey_0_100,Survey_0_100,1963,2,-0.03125855454723592,2.44,19.900000000000002
BARNDOOR SKATE,BARNDOOR SKATE_Survey_0_100,Survey_0_100,1964,2,0.05241651840846373,2.44,19.900000000000002
BARNDOOR SKATE,BARNDOOR SKATE_Survey_0_100,Survey_0_100,1965,2,-0.38707458808896433,2.44,19.900000000000002
BARNDOOR SKATE,BARNDOOR SKATE_Survey_0_100,Survey_0_100,1966,2,-0.0035677307217270027,2.44,19.900000000000002
BARNDOOR SKATE,BARNDOOR SKATE_Survey_0_100,Survey_0_100,1967,2,0.08613785867559898,2.44,19.900000000000002
BARNDOOR SKATE,BARNDOOR SKATE_Survey_0_100,Survey_0_100,1968,2,-0.43058371351405356,2.44,19.900000000000002
BARNDOOR SKATE,BARNDOOR SKATE_Survey_0_100,Survey_0_100,1969,2,-0.5245142036137622,2.44,19.900000000000002
BARNDOOR SKATE,BARNDOOR SKATE_Survey_0_100,Survey_0_100,1970,2,0.1496958532098347,2.44,19.900000000000002
BARNDOOR SKATE,BARNDOOR SKATE_Survey_0_100,Survey_0_100,1971,2,0.24279493465843416,2.44,19.900000000000002
BARNDOOR SKATE,BARNDOOR SKATE_Survey_0_100,Survey_0_100,1972,2,0.24303033482624414,2.44,19.900000000000002
BARNDOOR SKATE,BARNDOOR SKATE_Survey_0_100,Survey_0_100,1973,2,0.05865899041937439,2.44,19.900000000000002
BARNDOOR SKATE,BARNDOOR SKATE_Survey_0_100,Survey_0_100,1974,2,0.2465572548661754,2.44,19.900000000000002
BARNDOOR SKATE,BARNDOOR SKATE_Survey_0_100,Survey_0_100,1975,2,0.2465572548661754,2.44,19.900000000000002
BARNDOOR SKATE,BARNDOOR SKATE_Survey_0_100,Survey_0_100,1976,2,0.2465572548661754,2.44,19.900000000000002
BARNDOOR SKATE,BARNDOOR SKATE_Survey_0_100,Survey_0_100,1977,2,0.09890360064910908,2.44,19.900000000000002
BARNDOOR SKATE,BARNDOOR SKATE_Survey_0_100,Survey_0_100,1978,2,0.16067522646433474,2.44,19.900000000000002
BARNDOOR SKATE,BARNDOOR SKATE_Survey_0_100,Survey_0_100,1979,2,0.10721579692236105,2.44,19.900000000000002
BARNDOOR SKATE,BARNDOOR SKATE_Survey_0_100,Survey_0_100,1980,2,0.10488638433496078,2.44,19.900000000000002
BARNDOOR SKATE,BARNDOOR SKATE_Survey_0_100,Survey_0_100,1981,2,0.1306274954292519,2.44,19.900000000000002
BARNDOOR SKATE,BARNDOOR SKATE_Survey_0_100,Survey_0_100,1982,2,0.14539518790822115,2.44,19.900000000000002
BARNDOOR SKATE,BARNDOOR SKATE_Survey_0_100,Survey_0_100,1983,2,0.016895029547029594,2.44,19.900000000000002
BARNDOOR SKATE,BARNDOOR SKATE_Survey_0_100,Survey_0_100,1984,2,0.18851539595111433,2.44,19.900000000000002
BARNDOOR SKATE,BARNDOOR SKATE_Survey_0_100,Survey_0_100,1985,2,0.2465572548661754,2.44,19.900000000000002
BARNDOOR SKATE,BARNDOOR SKATE_Survey_0_100,Survey_0_100,1986,2,0.2245978435750402,2.44,19.900000000000002
BARNDOOR SKATE,BARNDOOR SKATE_Survey_0_100,Survey_0_100,1987,2,-0.22398256850908638,2.44,19.900000000000002
BARNDOOR SKATE,BARNDOOR SKATE_Survey_0_100,Survey_0_100,1988,2,0.1603824303082746,2.44,19.900000000000002
BARNDOOR SKATE,BARNDOOR SKATE_Survey_0_100,Survey_0_100,1989,2,0.10778462418140577,2.44,19.900000000000002
BARNDOOR SKATE,BARNDOOR SKATE_Survey_0_100,Survey_0_100,1990,2,0.20853439349195924,2.44,19.900000000000002
BARNDOOR SKATE,BARNDOOR SKATE_Survey_0_100,Survey_0_100,1991,2,0.24575607422993073,2.44,19.900000000000002
BARNDOOR SKATE,BARNDOOR SKATE_Survey_0_100,Survey_0_100,1992,2,0.19576936603085926,2.44,19.900000000000002
BARNDOOR SKATE,BARNDOOR SKATE_Survey_0_100,Survey_0_100,1993,2,0.24397655405368823,2.44,19.900000000000002
BARNDOOR SKATE,BARNDOOR SKATE_Survey_0_100,Survey_0_100,1994,2,0.23475217682428706,2.44,19.900000000000002
BARNDOOR SKATE,BARNDOOR SKATE_Survey_0_100,Survey_0_100,1995,2,0.2464380423761412,2.44,19.900000000000002
BARNDOOR SKATE,BARNDOOR SKATE_Survey_0_100,Survey_0_100,1996,2,0.24272176541222734,2.44,19.900000000000002
BARNDOOR SKATE,BARNDOOR SKATE_Survey_0_100,Survey_0_100,1997,2,0.2465572548661754,2.44,19.900000000000002
BARNDOOR SKATE,BARNDOOR SKATE_Survey_0_100,Survey_0_100,1998,2,0.2465572548661754,2.44,19.900000000000002
BARNDOOR SKATE,BARNDOOR SKATE_Survey_0_100,Survey_0_100,1999,2,0.2430626275247647,2.44,19.900000000000002
BARNDOOR SKATE,BARNDOOR SKATE_Survey_0_100,Survey_0_100,2000,2,0.2465572548661754,2.44,19.900000000000002
BARNDOOR SKATE,BARNDOOR SKATE_Survey_0_100,Survey_0_100,2001,2,0.24638836994007818,2.44,19.900000000000002
BARNDOOR SKATE,BARNDOOR SKATE_Survey_0_100,Survey_0_100,2002,2,0.2465572548661754,2.44,19.900000000000002
BARNDOOR SKATE,BARNDOOR SKATE_Survey_0_100,Survey_0_100,2003,2,0.2465572548661754,2.44,19.900000000000002
BARNDOOR SKATE,BARNDOOR SKATE_Survey_0_100,Survey_0_100,2004,2,0.018060270641086618,2.44,19.900000000000002
BARNDOOR SKATE,BARNDOOR SKATE_Survey_0_100,Survey_0_100,2005,2,0.2465572548661754,2.44,19.900000000000002
BARNDOOR SKATE,BARNDOOR SKATE_Survey_0_100,Survey_0_100,2006,2,0.2465572548661754,2.44,19.900000000000002
BARNDOOR SKATE,BARNDOOR SKATE_Survey_0_100,Survey_0_100,2007,2,0.2351001707142757,2.44,19.900000000000002
BARNDOOR SKATE,BARNDOOR SKATE_Survey_0_100,Survey_0_100,2008,2,0.2465572548661754,2.44,19.900000000000002
BARNDOOR SKATE,BARNDOOR SKATE_Survey_0_100,Survey_0_100,2009,2,0.24575607422993073,2.44,19.900000000000002
BARNDOOR SKATE,BARNDOOR SKATE_Survey_0_100,Survey_0_100,2010,2,0.2465572548661754,2.44,19.900000000000002
BARNDOOR SKATE,BARNDOOR SKATE_Survey_0_100,Survey_0_100,2011,2,0.2465572548661754,2.44,19.900000000000002
BARNDOOR SKATE,BARNDOOR SKATE_Survey_0_100,Survey_0_100,2012,2,0.23718161821339834,2.44,19.900000000000002
BARNDOOR SKATE,BARNDOOR SKATE_Survey_0_100,Survey_0_100,2013,2,0.24651616239950158,2.44,19.900000000000002
BARNDOOR SKATE,BARNDOOR SKATE_Survey_0_100,Survey_0_100,2014,2,0.23099073048557273,2.44,19.900000000000002
BARNDOOR SKATE,BARNDOOR SKATE_Survey_0_100,Survey_0_100,2015,2,0.21825536832264447,2.44,19.900000000000002
BARNDOOR SKATE,BARNDOOR SKATE_Survey_0_100,Survey_0_100,2016,2,-0.22750512807482437,2.44,19.900000000000002
BARNDOOR SKATE,BARNDOOR SKATE_Survey_0_100,Survey_0_100,2017,2,0.2465572548661754,2.44,19.900000000000002
BARNDOOR SKATE,BARNDOOR SKATE_Survey_0_100,Survey_0_100,2018,2,0.23853461100459583,2.44,19.900000000000002
BARNDOOR SKATE,BARNDOOR SKATE_Survey_0_100,Survey_0_100,2019,2,0.2329371840499448,2.44,19.900000000000002
BARNDOOR SKATE,BARNDOOR SKATE_Survey_0_100,Survey_0_100,2020,2,0.24528418947862463,2.44,19.900000000000002
BARNDOOR SKATE,BARNDOOR SKATE_Survey_0_100,Survey_0_100,2022,2,0.1359494607577858,2.44,19.900000000000002
BARNDOOR SKATE,BARNDOOR SKATE_Survey_0_100,Survey_0_100,2023,2,0.24609122438354802,2.44,19.900000000000002
BARNDOOR SKATE,BARNDOOR SKATE_Survey_0_100,Survey_0_100,2024,2,0.24165239693856222,2.44,19.900000000000002
BARNDOOR SKATE,BARNDOOR SKATE_Survey_10_90,Survey_10_90,1959,2,0,5.806000000000001,13.69
BARNDOOR SKATE,BARNDOOR SKATE_Survey_10_90,Survey_10_90,1960,2,-17.333964179156823,5.806000000000001,13.69
BARNDOOR SKATE,BARNDOOR SKATE_Survey_10_90,Survey_10_90,1961,2,-19.859475638019703,5.806000000000001,13.69
BARNDOOR SKATE,BARNDOOR SKATE_Survey_10_90,Survey_10_90,1962,2,-10.10628943699652,5.806000000000001,13.69
BARNDOOR SKATE,BARNDOOR SKATE_Survey_10_90,Survey_10_90,1963,2,-11.627625058242785,5.806000000000001,13.69
BARNDOOR SKATE,BARNDOOR SKATE_Survey_10_90,Survey_10_90,1964,2,-4.744035402535005,5.806000000000001,13.69
BARNDOOR SKATE,BARNDOOR SKATE_Survey_10_90,Survey_10_90,1965,2,-4.018456370806177,5.806000000000001,13.69
BARNDOOR SKATE,BARNDOOR SKATE_Survey_10_90,Survey_10_90,1966,2,1.6652431035260449,5.806000000000001,13.69
BARNDOOR SKATE,BARNDOOR SKATE_Survey_10_90,Survey_10_90,1967,2,0.13329911521211812,5.806000000000001,13.69
BARNDOOR SKATE,BARNDOOR SKATE_Survey_10_90,Survey_10_90,1968,2,-13.339592550264172,5.806000000000001,13.69
BARNDOOR SKATE,BARNDOOR SKATE_Survey_10_90,Survey_10_90,1969,2,-7.662479701007541,5.806000000000001,13.69
BARNDOOR SKATE,BARNDOOR SKATE_Survey_10_90,Survey_10_90,1970,2,7.53157189237389,5.806000000000001,13.69
BARNDOOR SKATE,BARNDOOR SKATE_Survey_10_90,Survey_10_90,1971,2,-9.020670257579297,5.806000000000001,13.69
BARNDOOR SKATE,BARNDOOR SKATE_Survey_10_90,Survey_10_90,1972,2,10.129846206555541,5.806000000000001,13.69
BARNDOOR SKATE,BARNDOOR SKATE_Survey_10_90,Survey_10_90,1973,2,1.5944954792184092,5.806000000000001,13.69
BARNDOOR SKATE,BARNDOOR SKATE_Survey_10_90,Survey_10_90,1974,2,16.731709265434233,5.806000000000001,13.69
BARNDOOR SKATE,BARNDOOR SKATE_Survey_10_90,Survey_10_90,1975,2,1.761479171789162,5.806000000000001,13.69
BARNDOOR SKATE,BARNDOOR SKATE_Survey_10_90,Survey_10_90,1976,2,25.90876425866115,5.806000000000001,13.69
BARNDOOR SKATE,BARNDOOR SKATE_Survey_10_90,Survey_10_90,1977,2,-0.1788471431460863,5.806000000000001,13.69
BARNDOOR SKATE,BARNDOOR SKATE_Survey_10_90,Survey_10_90,1978,2,-11.148689694026643,5.806000000000001,13.69
BARNDOOR SKATE,BARNDOOR SKATE_Survey_10_90,Survey_10_90,1979,2,-5.8848062822745675,5.806000000000001,13.69
BARNDOOR SKATE,BARNDOOR SKATE_Survey_10_90,Survey_10_90,1980,2,5.315584771801653,5.806000000000001,13.69
BARNDOOR SKATE,BARNDOOR SKATE_Survey_10_90,Survey_10_90,1981,2,-4.4309487126808875,5.806000000000001,13.69
BARNDOOR SKATE,BARNDOOR SKATE_Survey_10_90,Survey_10_90,1982,2,-11.96881611984169,5.806000000000001,13.69
BARNDOOR SKATE,BARNDOOR SKATE_Survey_10_90,Survey_10_90,1983,2,18.07237480965034,5.806000000000001,13.69
BARNDOOR SKATE,BARNDOOR SKATE_Survey_10_90,Survey_10_90,1984,2,13.216936091787431,5.806000000000001,13.69
BARNDOOR SKATE,BARNDOOR SKATE_Survey_10_90,Survey_10_90,1985,2,1.3068100188957885,5.806000000000001,13.69
BARNDOOR SKATE,BARNDOOR SKATE_Survey_10_90,Survey_10_90,1986,2,2.423181333036368,5.806000000000001,13.69
BARNDOOR SKATE,BARNDOOR SKATE_Survey_10_90,Survey_10_90,1987,2,7.0958518095568905,5.806000000000001,13.69
BARNDOOR SKATE,BARNDOOR SKATE_Survey_10_90,Survey_10_90,1988,2,16.428484971286196,5.806000000000001,13.69
BARNDOOR SKATE,BARNDOOR SKATE_Survey_10_90,Survey_10_90,1989,2,8.046736798944167,5.806000000000001,13.69
BARNDOOR SKATE,BARNDOOR SKATE_Survey_10_90,Survey_10_90,1990,2,21.490299589721403,5.806000000000001,13.69
BARNDOOR SKATE,BARNDOOR SKATE_Survey_10_90,Survey_10_90,1991,2,13.448983626866962,5.806000000000001,13.69
BARNDOOR SKATE,BARNDOOR SKATE_Survey_10_90,Survey_10_90,1992,2,6.462300246560787,5.806000000000001,13.69
BARNDOOR SKATE,BARNDOOR SKATE_Survey_10_90,Survey_10_90,1993,2,-8.428748966923266,5.806000000000001,13.69
BARNDOOR SKATE,BARNDOOR SKATE_Survey_10_90,Survey_10_90,1994,2,8.617612963156745,5.806000000000001,13.69
BARNDOOR SKATE,BARNDOOR SKATE_Survey_10_90,Survey_10_90,1995,2,4.050162196528376,5.806000000000001,13.69
BARNDOOR SKATE,BARNDOOR SKATE_Survey_10_90,Survey_10_90,1996,2,1.1481554333159636,5.806000000000001,13.69
BARNDOOR SKATE,BARNDOOR SKATE_Survey_10_90,Survey_10_90,1997,2,13.872692326871075,5.806000000000001,13.69
BARNDOOR SKATE,BARNDOOR SKATE_Survey_10_90,Survey_10_90,1998,2,-19.56039649667573,5.806000000000001,13.69
BARNDOOR SKATE,BARNDOOR SKATE_Survey_10_90,Survey_10_90,1999,2,-3.0045924370983528,5.806000000000001,13.69
BARNDOOR SKATE,BARNDOOR SKATE_Survey_10_90,Survey_10_90,2000,2,34.36241105216233,5.806000000000001,13.69
BARNDOOR SKATE,BARNDOOR SKATE_Survey_10_90,Survey_10_90,2001,2,1.897696821926175,5.806000000000001,13.69
BARNDOOR SKATE,BARNDOOR SKATE_Survey_10_90,Survey_10_90,2002,2,20.62368548495978,5.806000000000001,13.69
BARNDOOR SKATE,BARNDOOR SKATE_Survey_10_90,Survey_10_90,2003,2,-11.999964258260782,5.806000000000001,13.69
BARNDOOR SKATE,BARNDOOR SKATE_Survey_10_90,Survey_10_90,2004,2,-16.99858974871553,5.806000000000001,13.69
BARNDOOR SKATE,BARNDOOR SKATE_Survey_10_90,Survey_10_90,2005,2,-11.887119060195872,5.806000000000001,13.69
BARNDOOR SKATE,BARNDOOR SKATE_Survey_10_90,Survey_10_90,2006,2,8.603961942373175,5.806000000000001,13.69
BARNDOOR SKATE,BARNDOOR SKATE_Survey_10_90,Survey_10_90,2007,2,-5.3317347669952895,5.806000000000001,13.69
BARNDOOR SKATE,BARNDOOR SKATE_Survey_10_90,Survey_10_90,2008,2,6.083816404177526,5.806000000000001,13.69
BARNDOOR SKATE,BARNDOOR SKATE_Survey_10_90,Survey_10_90,2009,2,-6.3090675303166535,5.806000000000001,13.69
BARNDOOR SKATE,BARNDOOR SKATE_Survey_10_90,Survey_10_90,2010,2,19.672597407122595,5.806000000000001,13.69
BARNDOOR SKATE,BARNDOOR SKATE_Survey_10_90,Survey_10_90,2011,2,1.6181633765747563,5.806000000000001,13.69
BARNDOOR SKATE,BARNDOOR SKATE_Survey_10_90,Survey_10_90,2012,2,9.679864940695822,5.806000000000001,13.69
BARNDOOR SKATE,BARNDOOR SKATE_Survey_10_90,Survey_10_90,2013,2,6.085209498030771,5.806000000000001,13.69
BARNDOOR SKATE,BARNDOOR SKATE_Survey_10_90,Survey_10_90,2014,2,-15.330174772281303,5.806000000000001,13.69
BARNDOOR SKATE,BARNDOOR SKATE_Survey_10_90,Survey_10_90,2015,2,-2.8836457971289207,5.806000000000001,13.69
BARNDOOR SKATE,BARNDOOR SKATE_Survey_10_90,Survey_10_90,2016,2,5.560864845251871,5.806000000000001,13.69
BARNDOOR SKATE,BARNDOOR SKATE_Survey_10_90,Survey_10_90,2017,2,-12.976682007389819,5.806000000000001,13.69
BARNDOOR SKATE,BARNDOOR SKATE_Survey_10_90,Survey_10_90,2018,2,4.08725993202404,5.806000000000001,13.69
BARNDOOR SKATE,BARNDOOR SKATE_Survey_10_90,Survey_10_90,2019,2,-15.891175936024538,5.806000000000001,13.69
BARNDOOR SKATE,BARNDOOR SKATE_Survey_10_90,Survey_10_90,2020,2,22.685684801172016,5.806000000000001,13.69
BARNDOOR SKATE,BARNDOOR SKATE_Survey_10_90,Survey_10_90,2022,2,20.652478594793507,5.806000000000001,13.69
BARNDOOR SKATE,BARNDOOR SKATE_Survey_10_90,Survey_10_90,2023,2,31.097205395318753,5.806000000000001,13.69
BARNDOOR SKATE,BARNDOOR SKATE_Survey_10_90,Survey_10_90,2024,2,7.061548361483105,5.806000000000001,13.69
CLEARNOSE SKATE,CLEARNOSE SKATE_Lit_Opt_1,Lit_Opt_1,1959,2,0,19,27
CLEARNOSE SKATE,CLEARNOSE SKATE_Lit_Opt_1,Lit_Opt_1,1960,2,-0.13817507993558564,19,27
CLEARNOSE SKATE,CLEARNOSE SKATE_Lit_Opt_1,Lit_Opt_1,1961,2,-2.0313298912274877,19,27
CLEARNOSE SKATE,CLEARNOSE SKATE_Lit_Opt_1,Lit_Opt_1,1962,2,1.2153437885662104,19,27
CLEARNOSE SKATE,CLEARNOSE SKATE_Lit_Opt_1,Lit_Opt_1,1963,2,-2.554913155789066,19,27
CLEARNOSE SKATE,CLEARNOSE SKATE_Lit_Opt_1,Lit_Opt_1,1964,2,-0.23272210372248825,19,27
CLEARNOSE SKATE,CLEARNOSE SKATE_Lit_Opt_1,Lit_Opt_1,1965,2,-5.182985036189909,19,27
CLEARNOSE SKATE,CLEARNOSE SKATE_Lit_Opt_1,Lit_Opt_1,1966,2,-2.2855915477602986,19,27
CLEARNOSE SKATE,CLEARNOSE SKATE_Lit_Opt_1,Lit_Opt_1,1967,2,-4.249335802288446,19,27
CLEARNOSE SKATE,CLEARNOSE SKATE_Lit_Opt_1,Lit_Opt_1,1968,2,0.4922102128351229,19,27
CLEARNOSE SKATE,CLEARNOSE SKATE_Lit_Opt_1,Lit_Opt_1,1969,2,-1.5063818505784763,19,27
CLEARNOSE SKATE,CLEARNOSE SKATE_Lit_Opt_1,Lit_Opt_1,1970,2,1.0133630436288055,19,27
CLEARNOSE SKATE,CLEARNOSE SKATE_Lit_Opt_1,Lit_Opt_1,1971,2,-0.4870692602680817,19,27
CLEARNOSE SKATE,CLEARNOSE SKATE_Lit_Opt_1,Lit_Opt_1,1972,2,1.812622791584129,19,27
CLEARNOSE SKATE,CLEARNOSE SKATE_Lit_Opt_1,Lit_Opt_1,1973,2,1.604521229451226,19,27
CLEARNOSE SKATE,CLEARNOSE SKATE_Lit_Opt_1,Lit_Opt_1,1974,2,1.6754223973111035,19,27
CLEARNOSE SKATE,CLEARNOSE SKATE_Lit_Opt_1,Lit_Opt_1,1975,2,0.6091799670157201,19,27
CLEARNOSE SKATE,CLEARNOSE SKATE_Lit_Opt_1,Lit_Opt_1,1976,2,-1.2251502905164102,19,27
CLEARNOSE SKATE,CLEARNOSE SKATE_Lit_Opt_1,Lit_Opt_1,1977,2,-3.7356784637453164,19,27
CLEARNOSE SKATE,CLEARNOSE SKATE_Lit_Opt_1,Lit_Opt_1,1978,2,-0.8948598049117846,19,27
CLEARNOSE SKATE,CLEARNOSE SKATE_Lit_Opt_1,Lit_Opt_1,1979,2,-2.266995715617914,19,27
CLEARNOSE SKATE,CLEARNOSE SKATE_Lit_Opt_1,Lit_Opt_1,1980,2,-4.161506354821602,19,27
CLEARNOSE SKATE,CLEARNOSE SKATE_Lit_Opt_1,Lit_Opt_1,1981,2,-2.7763721255201492,19,27
CLEARNOSE SKATE,CLEARNOSE SKATE_Lit_Opt_1,Lit_Opt_1,1982,2,-2.1944502804705976,19,27
CLEARNOSE SKATE,CLEARNOSE SKATE_Lit_Opt_1,Lit_Opt_1,1983,2,3.7522433937606436,19,27
CLEARNOSE SKATE,CLEARNOSE SKATE_Lit_Opt_1,Lit_Opt_1,1984,2,-3.8571162382837776,19,27
CLEARNOSE SKATE,CLEARNOSE SKATE_Lit_Opt_1,Lit_Opt_1,1985,2,10.23622944053234,19,27
CLEARNOSE SKATE,CLEARNOSE SKATE_Lit_Opt_1,Lit_Opt_1,1986,2,6.226854783820434,19,27
CLEARNOSE SKATE,CLEARNOSE SKATE_Lit_Opt_1,Lit_Opt_1,1987,2,0.3218745882675442,19,27
CLEARNOSE SKATE,CLEARNOSE SKATE_Lit_Opt_1,Lit_Opt_1,1988,2,-0.3215960950590455,19,27
CLEARNOSE SKATE,CLEARNOSE SKATE_Lit_Opt_1,Lit_Opt_1,1989,2,4.146345981874623,19,27
CLEARNOSE SKATE,CLEARNOSE SKATE_Lit_Opt_1,Lit_Opt_1,1990,2,7.578998282263337,19,27
CLEARNOSE SKATE,CLEARNOSE SKATE_Lit_Opt_1,Lit_Opt_1,1991,2,4.3117238731095515,19,27
CLEARNOSE SKATE,CLEARNOSE SKATE_Lit_Opt_1,Lit_Opt_1,1992,2,1.0773690284612676,19,27
CLEARNOSE SKATE,CLEARNOSE SKATE_Lit_Opt_1,Lit_Opt_1,1993,2,1.0600058940095907,19,27
CLEARNOSE SKATE,CLEARNOSE SKATE_Lit_Opt_1,Lit_Opt_1,1994,2,4.675450066808534,19,27
CLEARNOSE SKATE,CLEARNOSE SKATE_Lit_Opt_1,Lit_Opt_1,1995,2,20.641286997245615,19,27
CLEARNOSE SKATE,CLEARNOSE SKATE_Lit_Opt_1,Lit_Opt_1,1996,2,3.399141027014913,19,27
CLEARNOSE SKATE,CLEARNOSE SKATE_Lit_Opt_1,Lit_Opt_1,1997,2,12.264961310139093,19,27
CLEARNOSE SKATE,CLEARNOSE SKATE_Lit_Opt_1,Lit_Opt_1,1998,2,3.747651325654502,19,27
CLEARNOSE SKATE,CLEARNOSE SKATE_Lit_Opt_1,Lit_Opt_1,1999,2,19.94245277463681,19,27
CLEARNOSE SKATE,CLEARNOSE SKATE_Lit_Opt_1,Lit_Opt_1,2000,2,8.690233603637434,19,27
CLEARNOSE SKATE,CLEARNOSE SKATE_Lit_Opt_1,Lit_Opt_1,2001,2,10.152414970344314,19,27
CLEARNOSE SKATE,CLEARNOSE SKATE_Lit_Opt_1,Lit_Opt_1,2002,2,16.78883268078076,19,27
CLEARNOSE SKATE,CLEARNOSE SKATE_Lit_Opt_1,Lit_Opt_1,2003,2,9.552492970168661,19,27
CLEARNOSE SKATE,CLEARNOSE SKATE_Lit_Opt_1,Lit_Opt_1,2004,2,7.420748073011548,19,27
CLEARNOSE SKATE,CLEARNOSE SKATE_Lit_Opt_1,Lit_Opt_1,2005,2,5.842974769200541,19,27
CLEARNOSE SKATE,CLEARNOSE SKATE_Lit_Opt_1,Lit_Opt_1,2006,2,13.36470824045129,19,27
CLEARNOSE SKATE,CLEARNOSE SKATE_Lit_Opt_1,Lit_Opt_1,2007,2,7.125877584047885,19,27
CLEARNOSE SKATE,CLEARNOSE SKATE_Lit_Opt_1,Lit_Opt_1,2008,2,13.971388437680238,19,27
CLEARNOSE SKATE,CLEARNOSE SKATE_Lit_Opt_1,Lit_Opt_1,2009,2,18.06226295651188,19,27
CLEARNOSE SKATE,CLEARNOSE SKATE_Lit_Opt_1,Lit_Opt_1,2010,2,7.476562074938974,19,27
CLEARNOSE SKATE,CLEARNOSE SKATE_Lit_Opt_1,Lit_Opt_1,2011,2,18.578034327365494,19,27
CLEARNOSE SKATE,CLEARNOSE SKATE_Lit_Opt_1,Lit_Opt_1,2012,2,20.828482154824826,19,27
CLEARNOSE SKATE,CLEARNOSE SKATE_Lit_Opt_1,Lit_Opt_1,2013,2,11.499584575105795,19,27
CLEARNOSE SKATE,CLEARNOSE SKATE_Lit_Opt_1,Lit_Opt_1,2014,2,26.67184296800609,19,27
CLEARNOSE SKATE,CLEARNOSE SKATE_Lit_Opt_1,Lit_Opt_1,2015,2,26.847207585711864,19,27
CLEARNOSE SKATE,CLEARNOSE SKATE_Lit_Opt_1,Lit_Opt_1,2016,2,21.270011733372957,19,27
CLEARNOSE SKATE,CLEARNOSE SKATE_Lit_Opt_1,Lit_Opt_1,2017,2,23.365174091339618,19,27
CLEARNOSE SKATE,CLEARNOSE SKATE_Lit_Opt_1,Lit_Opt_1,2018,2,10.307996264117861,19,27
CLEARNOSE SKATE,CLEARNOSE SKATE_Lit_Opt_1,Lit_Opt_1,2019,2,25.010497679926374,19,27
CLEARNOSE SKATE,CLEARNOSE SKATE_Lit_Opt_1,Lit_Opt_1,2020,2,24.256210791569753,19,27
CLEARNOSE SKATE,CLEARNOSE SKATE_Lit_Opt_1,Lit_Opt_1,2022,2,33.78744695226647,19,27
CLEARNOSE SKATE,CLEARNOSE SKATE_Lit_Opt_1,Lit_Opt_1,2023,2,39.13447540017235,19,27
CLEARNOSE SKATE,CLEARNOSE SKATE_Lit_Opt_1,Lit_Opt_1,2024,2,36.61594333363027,19,27
CLEARNOSE SKATE,CLEARNOSE SKATE_Survey_0_100,Survey_0_100,1959,2,0,2.2,27.400000000000002
CLEARNOSE SKATE,CLEARNOSE SKATE_Survey_0_100,Survey_0_100,1960,2,-0.25114700658578215,2.2,27.400000000000002
CLEARNOSE SKATE,CLEARNOSE SKATE_Survey_0_100,Survey_0_100,1961,2,0.003482020515960471,2.2,27.400000000000002
CLEARNOSE SKATE,CLEARNOSE SKATE_Survey_0_100,Survey_0_100,1962,2,-0.0372402954942288,2.2,27.400000000000002
CLEARNOSE SKATE,CLEARNOSE SKATE_Survey_0_100,Survey_0_100,1963,2,-0.08269189274408006,2.2,27.400000000000002
CLEARNOSE SKATE,CLEARNOSE SKATE_Survey_0_100,Survey_0_100,1964,2,6.752071076903121e-4,2.2,27.400000000000002
CLEARNOSE SKATE,CLEARNOSE SKATE_Survey_0_100,Survey_0_100,1965,2,-0.003549328955330111,2.2,27.400000000000002
CLEARNOSE SKATE,CLEARNOSE SKATE_Survey_0_100,Survey_0_100,1966,2,-0.012584965981645269,2.2,27.400000000000002
CLEARNOSE SKATE,CLEARNOSE SKATE_Survey_0_100,Survey_0_100,1967,2,-0.019213923923899756,2.2,27.400000000000002
CLEARNOSE SKATE,CLEARNOSE SKATE_Survey_0_100,Survey_0_100,1968,2,-0.10135942030312606,2.2,27.400000000000002
CLEARNOSE SKATE,CLEARNOSE SKATE_Survey_0_100,Survey_0_100,1969,2,-0.1702727583956829,2.2,27.400000000000002
CLEARNOSE SKATE,CLEARNOSE SKATE_Survey_0_100,Survey_0_100,1970,2,-0.00280724061053661,2.2,27.400000000000002
CLEARNOSE SKATE,CLEARNOSE SKATE_Survey_0_100,Survey_0_100,1971,2,0.003482020515960471,2.2,27.400000000000002
CLEARNOSE SKATE,CLEARNOSE SKATE_Survey_0_100,Survey_0_100,1972,2,0.003482020515960471,2.2,27.400000000000002
CLEARNOSE SKATE,CLEARNOSE SKATE_Survey_0_100,Survey_0_100,1973,2,-0.009773919888189653,2.2,27.400000000000002
CLEARNOSE SKATE,CLEARNOSE SKATE_Survey_0_100,Survey_0_100,1974,2,0.003482020515960471,2.2,27.400000000000002
CLEARNOSE SKATE,CLEARNOSE SKATE_Survey_0_100,Survey_0_100,1975,2,0.003482020515960471,2.2,27.400000000000002
CLEARNOSE SKATE,CLEARNOSE SKATE_Survey_0_100,Survey_0_100,1976,2,0.003482020515960471,2.2,27.400000000000002
CLEARNOSE SKATE,CLEARNOSE SKATE_Survey_0_100,Survey_0_100,1977,2,-0.172005397634436,2.2,27.400000000000002
CLEARNOSE SKATE,CLEARNOSE SKATE_Survey_0_100,Survey_0_100,1978,2,-0.1466541595254114,2.2,27.400000000000002
CLEARNOSE SKATE,CLEARNOSE SKATE_Survey_0_100,Survey_0_100,1979,2,-0.056748055250679386,2.2,27.400000000000002
CLEARNOSE SKATE,CLEARNOSE SKATE_Survey_0_100,Survey_0_100,1980,2,-0.07267501205600979,2.2,27.400000000000002
CLEARNOSE SKATE,CLEARNOSE SKATE_Survey_0_100,Survey_0_100,1981,2,-0.03015370160051134,2.2,27.400000000000002
CLEARNOSE SKATE,CLEARNOSE SKATE_Survey_0_100,Survey_0_100,1982,2,-0.01278777683509702,2.2,27.400000000000002
CLEARNOSE SKATE,CLEARNOSE SKATE_Survey_0_100,Survey_0_100,1983,2,0.003482020515960471,2.2,27.400000000000002
CLEARNOSE SKATE,CLEARNOSE SKATE_Survey_0_100,Survey_0_100,1984,2,0.003482020515960471,2.2,27.400000000000002
CLEARNOSE SKATE,CLEARNOSE SKATE_Survey_0_100,Survey_0_100,1985,2,-0.006288289088374199,2.2,27.400000000000002
CLEARNOSE SKATE,CLEARNOSE SKATE_Survey_0_100,Survey_0_100,1986,2,-0.033373900822695646,2.2,27.400000000000002
CLEARNOSE SKATE,CLEARNOSE SKATE_Survey_0_100,Survey_0_100,1987,2,-0.06934956015659566,2.2,27.400000000000002
CLEARNOSE SKATE,CLEARNOSE SKATE_Survey_0_100,Survey_0_100,1988,2,-0.04628022107931429,2.2,27.400000000000002
CLEARNOSE SKATE,CLEARNOSE SKATE_Survey_0_100,Survey_0_100,1989,2,-0.029636018344803006,2.2,27.400000000000002
CLEARNOSE SKATE,CLEARNOSE SKATE_Survey_0_100,Survey_0_100,1990,2,0.003482020515960471,2.2,27.400000000000002
CLEARNOSE SKATE,CLEARNOSE SKATE_Survey_0_100,Survey_0_100,1991,2,0.003482020515960471,2.2,27.400000000000002
CLEARNOSE SKATE,CLEARNOSE SKATE_Survey_0_100,Survey_0_100,1992,2,0.003482020515960471,2.2,27.400000000000002
CLEARNOSE SKATE,CLEARNOSE SKATE_Survey_0_100,Survey_0_100,1993,2,-0.025212080083491628,2.2,27.400000000000002
CLEARNOSE SKATE,CLEARNOSE SKATE_Survey_0_100,Survey_0_100,1994,2,0.003414961083592516,2.2,27.400000000000002
CLEARNOSE SKATE,CLEARNOSE SKATE_Survey_0_100,Survey_0_100,1995,2,0.003482020515960471,2.2,27.400000000000002
CLEARNOSE SKATE,CLEARNOSE SKATE_Survey_0_100,Survey_0_100,1996,2,-9.765314823226845e-4,2.2,27.400000000000002
CLEARNOSE SKATE,CLEARNOSE SKATE_Survey_0_100,Survey_0_100,1997,2,0.003482020515960471,2.2,27.400000000000002
CLEARNOSE SKATE,CLEARNOSE SKATE_Survey_0_100,Survey_0_100,1998,2,0.003482020515960471,2.2,27.400000000000002
CLEARNOSE SKATE,CLEARNOSE SKATE_Survey_0_100,Survey_0_100,1999,2,0.003482020515960471,2.2,27.400000000000002
CLEARNOSE SKATE,CLEARNOSE SKATE_Survey_0_100,Survey_0_100,2000,2,0.003482020515960471,2.2,27.400000000000002
CLEARNOSE SKATE,CLEARNOSE SKATE_Survey_0_100,Survey_0_100,2001,2,0.003482020515960471,2.2,27.400000000000002
CLEARNOSE SKATE,CLEARNOSE SKATE_Survey_0_100,Survey_0_100,2002,2,5.412913777433914e-4,2.2,27.400000000000002
CLEARNOSE SKATE,CLEARNOSE SKATE_Survey_0_100,Survey_0_100,2003,2,0.003280842353788671,2.2,27.400000000000002
CLEARNOSE SKATE,CLEARNOSE SKATE_Survey_0_100,Survey_0_100,2004,2,0.003482020515960471,2.2,27.400000000000002
CLEARNOSE SKATE,CLEARNOSE SKATE_Survey_0_100,Survey_0_100,2005,2,0.0032279808424391376,2.2,27.400000000000002
CLEARNOSE SKATE,CLEARNOSE SKATE_Survey_0_100,Survey_0_100,2006,2,0.003482020515960471,2.2,27.400000000000002
CLEARNOSE SKATE,CLEARNOSE SKATE_Survey_0_100,Survey_0_100,2007,2,0.002011655946844826,2.2,27.400000000000002
CLEARNOSE SKATE,CLEARNOSE SKATE_Survey_0_100,Survey_0_100,2008,2,0.003482020515960471,2.2,27.400000000000002
CLEARNOSE SKATE,CLEARNOSE SKATE_Survey_0_100,Survey_0_100,2009,2,0.003482020515960471,2.2,27.400000000000002
CLEARNOSE SKATE,CLEARNOSE SKATE_Survey_0_100,Survey_0_100,2010,2,-0.07695370817286573,2.2,27.400000000000002
CLEARNOSE SKATE,CLEARNOSE SKATE_Survey_0_100,Survey_0_100,2011,2,0.003482020515960471,2.2,27.400000000000002
CLEARNOSE SKATE,CLEARNOSE SKATE_Survey_0_100,Survey_0_100,2012,2,-0.07214517518224284,2.2,27.400000000000002
CLEARNOSE SKATE,CLEARNOSE SKATE_Survey_0_100,Survey_0_100,2013,2,0.003482020515960471,2.2,27.400000000000002
CLEARNOSE SKATE,CLEARNOSE SKATE_Survey_0_100,Survey_0_100,2014,2,0.003414961128569871,2.2,27.400000000000002
CLEARNOSE SKATE,CLEARNOSE SKATE_Survey_0_100,Survey_0_100,2015,2,-0.0065673232490865985,2.2,27.400000000000002
CLEARNOSE SKATE,CLEARNOSE SKATE_Survey_0_100,Survey_0_100,2016,2,-0.2703567417179329,2.2,27.400000000000002
CLEARNOSE SKATE,CLEARNOSE SKATE_Survey_0_100,Survey_0_100,2017,2,0.003482020515960471,2.2,27.400000000000002
CLEARNOSE SKATE,CLEARNOSE SKATE_Survey_0_100,Survey_0_100,2018,2,-0.05554358357271383,2.2,27.400000000000002
CLEARNOSE SKATE,CLEARNOSE SKATE_Survey_0_100,Survey_0_100,2019,2,0.003482020515960471,2.2,27.400000000000002
CLEARNOSE SKATE,CLEARNOSE SKATE_Survey_0_100,Survey_0_100,2020,2,-0.004215250951759231,2.2,27.400000000000002
CLEARNOSE SKATE,CLEARNOSE SKATE_Survey_0_100,Survey_0_100,2022,2,-0.8983083093169739,2.2,27.400000000000002
CLEARNOSE SKATE,CLEARNOSE SKATE_Survey_0_100,Survey_0_100,2023,2,-1.2907188894657367,2.2,27.400000000000002
CLEARNOSE SKATE,CLEARNOSE SKATE_Survey_0_100,Survey_0_100,2024,2,-0.8877638461745931,2.2,27.400000000000002
CLEARNOSE SKATE,CLEARNOSE SKATE_Survey_10_90,Survey_10_90,1959,2,0,7.3,22.602000000000004
CLEARNOSE SKATE,CLEARNOSE SKATE_Survey_10_90,Survey_10_90,1960,2,-10.70112920410947,7.3,22.602000000000004
CLEARNOSE SKATE,CLEARNOSE SKATE_Survey_10_90,Survey_10_90,1961,2,-17.249560688592922,7.3,22.602000000000004
CLEARNOSE SKATE,CLEARNOSE SKATE_Survey_10_90,Survey_10_90,1962,2,-1.7120975813454606,7.3,22.602000000000004
CLEARNOSE SKATE,CLEARNOSE SKATE_Survey_10_90,Survey_10_90,1963,2,-3.4987320908847153,7.3,22.602000000000004
CLEARNOSE SKATE,CLEARNOSE SKATE_Survey_10_90,Survey_10_90,1964,2,14.275446479112787,7.3,22.602000000000004
CLEARNOSE SKATE,CLEARNOSE SKATE_Survey_10_90,Survey_10_90,1965,2,-7.3836140689259935,7.3,22.602000000000004
CLEARNOSE SKATE,CLEARNOSE SKATE_Survey_10_90,Survey_10_90,1966,2,-23.649946084809486,7.3,22.602000000000004
CLEARNOSE SKATE,CLEARNOSE SKATE_Survey_10_90,Survey_10_90,1967,2,-14.907520077686414,7.3,22.602000000000004
CLEARNOSE SKATE,CLEARNOSE SKATE_Survey_10_90,Survey_10_90,1968,2,-11.556757413972448,7.3,22.602000000000004
CLEARNOSE SKATE,CLEARNOSE SKATE_Survey_10_90,Survey_10_90,1969,2,-26.634111495950336,7.3,22.602000000000004
CLEARNOSE SKATE,CLEARNOSE SKATE_Survey_10_90,Survey_10_90,1970,2,2.0623392612330633,7.3,22.602000000000004
CLEARNOSE SKATE,CLEARNOSE SKATE_Survey_10_90,Survey_10_90,1971,2,-5.383039260972339,7.3,22.602000000000004
CLEARNOSE SKATE,CLEARNOSE SKATE_Survey_10_90,Survey_10_90,1972,2,6.345371360255683,7.3,22.602000000000004
CLEARNOSE SKATE,CLEARNOSE SKATE_Survey_10_90,Survey_10_90,1973,2,-1.2033279385156561,7.3,22.602000000000004
CLEARNOSE SKATE,CLEARNOSE SKATE_Survey_10_90,Survey_10_90,1974,2,26.166837381791098,7.3,22.602000000000004
CLEARNOSE SKATE,CLEARNOSE SKATE_Survey_10_90,Survey_10_90,1975,2,15.29974431812117,7.3,22.602000000000004
CLEARNOSE SKATE,CLEARNOSE SKATE_Survey_10_90,Survey_10_90,1976,2,26.37982032902802,7.3,22.602000000000004
CLEARNOSE SKATE,CLEARNOSE SKATE_Survey_10_90,Survey_10_90,1977,2,3.8261119624880706,7.3,22.602000000000004
CLEARNOSE SKATE,CLEARNOSE SKATE_Survey_10_90,Survey_10_90,1978,2,10.716751660129987,7.3,22.602000000000004
CLEARNOSE SKATE,CLEARNOSE SKATE_Survey_10_90,Survey_10_90,1979,2,-4.332655778551427,7.3,22.602000000000004
CLEARNOSE SKATE,CLEARNOSE SKATE_Survey_10_90,Survey_10_90,1980,2,-15.503159938690203,7.3,22.602000000000004
CLEARNOSE SKATE,CLEARNOSE SKATE_Survey_10_90,Survey_10_90,1981,2,-1.418820614315095,7.3,22.602000000000004
CLEARNOSE SKATE,CLEARNOSE SKATE_Survey_10_90,Survey_10_90,1982,2,9.812711087658457,7.3,22.602000000000004
CLEARNOSE SKATE,CLEARNOSE SKATE_Survey_10_90,Survey_10_90,1983,2,13.063972655133,7.3,22.602000000000004
CLEARNOSE SKATE,CLEARNOSE SKATE_Survey_10_90,Survey_10_90,1984,2,-19.073304406085157,7.3,22.602000000000004
CLEARNOSE SKATE,CLEARNOSE SKATE_Survey_10_90,Survey_10_90,1985,2,13.185101017500614,7.3,22.602000000000004
CLEARNOSE SKATE,CLEARNOSE SKATE_Survey_10_90,Survey_10_90,1986,2,12.83814927673518,7.3,22.602000000000004
CLEARNOSE SKATE,CLEARNOSE SKATE_Survey_10_90,Survey_10_90,1987,2,-3.301346125799739,7.3,22.602000000000004
CLEARNOSE SKATE,CLEARNOSE SKATE_Survey_10_90,Survey_10_90,1988,2,-0.24083086455742375,7.3,22.602000000000004
CLEARNOSE SKATE,CLEARNOSE SKATE_Survey_10_90,Survey_10_90,1989,2,0.6400128626237489,7.3,22.602000000000004
CLEARNOSE SKATE,CLEARNOSE SKATE_Survey_10_90,Survey_10_90,1990,2,22.025527234736217,7.3,22.602000000000004
CLEARNOSE SKATE,CLEARNOSE SKATE_Survey_10_90,Survey_10_90,1991,2,18.642555915197846,7.3,22.602000000000004
CLEARNOSE SKATE,CLEARNOSE SKATE_Survey_10_90,Survey_10_90,1992,2,24.071063253387464,7.3,22.602000000000004
CLEARNOSE SKATE,CLEARNOSE SKATE_Survey_10_90,Survey_10_90,1993,2,-23.87132392033506,7.3,22.602000000000004
CLEARNOSE SKATE,CLEARNOSE SKATE_Survey_10_90,Survey_10_90,1994,2,-14.087845763281798,7.3,22.602000000000004
CLEARNOSE SKATE,CLEARNOSE SKATE_Survey_10_90,Survey_10_90,1995,2,7.338095876500844,7.3,22.602000000000004
CLEARNOSE SKATE,CLEARNOSE SKATE_Survey_10_90,Survey_10_90,1996,2,-20.61255648636135,7.3,22.602000000000004
CLEARNOSE SKATE,CLEARNOSE SKATE_Survey_10_90,Survey_10_90,1997,2,25.017357748205143,7.3,22.602000000000004
CLEARNOSE SKATE,CLEARNOSE SKATE_Survey_10_90,Survey_10_90,1998,2,1.0794269715050149,7.3,22.602000000000004
CLEARNOSE SKATE,CLEARNOSE SKATE_Survey_10_90,Survey_10_90,1999,2,1.1937995965044195,7.3,22.602000000000004
CLEARNOSE SKATE,CLEARNOSE SKATE_Survey_10_90,Survey_10_90,2000,2,18.040429766266143,7.3,22.602000000000004
CLEARNOSE SKATE,CLEARNOSE SKATE_Survey_10_90,Survey_10_90,2001,2,-5.970742377430227,7.3,22.602000000000004
CLEARNOSE SKATE,CLEARNOSE SKATE_Survey_10_90,Survey_10_90,2002,2,22.166336481291665,7.3,22.602000000000004
CLEARNOSE SKATE,CLEARNOSE SKATE_Survey_10_90,Survey_10_90,2003,2,2.332565472603008,7.3,22.602000000000004
CLEARNOSE SKATE,CLEARNOSE SKATE_Survey_10_90,Survey_10_90,2004,2,-36.756022162690584,7.3,22.602000000000004
CLEARNOSE SKATE,CLEARNOSE SKATE_Survey_10_90,Survey_10_90,2005,2,-19.944201472997378,7.3,22.602000000000004
CLEARNOSE SKATE,CLEARNOSE SKATE_Survey_10_90,Survey_10_90,2006,2,22.16396564335038,7.3,22.602000000000004
CLEARNOSE SKATE,CLEARNOSE SKATE_Survey_10_90,Survey_10_90,2007,2,6.759207145859051,7.3,22.602000000000004
CLEARNOSE SKATE,CLEARNOSE SKATE_Survey_10_90,Survey_10_90,2008,2,23.877896642938637,7.3,22.602000000000004
CLEARNOSE SKATE,CLEARNOSE SKATE_Survey_10_90,Survey_10_90,2009,2,5.100735491343158,7.3,22.602000000000004
CLEARNOSE SKATE,CLEARNOSE SKATE_Survey_10_90,Survey_10_90,2010,2,-23.34508813786359,7.3,22.602000000000004
CLEARNOSE SKATE,CLEARNOSE SKATE_Survey_10_90,Survey_10_90,2011,2,16.824761611367464,7.3,22.602000000000004
CLEARNOSE SKATE,CLEARNOSE SKATE_Survey_10_90,Survey_10_90,2012,2,22.794847321380104,7.3,22.602000000000004
CLEARNOSE SKATE,CLEARNOSE SKATE_Survey_10_90,Survey_10_90,2013,2,4.5702657033885,7.3,22.602000000000004
CLEARNOSE SKATE,CLEARNOSE SKATE_Survey_10_90,Survey_10_90,2014,2,1.0687392498751365,7.3,22.602000000000004
CLEARNOSE SKATE,CLEARNOSE SKATE_Survey_10_90,Survey_10_90,2015,2,1.086917167047119,7.3,22.602000000000004
CLEARNOSE SKATE,CLEARNOSE SKATE_Survey_10_90,Survey_10_90,2016,2,18.209228837342494,7.3,22.602000000000004
CLEARNOSE SKATE,CLEARNOSE SKATE_Survey_10_90,Survey_10_90,2017,2,22.75536712341146,7.3,22.602000000000004
CLEARNOSE SKATE,CLEARNOSE SKATE_Survey_10_90,Survey_10_90,2018,2,1.5599160063547828,7.3,22.602000000000004
CLEARNOSE SKATE,CLEARNOSE SKATE_Survey_10_90,Survey_10_90,2019,2,-14.151152500809388,7.3,22.602000000000004
CLEARNOSE SKATE,CLEARNOSE SKATE_Survey_10_90,Survey_10_90,2020,2,23.719494968076944,7.3,22.602000000000004
CLEARNOSE SKATE,CLEARNOSE SKATE_Survey_10_90,Survey_10_90,2022,2,12.288531487002587,7.3,22.602000000000004
CLEARNOSE SKATE,CLEARNOSE SKATE_Survey_10_90,Survey_10_90,2023,2,13.171419025553178,7.3,22.602000000000004
CLEARNOSE SKATE,CLEARNOSE SKATE_Survey_10_90,Survey_10_90,2024,2,-2.239022817459812,7.3,22.602000000000004
"CRAB,RED DEEPSEA","CRAB,RED DEEPSEA_Survey_0_100",Survey_0_100,1959,2,0,3,14.8
"CRAB,RED DEEPSEA","CRAB,RED DEEPSEA_Survey_0_100",Survey_0_100,1960,2,0.16248939493021908,3,14.8
"CRAB,RED DEEPSEA","CRAB,RED DEEPSEA_Survey_0_100",Survey_0_100,1961,2,-0.15583180265008423,3,14.8
"CRAB,RED DEEPSEA","CRAB,RED DEEPSEA_Survey_0_100",Survey_0_100,1962,2,-0.5468246415433669,3,14.8
"CRAB,RED DEEPSEA","CRAB,RED DEEPSEA_Survey_0_100",Survey_0_100,1963,2,0.19994543879163018,3,14.8
"CRAB,RED DEEPSEA","CRAB,RED DEEPSEA_Survey_0_100",Survey_0_100,1964,2,0.22809258794752907,3,14.8
"CRAB,RED DEEPSEA","CRAB,RED DEEPSEA_Survey_0_100",Survey_0_100,1965,2,-2.0569063720854217,3,14.8
"CRAB,RED DEEPSEA","CRAB,RED DEEPSEA_Survey_0_100",Survey_0_100,1966,2,-0.13565884597571198,3,14.8
"CRAB,RED DEEPSEA","CRAB,RED DEEPSEA_Survey_0_100",Survey_0_100,1967,2,-0.9158160797043848,3,14.8
"CRAB,RED DEEPSEA","CRAB,RED DEEPSEA_Survey_0_100",Survey_0_100,1968,2,-3.358754088337804,3,14.8
"CRAB,RED DEEPSEA","CRAB,RED DEEPSEA_Survey_0_100",Survey_0_100,1969,2,-7.543403682339104,3,14.8
"CRAB,RED DEEPSEA","CRAB,RED DEEPSEA_Survey_0_100",Survey_0_100,1970,2,0.12179012117206867,3,14.8
"CRAB,RED DEEPSEA","CRAB,RED DEEPSEA_Survey_0_100",Survey_0_100,1971,2,-2.497939580732833,3,14.8
"CRAB,RED DEEPSEA","CRAB,RED DEEPSEA_Survey_0_100",Survey_0_100,1972,2,-0.7241032721879606,3,14.8
"CRAB,RED DEEPSEA","CRAB,RED DEEPSEA_Survey_0_100",Survey_0_100,1973,2,-1.3516264458759508,3,14.8
"CRAB,RED DEEPSEA","CRAB,RED DEEPSEA_Survey_0_100",Survey_0_100,1974,2,0.2254495893436257,3,14.8
"CRAB,RED DEEPSEA","CRAB,RED DEEPSEA_Survey_0_100",Survey_0_100,1975,2,0.2485795919696301,3,14.8
"CRAB,RED DEEPSEA","CRAB,RED DEEPSEA_Survey_0_100",Survey_0_100,1976,2,0.2612254863754373,3,14.8
"CRAB,RED DEEPSEA","CRAB,RED DEEPSEA_Survey_0_100",Survey_0_100,1977,2,-0.5582455178709438,3,14.8
"CRAB,RED DEEPSEA","CRAB,RED DEEPSEA_Survey_0_100",Survey_0_100,1978,2,0.1524245369963495,3,14.8
"CRAB,RED DEEPSEA","CRAB,RED DEEPSEA_Survey_0_100",Survey_0_100,1979,2,-2.012923744442901,3,14.8
"CRAB,RED DEEPSEA","CRAB,RED DEEPSEA_Survey_0_100",Survey_0_100,1980,2,-0.6239454323231257,3,14.8
"CRAB,RED DEEPSEA","CRAB,RED DEEPSEA_Survey_0_100",Survey_0_100,1981,2,-0.3560024482823678,3,14.8
"CRAB,RED DEEPSEA","CRAB,RED DEEPSEA_Survey_0_100",Survey_0_100,1982,2,0.12468216241133234,3,14.8
"CRAB,RED DEEPSEA","CRAB,RED DEEPSEA_Survey_0_100",Survey_0_100,1983,2,-0.16996834058033983,3,14.8
"CRAB,RED DEEPSEA","CRAB,RED DEEPSEA_Survey_0_100",Survey_0_100,1984,2,0.1817266288860253,3,14.8
"CRAB,RED DEEPSEA","CRAB,RED DEEPSEA_Survey_0_100",Survey_0_100,1985,2,0.034404488492242535,3,14.8
"CRAB,RED DEEPSEA","CRAB,RED DEEPSEA_Survey_0_100",Survey_0_100,1986,2,-0.21618744855540228,3,14.8
"CRAB,RED DEEPSEA","CRAB,RED DEEPSEA_Survey_0_100",Survey_0_100,1987,2,-4.49604002635769,3,14.8
"CRAB,RED DEEPSEA","CRAB,RED DEEPSEA_Survey_0_100",Survey_0_100,1988,2,0.15339070596753857,3,14.8
"CRAB,RED DEEPSEA","CRAB,RED DEEPSEA_Survey_0_100",Survey_0_100,1989,2,-9.323189495641756,3,14.8
"CRAB,RED DEEPSEA","CRAB,RED DEEPSEA_Survey_0_100",Survey_0_100,1990,2,0.18714890656221428,3,14.8
"CRAB,RED DEEPSEA","CRAB,RED DEEPSEA_Survey_0_100",Survey_0_100,1991,2,0.0835066978602299,3,14.8
"CRAB,RED DEEPSEA","CRAB,RED DEEPSEA_Survey_0_100",Survey_0_100,1992,2,-0.6589425726704405,3,14.8
"CRAB,RED DEEPSEA","CRAB,RED DEEPSEA_Survey_0_100",Survey_0_100,1993,2,-0.33846270566847636,3,14.8
"CRAB,RED DEEPSEA","CRAB,RED DEEPSEA_Survey_0_100",Survey_0_100,1994,2,0.25978018977599504,3,14.8
"CRAB,RED DEEPSEA","CRAB,RED DEEPSEA_Survey_0_100",Survey_0_100,1995,2,0.23158031197540652,3,14.8
"CRAB,RED DEEPSEA","CRAB,RED DEEPSEA_Survey_0_100",Survey_0_100,1996,2,0.26245808221595723,3,14.8
"CRAB,RED DEEPSEA","CRAB,RED DEEPSEA_Survey_0_100",Survey_0_100,1997,2,0.26173353463423155,3,14.8
"CRAB,RED DEEPSEA","CRAB,RED DEEPSEA_Survey_0_100",Survey_0_100,1998,2,0.24552662020713,3,14.8
"CRAB,RED DEEPSEA","CRAB,RED DEEPSEA_Survey_0_100",Survey_0_100,1999,2,0.22142272560336096,3,14.8
"CRAB,RED DEEPSEA","CRAB,RED DEEPSEA_Survey_0_100",Survey_0_100,2000,2,0.25836565268053846,3,14.8
"CRAB,RED DEEPSEA","CRAB,RED DEEPSEA_Survey_0_100",Survey_0_100,2001,2,0.2329081304366838,3,14.8
"CRAB,RED DEEPSEA","CRAB,RED DEEPSEA_Survey_0_100",Survey_0_100,2002,2,0.2263534369034801,3,14.8
"CRAB,RED DEEPSEA","CRAB,RED DEEPSEA_Survey_0_100",Survey_0_100,2003,2,-0.6882936306756449,3,14.8
"CRAB,RED DEEPSEA","CRAB,RED DEEPSEA_Survey_0_100",Survey_0_100,2004,2,-1.6402481128501023,3,14.8
"CRAB,RED DEEPSEA","CRAB,RED DEEPSEA_Survey_0_100",Survey_0_100,2005,2,0.032265770247519754,3,14.8
"CRAB,RED DEEPSEA","CRAB,RED DEEPSEA_Survey_0_100",Survey_0_100,2006,2,0.25972564861361036,3,14.8
"CRAB,RED DEEPSEA","CRAB,RED DEEPSEA_Survey_0_100",Survey_0_100,2007,2,0.2618772471084867,3,14.8
"CRAB,RED DEEPSEA","CRAB,RED DEEPSEA_Survey_0_100",Survey_0_100,2008,2,0.25269954067321976,3,14.8
"CRAB,RED DEEPSEA","CRAB,RED DEEPSEA_Survey_0_100",Survey_0_100,2009,2,0.18742526038801088,3,14.8
"CRAB,RED DEEPSEA","CRAB,RED DEEPSEA_Survey_0_100",Survey_0_100,2010,2,0.2516307250109264,3,14.8
"CRAB,RED DEEPSEA","CRAB,RED DEEPSEA_Survey_0_100",Survey_0_100,2011,2,0.254852279682936,3,14.8
"CRAB,RED DEEPSEA","CRAB,RED DEEPSEA_Survey_0_100",Survey_0_100,2012,2,0.24972393883591337,3,14.8
"CRAB,RED DEEPSEA","CRAB,RED DEEPSEA_Survey_0_100",Survey_0_100,2013,2,0.24562559450318133,3,14.8
"CRAB,RED DEEPSEA","CRAB,RED DEEPSEA_Survey_0_100",Survey_0_100,2014,2,0.2312310670300377,3,14.8
"CRAB,RED DEEPSEA","CRAB,RED DEEPSEA_Survey_0_100",Survey_0_100,2015,2,0.2151810678921322,3,14.8
"CRAB,RED DEEPSEA","CRAB,RED DEEPSEA_Survey_0_100",Survey_0_100,2016,2,0.24435629018752536,3,14.8
"CRAB,RED DEEPSEA","CRAB,RED DEEPSEA_Survey_0_100",Survey_0_100,2017,2,0.25257501542867544,3,14.8
"CRAB,RED DEEPSEA","CRAB,RED DEEPSEA_Survey_0_100",Survey_0_100,2018,2,0.25983893408077563,3,14.8
"CRAB,RED DEEPSEA","CRAB,RED DEEPSEA_Survey_0_100",Survey_0_100,2019,2,0.0765870686808654,3,14.8
"CRAB,RED DEEPSEA","CRAB,RED DEEPSEA_Survey_0_100",Survey_0_100,2020,2,0.26249828580859,3,14.8
"CRAB,RED DEEPSEA","CRAB,RED DEEPSEA_Survey_0_100",Survey_0_100,2022,2,0.24510909316147433,3,14.8
"CRAB,RED DEEPSEA","CRAB,RED DEEPSEA_Survey_0_100",Survey_0_100,2023,2,0.2315516680971541,3,14.8
"CRAB,RED DEEPSEA","CRAB,RED DEEPSEA_Survey_0_100",Survey_0_100,2024,2,0.20200957966449096,3,14.8
"CRAB,RED DEEPSEA","CRAB,RED DEEPSEA_Survey_10_90",Survey_10_90,1959,2,0,5.507,10.213000000000001
"CRAB,RED DEEPSEA","CRAB,RED DEEPSEA_Survey_10_90",Survey_10_90,1960,2,-24.6613313078105,5.507,10.213000000000001
"CRAB,RED DEEPSEA","CRAB,RED DEEPSEA_Survey_10_90",Survey_10_90,1961,2,-23.860490658441286,5.507,10.213000000000001
"CRAB,RED DEEPSEA","CRAB,RED DEEPSEA_Survey_10_90",Survey_10_90,1962,2,-38.990731628690845,5.507,10.213000000000001
"CRAB,RED DEEPSEA","CRAB,RED DEEPSEA_Survey_10_90",Survey_10_90,1963,2,36.493279793637385,5.507,10.213000000000001
"CRAB,RED DEEPSEA","CRAB,RED DEEPSEA_Survey_10_90",Survey_10_90,1964,2,69.71671425552313,5.507,10.213000000000001
"CRAB,RED DEEPSEA","CRAB,RED DEEPSEA_Survey_10_90",Survey_10_90,1965,2,37.829504381545135,5.507,10.213000000000001
"CRAB,RED DEEPSEA","CRAB,RED DEEPSEA_Survey_10_90",Survey_10_90,1966,2,28.164187385540288,5.507,10.213000000000001
"CRAB,RED DEEPSEA","CRAB,RED DEEPSEA_Survey_10_90",Survey_10_90,1967,2,14.987134768851455,5.507,10.213000000000001
"CRAB,RED DEEPSEA","CRAB,RED DEEPSEA_Survey_10_90",Survey_10_90,1968,2,-14.557584321976805,5.507,10.213000000000001
"CRAB,RED DEEPSEA","CRAB,RED DEEPSEA_Survey_10_90",Survey_10_90,1969,2,-60.865599273611195,5.507,10.213000000000001
"CRAB,RED DEEPSEA","CRAB,RED DEEPSEA_Survey_10_90",Survey_10_90,1970,2,31.85372511128849,5.507,10.213000000000001
"CRAB,RED DEEPSEA","CRAB,RED DEEPSEA_Survey_10_90",Survey_10_90,1971,2,31.023522525439972,5.507,10.213000000000001
"CRAB,RED DEEPSEA","CRAB,RED DEEPSEA_Survey_10_90",Survey_10_90,1972,2,34.15125950314001,5.507,10.213000000000001
"CRAB,RED DEEPSEA","CRAB,RED DEEPSEA_Survey_10_90",Survey_10_90,1973,2,20.324740688028974,5.507,10.213000000000001
"CRAB,RED DEEPSEA","CRAB,RED DEEPSEA_Survey_10_90",Survey_10_90,1974,2,64.73426211285948,5.507,10.213000000000001
"CRAB,RED DEEPSEA","CRAB,RED DEEPSEA_Survey_10_90",Survey_10_90,1975,2,56.90817063576344,5.507,10.213000000000001
"CRAB,RED DEEPSEA","CRAB,RED DEEPSEA_Survey_10_90",Survey_10_90,1976,2,82.92113788257359,5.507,10.213000000000001
"CRAB,RED DEEPSEA","CRAB,RED DEEPSEA_Survey_10_90",Survey_10_90,1977,2,17.4539099862548,5.507,10.213000000000001
"CRAB,RED DEEPSEA","CRAB,RED DEEPSEA_Survey_10_90",Survey_10_90,1978,2,6.625472541924054,5.507,10.213000000000001
"CRAB,RED DEEPSEA","CRAB,RED DEEPSEA_Survey_10_90",Survey_10_90,1979,2,9.726057000656091,5.507,10.213000000000001
"CRAB,RED DEEPSEA","CRAB,RED DEEPSEA_Survey_10_90",Survey_10_90,1980,2,2.3253695931506115,5.507,10.213000000000001
"CRAB,RED DEEPSEA","CRAB,RED DEEPSEA_Survey_10_90",Survey_10_90,1981,2,-15.539537512549046,5.507,10.213000000000001
"CRAB,RED DEEPSEA","CRAB,RED DEEPSEA_Survey_10_90",Survey_10_90,1982,2,-13.070591607487039,5.507,10.213000000000001
"CRAB,RED DEEPSEA","CRAB,RED DEEPSEA_Survey_10_90",Survey_10_90,1983,2,41.247190992650474,5.507,10.213000000000001
"CRAB,RED DEEPSEA","CRAB,RED DEEPSEA_Survey_10_90",Survey_10_90,1984,2,61.088061095584436,5.507,10.213000000000001
"CRAB,RED DEEPSEA","CRAB,RED DEEPSEA_Survey_10_90",Survey_10_90,1985,2,47.16558818515928,5.507,10.213000000000001
"CRAB,RED DEEPSEA","CRAB,RED DEEPSEA_Survey_10_90",Survey_10_90,1986,2,69.29871603398041,5.507,10.213000000000001
"CRAB,RED DEEPSEA","CRAB,RED DEEPSEA_Survey_10_90",Survey_10_90,1987,2,43.17489492374931,5.507,10.213000000000001
"CRAB,RED DEEPSEA","CRAB,RED DEEPSEA_Survey_10_90",Survey_10_90,1988,2,71.35283798376958,5.507,10.213000000000001
"CRAB,RED DEEPSEA","CRAB,RED DEEPSEA_Survey_10_90",Survey_10_90,1989,2,34.26273215921666,5.507,10.213000000000001
"CRAB,RED DEEPSEA","CRAB,RED DEEPSEA_Survey_10_90",Survey_10_90,1990,2,54.103141563612994,5.507,10.213000000000001
"CRAB,RED DEEPSEA","CRAB,RED DEEPSEA_Survey_10_90",Survey_10_90,1991,2,72.32923498924951,5.507,10.213000000000001
"CRAB,RED DEEPSEA","CRAB,RED DEEPSEA_Survey_10_90",Survey_10_90,1992,2,-31.2218932893461,5.507,10.213000000000001
"CRAB,RED DEEPSEA","CRAB,RED DEEPSEA_Survey_10_90",Survey_10_90,1993,2,52.5940727743361,5.507,10.213000000000001
"CRAB,RED DEEPSEA","CRAB,RED DEEPSEA_Survey_10_90",Survey_10_90,1994,2,75.19856395037085,5.507,10.213000000000001
"CRAB,RED DEEPSEA","CRAB,RED DEEPSEA_Survey_10_90",Survey_10_90,1995,2,75.88353093314075,5.507,10.213000000000001
"CRAB,RED DEEPSEA","CRAB,RED DEEPSEA_Survey_10_90",Survey_10_90,1996,2,82.49259507830178,5.507,10.213000000000001
"CRAB,RED DEEPSEA","CRAB,RED DEEPSEA_Survey_10_90",Survey_10_90,1997,2,77.39118744070419,5.507,10.213000000000001
"CRAB,RED DEEPSEA","CRAB,RED DEEPSEA_Survey_10_90",Survey_10_90,1998,2,78.94339986523522,5.507,10.213000000000001
"CRAB,RED DEEPSEA","CRAB,RED DEEPSEA_Survey_10_90",Survey_10_90,1999,2,70.07469685164551,5.507,10.213000000000001
"CRAB,RED DEEPSEA","CRAB,RED DEEPSEA_Survey_10_90",Survey_10_90,2000,2,77.3720834995177,5.507,10.213000000000001
"CRAB,RED DEEPSEA","CRAB,RED DEEPSEA_Survey_10_90",Survey_10_90,2001,2,75.54542032755181,5.507,10.213000000000001
"CRAB,RED DEEPSEA","CRAB,RED DEEPSEA_Survey_10_90",Survey_10_90,2002,2,82.28812064766588,5.507,10.213000000000001
"CRAB,RED DEEPSEA","CRAB,RED DEEPSEA_Survey_10_90",Survey_10_90,2003,2,43.200160155890785,5.507,10.213000000000001
"CRAB,RED DEEPSEA","CRAB,RED DEEPSEA_Survey_10_90",Survey_10_90,2004,2,-0.22764714578360667,5.507,10.213000000000001
"CRAB,RED DEEPSEA","CRAB,RED DEEPSEA_Survey_10_90",Survey_10_90,2005,2,49.394343395001144,5.507,10.213000000000001
"CRAB,RED DEEPSEA","CRAB,RED DEEPSEA_Survey_10_90",Survey_10_90,2006,2,80.32018145438005,5.507,10.213000000000001
"CRAB,RED DEEPSEA","CRAB,RED DEEPSEA_Survey_10_90",Survey_10_90,2007,2,67.72646493569884,5.507,10.213000000000001
"CRAB,RED DEEPSEA","CRAB,RED DEEPSEA_Survey_10_90",Survey_10_90,2008,2,72.96961257934109,5.507,10.213000000000001
"CRAB,RED DEEPSEA","CRAB,RED DEEPSEA_Survey_10_90",Survey_10_90,2009,2,46.69267039676605,5.507,10.213000000000001
"CRAB,RED DEEPSEA","CRAB,RED DEEPSEA_Survey_10_90",Survey_10_90,2010,2,72.47916280550811,5.507,10.213000000000001
"CRAB,RED DEEPSEA","CRAB,RED DEEPSEA_Survey_10_90",Survey_10_90,2011,2,82.49401540133694,5.507,10.213000000000001
"CRAB,RED DEEPSEA","CRAB,RED DEEPSEA_Survey_10_90",Survey_10_90,2012,2,83.51546122198533,5.507,10.213000000000001
"CRAB,RED DEEPSEA","CRAB,RED DEEPSEA_Survey_10_90",Survey_10_90,2013,2,72.55404435109014,5.507,10.213000000000001
"CRAB,RED DEEPSEA","CRAB,RED DEEPSEA_Survey_10_90",Survey_10_90,2014,2,77.07805108530067,5.507,10.213000000000001
"CRAB,RED DEEPSEA","CRAB,RED DEEPSEA_Survey_10_90",Survey_10_90,2015,2,68.6927479998042,5.507,10.213000000000001
"CRAB,RED DEEPSEA","CRAB,RED DEEPSEA_Survey_10_90",Survey_10_90,2016,2,81.50142038195834,5.507,10.213000000000001
"CRAB,RED DEEPSEA","CRAB,RED DEEPSEA_Survey_10_90",Survey_10_90,2017,2,71.46994242815417,5.507,10.213000000000001
"CRAB,RED DEEPSEA","CRAB,RED DEEPSEA_Survey_10_90",Survey_10_90,2018,2,77.1096815557031,5.507,10.213000000000001
"CRAB,RED DEEPSEA","CRAB,RED DEEPSEA_Survey_10_90",Survey_10_90,2019,2,77.95142032523874,5.507,10.213000000000001
"CRAB,RED DEEPSEA","CRAB,RED DEEPSEA_Survey_10_90",Survey_10_90,2020,2,81.4809850073851,5.507,10.213000000000001
"CRAB,RED DEEPSEA","CRAB,RED DEEPSEA_Survey_10_90",Survey_10_90,2022,2,82.60862731429944,5.507,10.213000000000001
"CRAB,RED DEEPSEA","CRAB,RED DEEPSEA_Survey_10_90",Survey_10_90,2023,2,74.21419914718038,5.507,10.213000000000001
"CRAB,RED DEEPSEA","CRAB,RED DEEPSEA_Survey_10_90",Survey_10_90,2024,2,80.99332346716257,5.507,10.213000000000001
HADDOCK,HADDOCK_Lit_Opt_1,Lit_Opt_1,1959,2,0,4,7
HADDOCK,HADDOCK_Lit_Opt_1,Lit_Opt_1,1960,2,12.202723199213082,4,7
HADDOCK,HADDOCK_Lit_Opt_1,Lit_Opt_1,1961,2,11.970358927703955,4,7
HADDOCK,HADDOCK_Lit_Opt_1,Lit_Opt_1,1962,2,7.982569689362499,4,7
HADDOCK,HADDOCK_Lit_Opt_1,Lit_Opt_1,1963,2,5.526245408552985,4,7
HADDOCK,HADDOCK_Lit_Opt_1,Lit_Opt_1,1964,2,-11.630063592004515,4,7
HADDOCK,HADDOCK_Lit_Opt_1,Lit_Opt_1,1965,2,-6.06571495066963,4,7
HADDOCK,HADDOCK_Lit_Opt_1,Lit_Opt_1,1966,2,2.563656508949279,4,7
HADDOCK,HADDOCK_Lit_Opt_1,Lit_Opt_1,1967,2,-2.635556974327905,4,7
HADDOCK,HADDOCK_Lit_Opt_1,Lit_Opt_1,1968,2,-3.5792696594531,4,7
HADDOCK,HADDOCK_Lit_Opt_1,Lit_Opt_1,1969,2,-5.851944446279671,4,7
HADDOCK,HADDOCK_Lit_Opt_1,Lit_Opt_1,1970,2,-3.682536639537009,4,7
HADDOCK,HADDOCK_Lit_Opt_1,Lit_Opt_1,1971,2,-0.09909193152308404,4,7
HADDOCK,HADDOCK_Lit_Opt_1,Lit_Opt_1,1972,2,-8.44552892069403,4,7
HADDOCK,HADDOCK_Lit_Opt_1,Lit_Opt_1,1973,2,-10.914060520270297,4,7
HADDOCK,HADDOCK_Lit_Opt_1,Lit_Opt_1,1974,2,-22.55067752778084,4,7
HADDOCK,HADDOCK_Lit_Opt_1,Lit_Opt_1,1975,2,-33.116000231763294,4,7
HADDOCK,HADDOCK_Lit_Opt_1,Lit_Opt_1,1976,2,-51.697413011091015,4,7
HADDOCK,HADDOCK_Lit_Opt_1,Lit_Opt_1,1977,2,-14.378193741276522,4,7
HADDOCK,HADDOCK_Lit_Opt_1,Lit_Opt_1,1978,2,0.4174991246065858,4,7
HADDOCK,HADDOCK_Lit_Opt_1,Lit_Opt_1,1979,2,-7.874093439675455,4,7
HADDOCK,HADDOCK_Lit_Opt_1,Lit_Opt_1,1980,2,-14.370954838989292,4,7
HADDOCK,HADDOCK_Lit_Opt_1,Lit_Opt_1,1981,2,-3.2178250010716205,4,7
HADDOCK,HADDOCK_Lit_Opt_1,Lit_Opt_1,1982,2,-0.8055180482068032,4,7
HADDOCK,HADDOCK_Lit_Opt_1,Lit_Opt_1,1983,2,-0.9811392706350652,4,7
HADDOCK,HADDOCK_Lit_Opt_1,Lit_Opt_1,1984,2,-22.432781042006482,4,7
HADDOCK,HADDOCK_Lit_Opt_1,Lit_Opt_1,1985,2,-21.401736606069708,4,7
HADDOCK,HADDOCK_Lit_Opt_1,Lit_Opt_1,1986,2,-36.97744413527289,4,7
HADDOCK,HADDOCK_Lit_Opt_1,Lit_Opt_1,1987,2,-35.31081687438986,4,7
HADDOCK,HADDOCK_Lit_Opt_1,Lit_Opt_1,1988,2,-32.87352781478155,4,7
HADDOCK,HADDOCK_Lit_Opt_1,Lit_Opt_1,1989,2,-32.45542116950776,4,7
HADDOCK,HADDOCK_Lit_Opt_1,Lit_Opt_1,1990,2,-28.112778580313265,4,7
HADDOCK,HADDOCK_Lit_Opt_1,Lit_Opt_1,1991,2,-34.211209496016785,4,7
HADDOCK,HADDOCK_Lit_Opt_1,Lit_Opt_1,1992,2,-10.335414085958764,4,7
HADDOCK,HADDOCK_Lit_Opt_1,Lit_Opt_1,1993,2,-28.664630037914602,4,7
HADDOCK,HADDOCK_Lit_Opt_1,Lit_Opt_1,1994,2,-46.93904346838556,4,7
HADDOCK,HADDOCK_Lit_Opt_1,Lit_Opt_1,1995,2,-43.70973431504033,4,7
HADDOCK,HADDOCK_Lit_Opt_1,Lit_Opt_1,1996,2,-37.875779579614935,4,7
HADDOCK,HADDOCK_Lit_Opt_1,Lit_Opt_1,1997,2,-40.370776919309996,4,7
HADDOCK,HADDOCK_Lit_Opt_1,Lit_Opt_1,1998,2,11.226504010004447,4,7
HADDOCK,HADDOCK_Lit_Opt_1,Lit_Opt_1,1999,2,-24.598607009456185,4,7
HADDOCK,HADDOCK_Lit_Opt_1,Lit_Opt_1,2000,2,-47.75459887401091,4,7
HADDOCK,HADDOCK_Lit_Opt_1,Lit_Opt_1,2001,2,-33.015291903736866,4,7
HADDOCK,HADDOCK_Lit_Opt_1,Lit_Opt_1,2002,2,-55.78612483155683,4,7
HADDOCK,HADDOCK_Lit_Opt_1,Lit_Opt_1,2003,2,-20.768584575211108,4,7
HADDOCK,HADDOCK_Lit_Opt_1,Lit_Opt_1,2004,2,-6.3414242330901445,4,7
HADDOCK,HADDOCK_Lit_Opt_1,Lit_Opt_1,2005,2,-11.748061975381821,4,7
HADDOCK,HADDOCK_Lit_Opt_1,Lit_Opt_1,2006,2,-40.15603704456744,4,7
HADDOCK,HADDOCK_Lit_Opt_1,Lit_Opt_1,2007,2,-2.3631120614239443,4,7
HADDOCK,HADDOCK_Lit_Opt_1,Lit_Opt_1,2008,2,-1.20873030730624,4,7
HADDOCK,HADDOCK_Lit_Opt_1,Lit_Opt_1,2009,2,-21.893843722548713,4,7
HADDOCK,HADDOCK_Lit_Opt_1,Lit_Opt_1,2010,2,-41.31710362616114,4,7
HADDOCK,HADDOCK_Lit_Opt_1,Lit_Opt_1,2011,2,-50.36159003924644,4,7
HADDOCK,HADDOCK_Lit_Opt_1,Lit_Opt_1,2012,2,-80.01138737290952,4,7
HADDOCK,HADDOCK_Lit_Opt_1,Lit_Opt_1,2013,2,-57.78553630262138,4,7
HADDOCK,HADDOCK_Lit_Opt_1,Lit_Opt_1,2014,2,-47.80176887601698,4,7
HADDOCK,HADDOCK_Lit_Opt_1,Lit_Opt_1,2015,2,-57.50636064141048,4,7
HADDOCK,HADDOCK_Lit_Opt_1,Lit_Opt_1,2016,2,-65.39286630099382,4,7
HADDOCK,HADDOCK_Lit_Opt_1,Lit_Opt_1,2017,2,-47.914522196109054,4,7
HADDOCK,HADDOCK_Lit_Opt_1,Lit_Opt_1,2018,2,-54.88814971025574,4,7
HADDOCK,HADDOCK_Lit_Opt_1,Lit_Opt_1,2019,2,-47.29611705884973,4,7
HADDOCK,HADDOCK_Lit_Opt_1,Lit_Opt_1,2020,2,-66.3026615232875,4,7
HADDOCK,HADDOCK_Lit_Opt_1,Lit_Opt_1,2022,2,-75.20136200222613,4,7
HADDOCK,HADDOCK_Lit_Opt_1,Lit_Opt_1,2023,2,-58.95025963566272,4,7
HADDOCK,HADDOCK_Lit_Opt_1,Lit_Opt_1,2024,2,-38.633171368516635,4,7
HADDOCK,HADDOCK_Survey_0_100,Survey_0_100,1959,2,0,0,20.1
HADDOCK,HADDOCK_Survey_0_100,Survey_0_100,1960,2,-3.2374339298257837e-7,0,20.1
HADDOCK,HADDOCK_Survey_0_100,Survey_0_100,1961,2,0,0,20.1
HADDOCK,HADDOCK_Survey_0_100,Survey_0_100,1962,2,-1.6480437778909618e-5,0,20.1
HADDOCK,HADDOCK_Survey_0_100,Survey_0_100,1963,2,-1.0660630417191896e-4,0,20.1
HADDOCK,HADDOCK_Survey_0_100,Survey_0_100,1964,2,0,0,20.1
HADDOCK,HADDOCK_Survey_0_100,Survey_0_100,1965,2,0,0,20.1
HADDOCK,HADDOCK_Survey_0_100,Survey_0_100,1966,2,-0.001029615271079365,0,20.1
HADDOCK,HADDOCK_Survey_0_100,Survey_0_100,1967,2,-2.355890166683139e-4,0,20.1
HADDOCK,HADDOCK_Survey_0_100,Survey_0_100,1968,2,-0.01031813284375005,0,20.1
HADDOCK,HADDOCK_Survey_0_100,Survey_0_100,1969,2,-0.00659404305375233,0,20.1
HADDOCK,HADDOCK_Survey_0_100,Survey_0_100,1970,2,0,0,20.1
HADDOCK,HADDOCK_Survey_0_100,Survey_0_100,1971,2,-0.011606781773451758,0,20.1
HADDOCK,HADDOCK_Survey_0_100,Survey_0_100,1972,2,-0.06978986847792612,0,20.1
HADDOCK,HADDOCK_Survey_0_100,Survey_0_100,1973,2,-0.043834669781915636,0,20.1
HADDOCK,HADDOCK_Survey_0_100,Survey_0_100,1974,2,-0.04125118338072298,0,20.1
HADDOCK,HADDOCK_Survey_0_100,Survey_0_100,1975,2,-0.008743054733699296,0,20.1
HADDOCK,HADDOCK_Survey_0_100,Survey_0_100,1976,2,-0.011947352619571916,0,20.1
HADDOCK,HADDOCK_Survey_0_100,Survey_0_100,1977,2,-6.506689933161169e-4,0,20.1
HADDOCK,HADDOCK_Survey_0_100,Survey_0_100,1978,2,-0.037554861898343006,0,20.1
HADDOCK,HADDOCK_Survey_0_100,Survey_0_100,1979,2,0,0,20.1
HADDOCK,HADDOCK_Survey_0_100,Survey_0_100,1980,2,-4.901846801459442e-4,0,20.1
HADDOCK,HADDOCK_Survey_0_100,Survey_0_100,1981,2,-0.03647492531982266,0,20.1
HADDOCK,HADDOCK_Survey_0_100,Survey_0_100,1982,2,0,0,20.1
HADDOCK,HADDOCK_Survey_0_100,Survey_0_100,1983,2,-0.03669314050314654,0,20.1
HADDOCK,HADDOCK_Survey_0_100,Survey_0_100,1984,2,-0.0022561033716073098,0,20.1
HADDOCK,HADDOCK_Survey_0_100,Survey_0_100,1985,2,-0.12860428202426988,0,20.1
HADDOCK,HADDOCK_Survey_0_100,Survey_0_100,1986,2,-0.03426084556689091,0,20.1
HADDOCK,HADDOCK_Survey_0_100,Survey_0_100,1987,2,-0.0063071089782908984,0,20.1
HADDOCK,HADDOCK_Survey_0_100,Survey_0_100,1988,2,-0.006417248714996049,0,20.1
HADDOCK,HADDOCK_Survey_0_100,Survey_0_100,1989,2,-0.018135791333435236,0,20.1
HADDOCK,HADDOCK_Survey_0_100,Survey_0_100,1990,2,-0.09611280856896087,0,20.1
HADDOCK,HADDOCK_Survey_0_100,Survey_0_100,1991,2,-0.02376803655256765,0,20.1
HADDOCK,HADDOCK_Survey_0_100,Survey_0_100,1992,2,-0.027125366723439015,0,20.1
HADDOCK,HADDOCK_Survey_0_100,Survey_0_100,1993,2,-8.093583403478988e-8,0,20.1
HADDOCK,HADDOCK_Survey_0_100,Survey_0_100,1994,2,-6.588512598995067e-4,0,20.1
HADDOCK,HADDOCK_Survey_0_100,Survey_0_100,1995,2,-0.6226718054970632,0,20.1
HADDOCK,HADDOCK_Survey_0_100,Survey_0_100,1996,2,-0.027530770606858823,0,20.1
HADDOCK,HADDOCK_Survey_0_100,Survey_0_100,1997,2,-0.0061919878393581484,0,20.1
HADDOCK,HADDOCK_Survey_0_100,Survey_0_100,1998,2,-6.581284874016546e-4,0,20.1
HADDOCK,HADDOCK_Survey_0_100,Survey_0_100,1999,2,-0.4125084892894648,0,20.1
HADDOCK,HADDOCK_Survey_0_100,Survey_0_100,2000,2,-0.08936387952483926,0,20.1
HADDOCK,HADDOCK_Survey_0_100,Survey_0_100,2001,2,-0.026581153836858107,0,20.1
HADDOCK,HADDOCK_Survey_0_100,Survey_0_100,2002,2,-0.15633448242732584,0,20.1
HADDOCK,HADDOCK_Survey_0_100,Survey_0_100,2003,2,-0.06023386222467764,0,20.1
HADDOCK,HADDOCK_Survey_0_100,Survey_0_100,2004,2,-0.12906721072990024,0,20.1
HADDOCK,HADDOCK_Survey_0_100,Survey_0_100,2005,2,-0.002372461633328271,0,20.1
HADDOCK,HADDOCK_Survey_0_100,Survey_0_100,2006,2,-0.2835197556991602,0,20.1
HADDOCK,HADDOCK_Survey_0_100,Survey_0_100,2007,2,-0.04228982010197058,0,20.1
HADDOCK,HADDOCK_Survey_0_100,Survey_0_100,2008,2,-0.13348554169407123,0,20.1
HADDOCK,HADDOCK_Survey_0_100,Survey_0_100,2009,2,-0.2944644719614189,0,20.1
HADDOCK,HADDOCK_Survey_0_100,Survey_0_100,2010,2,-0.020089034230238667,0,20.1
HADDOCK,HADDOCK_Survey_0_100,Survey_0_100,2011,2,-0.16361796419749908,0,20.1
HADDOCK,HADDOCK_Survey_0_100,Survey_0_100,2012,2,-0.15724377333113182,0,20.1
HADDOCK,HADDOCK_Survey_0_100,Survey_0_100,2013,2,-0.031784882982407225,0,20.1
HADDOCK,HADDOCK_Survey_0_100,Survey_0_100,2014,2,-0.835490663869848,0,20.1
HADDOCK,HADDOCK_Survey_0_100,Survey_0_100,2015,2,-0.5614468077665862,0,20.1
HADDOCK,HADDOCK_Survey_0_100,Survey_0_100,2016,2,-0.7722813186078668,0,20.1
HADDOCK,HADDOCK_Survey_0_100,Survey_0_100,2017,2,-0.5059463525733179,0,20.1
HADDOCK,HADDOCK_Survey_0_100,Survey_0_100,2018,2,-0.3235015794765417,0,20.1
HADDOCK,HADDOCK_Survey_0_100,Survey_0_100,2019,2,-0.3646589412816752,0,20.1
HADDOCK,HADDOCK_Survey_0_100,Survey_0_100,2020,2,-0.5976946016776026,0,20.1
HADDOCK,HADDOCK_Survey_0_100,Survey_0_100,2022,2,-0.23314613192310674,0,20.1
HADDOCK,HADDOCK_Survey_0_100,Survey_0_100,2023,2,-0.22200649062116895,0,20.1
HADDOCK,HADDOCK_Survey_0_100,Survey_0_100,2024,2,-0.35270204747426703,0,20.1
HADDOCK,HADDOCK_Survey_10_90,Survey_10_90,1959,2,0,4.62,11.3
HADDOCK,HADDOCK_Survey_10_90,Survey_10_90,1960,2,-1.9839699858999325,4.62,11.3
HADDOCK,HADDOCK_Survey_10_90,Survey_10_90,1961,2,-3.296254612991845,4.62,11.3
HADDOCK,HADDOCK_Survey_10_90,Survey_10_90,1962,2,-7.793576291658525,4.62,11.3
HADDOCK,HADDOCK_Survey_10_90,Survey_10_90,1963,2,3.320003586382086,4.62,11.3
HADDOCK,HADDOCK_Survey_10_90,Survey_10_90,1964,2,3.0057732301241487,4.62,11.3
HADDOCK,HADDOCK_Survey_10_90,Survey_10_90,1965,2,2.00805391810556,4.62,11.3
HADDOCK,HADDOCK_Survey_10_90,Survey_10_90,1966,2,8.51153766184062,4.62,11.3
HADDOCK,HADDOCK_Survey_10_90,Survey_10_90,1967,2,1.8831892691219991,4.62,11.3
HADDOCK,HADDOCK_Survey_10_90,Survey_10_90,1968,2,-1.9862956011077344,4.62,11.3
HADDOCK,HADDOCK_Survey_10_90,Survey_10_90,1969,2,-17.97511126980183,4.62,11.3
HADDOCK,HADDOCK_Survey_10_90,Survey_10_90,1970,2,10.48813175876576,4.62,11.3
HADDOCK,HADDOCK_Survey_10_90,Survey_10_90,1971,2,-3.5193266405713075,4.62,11.3
HADDOCK,HADDOCK_Survey_10_90,Survey_10_90,1972,2,3.7184826525572134,4.62,11.3
HADDOCK,HADDOCK_Survey_10_90,Survey_10_90,1973,2,-3.1013479953995144,4.62,11.3
HADDOCK,HADDOCK_Survey_10_90,Survey_10_90,1974,2,1.3494470230796125,4.62,11.3
HADDOCK,HADDOCK_Survey_10_90,Survey_10_90,1975,2,5.839171544279623,4.62,11.3
HADDOCK,HADDOCK_Survey_10_90,Survey_10_90,1976,2,15.17637981127882,4.62,11.3
HADDOCK,HADDOCK_Survey_10_90,Survey_10_90,1977,2,-5.518051721094096,4.62,11.3
HADDOCK,HADDOCK_Survey_10_90,Survey_10_90,1978,2,-2.986731846506814,4.62,11.3
HADDOCK,HADDOCK_Survey_10_90,Survey_10_90,1979,2,-1.771100830834257,4.62,11.3
HADDOCK,HADDOCK_Survey_10_90,Survey_10_90,1980,2,1.1558247655797231,4.62,11.3
HADDOCK,HADDOCK_Survey_10_90,Survey_10_90,1981,2,0.16808720114057962,4.62,11.3
HADDOCK,HADDOCK_Survey_10_90,Survey_10_90,1982,2,-9.713801882047022,4.62,11.3
HADDOCK,HADDOCK_Survey_10_90,Survey_10_90,1983,2,6.411644294977577,4.62,11.3
HADDOCK,HADDOCK_Survey_10_90,Survey_10_90,1984,2,9.669809398633348,4.62,11.3
HADDOCK,HADDOCK_Survey_10_90,Survey_10_90,1985,2,0.3948132068751491,4.62,11.3
HADDOCK,HADDOCK_Survey_10_90,Survey_10_90,1986,2,-2.3107457094368584,4.62,11.3
HADDOCK,HADDOCK_Survey_10_90,Survey_10_90,1987,2,-4.344252420713971,4.62,11.3
HADDOCK,HADDOCK_Survey_10_90,Survey_10_90,1988,2,8.64719186553502,4.62,11.3
HADDOCK,HADDOCK_Survey_10_90,Survey_10_90,1989,2,-4.267008647795478,4.62,11.3
HADDOCK,HADDOCK_Survey_10_90,Survey_10_90,1990,2,8.9780864529869,4.62,11.3
HADDOCK,HADDOCK_Survey_10_90,Survey_10_90,1991,2,5.345408880643092,4.62,11.3
HADDOCK,HADDOCK_Survey_10_90,Survey_10_90,1992,2,-1.6260018133961438,4.62,11.3
HADDOCK,HADDOCK_Survey_10_90,Survey_10_90,1993,2,-11.219688723764136,4.62,11.3
HADDOCK,HADDOCK_Survey_10_90,Survey_10_90,1994,2,-6.325426350130236,4.62,11.3
HADDOCK,HADDOCK_Survey_10_90,Survey_10_90,1995,2,2.3376256232068187,4.62,11.3
HADDOCK,HADDOCK_Survey_10_90,Survey_10_90,1996,2,22.063419472786407,4.62,11.3
HADDOCK,HADDOCK_Survey_10_90,Survey_10_90,1997,2,11.001625272108726,4.62,11.3
HADDOCK,HADDOCK_Survey_10_90,Survey_10_90,1998,2,29.725228416457554,4.62,11.3
HADDOCK,HADDOCK_Survey_10_90,Survey_10_90,1999,2,-3.5958299253287294,4.62,11.3
HADDOCK,HADDOCK_Survey_10_90,Survey_10_90,2000,2,16.45431493282271,4.62,11.3
HADDOCK,HADDOCK_Survey_10_90,Survey_10_90,2001,2,2.878779340035443,4.62,11.3
HADDOCK,HADDOCK_Survey_10_90,Survey_10_90,2002,2,11.213705745864651,4.62,11.3
HADDOCK,HADDOCK_Survey_10_90,Survey_10_90,2003,2,-2.4003651442766625,4.62,11.3
HADDOCK,HADDOCK_Survey_10_90,Survey_10_90,2004,2,-6.21545537924667,4.62,11.3
HADDOCK,HADDOCK_Survey_10_90,Survey_10_90,2005,2,-6.443294330080164,4.62,11.3
HADDOCK,HADDOCK_Survey_10_90,Survey_10_90,2006,2,7.572026096421986,4.62,11.3
HADDOCK,HADDOCK_Survey_10_90,Survey_10_90,2007,2,22.74979423602177,4.62,11.3
HADDOCK,HADDOCK_Survey_10_90,Survey_10_90,2008,2,19.376273215242065,4.62,11.3
HADDOCK,HADDOCK_Survey_10_90,Survey_10_90,2009,2,-8.695308405289012,4.62,11.3
HADDOCK,HADDOCK_Survey_10_90,Survey_10_90,2010,2,7.6867912129015465,4.62,11.3
HADDOCK,HADDOCK_Survey_10_90,Survey_10_90,2011,2,10.525364726819213,4.62,11.3
HADDOCK,HADDOCK_Survey_10_90,Survey_10_90,2012,2,3.110682377108837,4.62,11.3
HADDOCK,HADDOCK_Survey_10_90,Survey_10_90,2013,2,5.644447571343079,4.62,11.3
HADDOCK,HADDOCK_Survey_10_90,Survey_10_90,2014,2,-6.565949445507151,4.62,11.3
HADDOCK,HADDOCK_Survey_10_90,Survey_10_90,2015,2,-6.314129438674861,4.62,11.3
HADDOCK,HADDOCK_Survey_10_90,Survey_10_90,2016,2,0.35849681032223657,4.62,11.3
HADDOCK,HADDOCK_Survey_10_90,Survey_10_90,2017,2,3.7043355456345424,4.62,11.3
HADDOCK,HADDOCK_Survey_10_90,Survey_10_90,2018,2,10.803400506173482,4.62,11.3
HADDOCK,HADDOCK_Survey_10_90,Survey_10_90,2019,2,3.000584165817088,4.62,11.3
HADDOCK,HADDOCK_Survey_10_90,Survey_10_90,2020,2,10.365662099793973,4.62,11.3
HADDOCK,HADDOCK_Survey_10_90,Survey_10_90,2022,2,1.6344253540558782,4.62,11.3
HADDOCK,HADDOCK_Survey_10_90,Survey_10_90,2023,2,20.087801897141986,4.62,11.3
HADDOCK,HADDOCK_Survey_10_90,Survey_10_90,2024,2,19.268297253261082,4.62,11.3
LITTLE SKATE,LITTLE SKATE_Survey_0_100,Survey_0_100,1959,2,0,0,23.6
LITTLE SKATE,LITTLE SKATE_Survey_0_100,Survey_0_100,1960,2,0,0,23.6
LITTLE SKATE,LITTLE SKATE_Survey_0_100,Survey_0_100,1961,2,0,0,23.6
LITTLE SKATE,LITTLE SKATE_Survey_0_100,Survey_0_100,1962,2,0,0,23.6
LITTLE SKATE,LITTLE SKATE_Survey_0_100,Survey_0_100,1963,2,0,0,23.6
LITTLE SKATE,LITTLE SKATE_Survey_0_100,Survey_0_100,1964,2,0,0,23.6
LITTLE SKATE,LITTLE SKATE_Survey_0_100,Survey_0_100,1965,2,0,0,23.6
LITTLE SKATE,LITTLE SKATE_Survey_0_100,Survey_0_100,1966,2,0,0,23.6
LITTLE SKATE,LITTLE SKATE_Survey_0_100,Survey_0_100,1967,2,0,0,23.6
LITTLE SKATE,LITTLE SKATE_Survey_0_100,Survey_0_100,1968,2,-8.097497567405298e-5,0,23.6
LITTLE SKATE,LITTLE SKATE_Survey_0_100,Survey_0_100,1969,2,0,0,23.6
LITTLE SKATE,LITTLE SKATE_Survey_0_100,Survey_0_100,1970,2,-0.007159313342214091,0,23.6
LITTLE SKATE,LITTLE SKATE_Survey_0_100,Survey_0_100,1971,2,0,0,23.6
LITTLE SKATE,LITTLE SKATE_Survey_0_100,Survey_0_100,1972,2,-8.90724732400372e-4,0,23.6
LITTLE SKATE,LITTLE SKATE_Survey_0_100,Survey_0_100,1973,2,-0.0015292549640548714,0,23.6
LITTLE SKATE,LITTLE SKATE_Survey_0_100,Survey_0_100,1974,2,-0.007212921467939282,0,23.6
LITTLE SKATE,LITTLE SKATE_Survey_0_100,Survey_0_100,1975,2,0,0,23.6
LITTLE SKATE,LITTLE SKATE_Survey_0_100,Survey_0_100,1976,2,0,0,23.6
LITTLE SKATE,LITTLE SKATE_Survey_0_100,Survey_0_100,1977,2,0,0,23.6
LITTLE SKATE,LITTLE SKATE_Survey_0_100,Survey_0_100,1978,2,0,0,23.6
LITTLE SKATE,LITTLE SKATE_Survey_0_100,Survey_0_100,1979,2,0,0,23.6
LITTLE SKATE,LITTLE SKATE_Survey_0_100,Survey_0_100,1980,2,0,0,23.6
LITTLE SKATE,LITTLE SKATE_Survey_0_100,Survey_0_100,1981,2,0,0,23.6
LITTLE SKATE,LITTLE SKATE_Survey_0_100,Survey_0_100,1982,2,0,0,23.6
LITTLE SKATE,LITTLE SKATE_Survey_0_100,Survey_0_100,1983,2,-0.006595140037617853,0,23.6
LITTLE SKATE,LITTLE SKATE_Survey_0_100,Survey_0_100,1984,2,0,0,23.6
LITTLE SKATE,LITTLE SKATE_Survey_0_100,Survey_0_100,1985,2,-0.0764255115934418,0,23.6
LITTLE SKATE,LITTLE SKATE_Survey_0_100,Survey_0_100,1986,2,-0.02116288170577718,0,23.6
LITTLE SKATE,LITTLE SKATE_Survey_0_100,Survey_0_100,1987,2,-0.017646331510732693,0,23.6
LITTLE SKATE,LITTLE SKATE_Survey_0_100,Survey_0_100,1988,2,-4.048748783702649e-5,0,23.6
LITTLE SKATE,LITTLE SKATE_Survey_0_100,Survey_0_100,1989,2,-0.009260358951451053,0,23.6
LITTLE SKATE,LITTLE SKATE_Survey_0_100,Survey_0_100,1990,2,-0.04917292157850284,0,23.6
LITTLE SKATE,LITTLE SKATE_Survey_0_100,Survey_0_100,1991,2,-0.0032818817347646245,0,23.6
LITTLE SKATE,LITTLE SKATE_Survey_0_100,Survey_0_100,1992,2,-4.048806435719143e-5,0,23.6
LITTLE SKATE,LITTLE SKATE_Survey_0_100,Survey_0_100,1993,2,-0.01317986178605679,0,23.6
LITTLE SKATE,LITTLE SKATE_Survey_0_100,Survey_0_100,1994,2,-0.03247746485060077,0,23.6
LITTLE SKATE,LITTLE SKATE_Survey_0_100,Survey_0_100,1995,2,-0.7769598497895771,0,23.6
LITTLE SKATE,LITTLE SKATE_Survey_0_100,Survey_0_100,1996,2,-0.07633136345246783,0,23.6
LITTLE SKATE,LITTLE SKATE_Survey_0_100,Survey_0_100,1997,2,-0.1404742981822409,0,23.6
LITTLE SKATE,LITTLE SKATE_Survey_0_100,Survey_0_100,1998,2,-0.11619256296384606,0,23.6
LITTLE SKATE,LITTLE SKATE_Survey_0_100,Survey_0_100,1999,2,-0.3545039967691537,0,23.6
LITTLE SKATE,LITTLE SKATE_Survey_0_100,Survey_0_100,2000,2,-0.08788002114249593,0,23.6
LITTLE SKATE,LITTLE SKATE_Survey_0_100,Survey_0_100,2001,2,-0.12773991324630174,0,23.6
LITTLE SKATE,LITTLE SKATE_Survey_0_100,Survey_0_100,2002,2,-0.36073446589333,0,23.6
LITTLE SKATE,LITTLE SKATE_Survey_0_100,Survey_0_100,2003,2,-0.023210944812618095,0,23.6
LITTLE SKATE,LITTLE SKATE_Survey_0_100,Survey_0_100,2004,2,0,0,23.6
LITTLE SKATE,LITTLE SKATE_Survey_0_100,Survey_0_100,2005,2,-0.13536777268680567,0,23.6
LITTLE SKATE,LITTLE SKATE_Survey_0_100,Survey_0_100,2006,2,-0.013403670054586314,0,23.6
LITTLE SKATE,LITTLE SKATE_Survey_0_100,Survey_0_100,2007,2,-0.08691250164417852,0,23.6
LITTLE SKATE,LITTLE SKATE_Survey_0_100,Survey_0_100,2008,2,-0.25443566660830186,0,23.6
LITTLE SKATE,LITTLE SKATE_Survey_0_100,Survey_0_100,2009,2,-0.23763660759010463,0,23.6
LITTLE SKATE,LITTLE SKATE_Survey_0_100,Survey_0_100,2010,2,-0.25752876041616446,0,23.6
LITTLE SKATE,LITTLE SKATE_Survey_0_100,Survey_0_100,2011,2,-0.17232884191142261,0,23.6
LITTLE SKATE,LITTLE SKATE_Survey_0_100,Survey_0_100,2012,2,-0.4229293967304386,0,23.6
LITTLE SKATE,LITTLE SKATE_Survey_0_100,Survey_0_100,2013,2,-0.1383158824437345,0,23.6
LITTLE SKATE,LITTLE SKATE_Survey_0_100,Survey_0_100,2014,2,-0.6597354990317115,0,23.6
LITTLE SKATE,LITTLE SKATE_Survey_0_100,Survey_0_100,2015,2,-0.8868981622741217,0,23.6
LITTLE SKATE,LITTLE SKATE_Survey_0_100,Survey_0_100,2016,2,-1.15019585919228,0,23.6
LITTLE SKATE,LITTLE SKATE_Survey_0_100,Survey_0_100,2017,2,-0.05403128595754936,0,23.6
LITTLE SKATE,LITTLE SKATE_Survey_0_100,Survey_0_100,2018,2,-0.4543882916161266,0,23.6
LITTLE SKATE,LITTLE SKATE_Survey_0_100,Survey_0_100,2019,2,-0.4592241079413668,0,23.6
LITTLE SKATE,LITTLE SKATE_Survey_0_100,Survey_0_100,2020,2,-0.4902672511073689,0,23.6
LITTLE SKATE,LITTLE SKATE_Survey_0_100,Survey_0_100,2022,2,-0.5904517402282039,0,23.6
LITTLE SKATE,LITTLE SKATE_Survey_0_100,Survey_0_100,2023,2,-0.4163110513878223,0,23.6
LITTLE SKATE,LITTLE SKATE_Survey_0_100,Survey_0_100,2024,2,-0.2145596959830982,0,23.6
LITTLE SKATE,LITTLE SKATE_Survey_10_90,Survey_10_90,1959,2,0,4.36,15.672000000000008
LITTLE SKATE,LITTLE SKATE_Survey_10_90,Survey_10_90,1960,2,-3.133909116376188,4.36,15.672000000000008
LITTLE SKATE,LITTLE SKATE_Survey_10_90,Survey_10_90,1961,2,-5.166956972444865,4.36,15.672000000000008
LITTLE SKATE,LITTLE SKATE_Survey_10_90,Survey_10_90,1962,2,-0.31054944813689644,4.36,15.672000000000008
LITTLE SKATE,LITTLE SKATE_Survey_10_90,Survey_10_90,1963,2,-1.1424759249792373,4.36,15.672000000000008
LITTLE SKATE,LITTLE SKATE_Survey_10_90,Survey_10_90,1964,2,-1.3638506698192003,4.36,15.672000000000008
LITTLE SKATE,LITTLE SKATE_Survey_10_90,Survey_10_90,1965,2,-9.112198935648266,4.36,15.672000000000008
LITTLE SKATE,LITTLE SKATE_Survey_10_90,Survey_10_90,1966,2,-2.844412225630691,4.36,15.672000000000008
LITTLE SKATE,LITTLE SKATE_Survey_10_90,Survey_10_90,1967,2,-5.58046811094772,4.36,15.672000000000008
LITTLE SKATE,LITTLE SKATE_Survey_10_90,Survey_10_90,1968,2,-8.491397703500354,4.36,15.672000000000008
LITTLE SKATE,LITTLE SKATE_Survey_10_90,Survey_10_90,1969,2,-3.3391578686171073,4.36,15.672000000000008
LITTLE SKATE,LITTLE SKATE_Survey_10_90,Survey_10_90,1970,2,4.909960006964425,4.36,15.672000000000008
LITTLE SKATE,LITTLE SKATE_Survey_10_90,Survey_10_90,1971,2,0.7212674848171474,4.36,15.672000000000008
LITTLE SKATE,LITTLE SKATE_Survey_10_90,Survey_10_90,1972,2,8.086833052424353,4.36,15.672000000000008
LITTLE SKATE,LITTLE SKATE_Survey_10_90,Survey_10_90,1973,2,6.279992129923087,4.36,15.672000000000008
LITTLE SKATE,LITTLE SKATE_Survey_10_90,Survey_10_90,1974,2,14.536734931171623,4.36,15.672000000000008
LITTLE SKATE,LITTLE SKATE_Survey_10_90,Survey_10_90,1975,2,7.8948219877404,4.36,15.672000000000008
LITTLE SKATE,LITTLE SKATE_Survey_10_90,Survey_10_90,1976,2,19.944269279021725,4.36,15.672000000000008
LITTLE SKATE,LITTLE SKATE_Survey_10_90,Survey_10_90,1977,2,-0.01723630208009297,4.36,15.672000000000008
LITTLE SKATE,LITTLE SKATE_Survey_10_90,Survey_10_90,1978,2,-0.5083923339788896,4.36,15.672000000000008
LITTLE SKATE,LITTLE SKATE_Survey_10_90,Survey_10_90,1979,2,-2.074958109375814,4.36,15.672000000000008
LITTLE SKATE,LITTLE SKATE_Survey_10_90,Survey_10_90,1980,2,1.5421639131811276,4.36,15.672000000000008
LITTLE SKATE,LITTLE SKATE_Survey_10_90,Survey_10_90,1981,2,3.2178338645802995,4.36,15.672000000000008
LITTLE SKATE,LITTLE SKATE_Survey_10_90,Survey_10_90,1982,2,-2.2012367444560255,4.36,15.672000000000008
LITTLE SKATE,LITTLE SKATE_Survey_10_90,Survey_10_90,1983,2,6.345925721719823,4.36,15.672000000000008
LITTLE SKATE,LITTLE SKATE_Survey_10_90,Survey_10_90,1984,2,7.909877178595195,4.36,15.672000000000008
LITTLE SKATE,LITTLE SKATE_Survey_10_90,Survey_10_90,1985,2,4.309820217730575,4.36,15.672000000000008
LITTLE SKATE,LITTLE SKATE_Survey_10_90,Survey_10_90,1986,2,6.034662888379671,4.36,15.672000000000008
LITTLE SKATE,LITTLE SKATE_Survey_10_90,Survey_10_90,1987,2,-2.744966426148821,4.36,15.672000000000008
LITTLE SKATE,LITTLE SKATE_Survey_10_90,Survey_10_90,1988,2,3.9211451304224028,4.36,15.672000000000008
LITTLE SKATE,LITTLE SKATE_Survey_10_90,Survey_10_90,1989,2,1.627095636614186,4.36,15.672000000000008
LITTLE SKATE,LITTLE SKATE_Survey_10_90,Survey_10_90,1990,2,10.252915363815177,4.36,15.672000000000008
LITTLE SKATE,LITTLE SKATE_Survey_10_90,Survey_10_90,1991,2,13.119722074943013,4.36,15.672000000000008
LITTLE SKATE,LITTLE SKATE_Survey_10_90,Survey_10_90,1992,2,4.453200450564609,4.36,15.672000000000008
LITTLE SKATE,LITTLE SKATE_Survey_10_90,Survey_10_90,1993,2,-4.896556264645412,4.36,15.672000000000008
LITTLE SKATE,LITTLE SKATE_Survey_10_90,Survey_10_90,1994,2,1.922976570332338,4.36,15.672000000000008
LITTLE SKATE,LITTLE SKATE_Survey_10_90,Survey_10_90,1995,2,6.680230983681241,4.36,15.672000000000008
LITTLE SKATE,LITTLE SKATE_Survey_10_90,Survey_10_90,1996,2,3.876328578288067,4.36,15.672000000000008
LITTLE SKATE,LITTLE SKATE_Survey_10_90,Survey_10_90,1997,2,13.795706431269608,4.36,15.672000000000008
LITTLE SKATE,LITTLE SKATE_Survey_10_90,Survey_10_90,1998,2,16.136241983122304,4.36,15.672000000000008
LITTLE SKATE,LITTLE SKATE_Survey_10_90,Survey_10_90,1999,2,4.84652536952423,4.36,15.672000000000008
LITTLE SKATE,LITTLE SKATE_Survey_10_90,Survey_10_90,2000,2,17.237061491427028,4.36,15.672000000000008
LITTLE SKATE,LITTLE SKATE_Survey_10_90,Survey_10_90,2001,2,7.494069540371058,4.36,15.672000000000008
LITTLE SKATE,LITTLE SKATE_Survey_10_90,Survey_10_90,2002,2,13.6798804660002,4.36,15.672000000000008
LITTLE SKATE,LITTLE SKATE_Survey_10_90,Survey_10_90,2003,2,-0.38726866977067687,4.36,15.672000000000008
LITTLE SKATE,LITTLE SKATE_Survey_10_90,Survey_10_90,2004,2,-11.672844969563556,4.36,15.672000000000008
LITTLE SKATE,LITTLE SKATE_Survey_10_90,Survey_10_90,2005,2,-5.413405813835112,4.36,15.672000000000008
LITTLE SKATE,LITTLE SKATE_Survey_10_90,Survey_10_90,2006,2,14.17422470302526,4.36,15.672000000000008
LITTLE SKATE,LITTLE SKATE_Survey_10_90,Survey_10_90,2007,2,7.167540288004346,4.36,15.672000000000008
LITTLE SKATE,LITTLE SKATE_Survey_10_90,Survey_10_90,2008,2,12.933540264266753,4.36,15.672000000000008
LITTLE SKATE,LITTLE SKATE_Survey_10_90,Survey_10_90,2009,2,1.5552192744560216,4.36,15.672000000000008
LITTLE SKATE,LITTLE SKATE_Survey_10_90,Survey_10_90,2010,2,12.679356868646423,4.36,15.672000000000008
LITTLE SKATE,LITTLE SKATE_Survey_10_90,Survey_10_90,2011,2,7.333858186125326,4.36,15.672000000000008
LITTLE SKATE,LITTLE SKATE_Survey_10_90,Survey_10_90,2012,2,9.673110806377494,4.36,15.672000000000008
LITTLE SKATE,LITTLE SKATE_Survey_10_90,Survey_10_90,2013,2,10.497900214736958,4.36,15.672000000000008
LITTLE SKATE,LITTLE SKATE_Survey_10_90,Survey_10_90,2014,2,-10.32602949085799,4.36,15.672000000000008
LITTLE SKATE,LITTLE SKATE_Survey_10_90,Survey_10_90,2015,2,-13.71541250955697,4.36,15.672000000000008
LITTLE SKATE,LITTLE SKATE_Survey_10_90,Survey_10_90,2016,2,5.4557743081821,4.36,15.672000000000008
LITTLE SKATE,LITTLE SKATE_Survey_10_90,Survey_10_90,2017,2,6.069833789818574,4.36,15.672000000000008
LITTLE SKATE,LITTLE SKATE_Survey_10_90,Survey_10_90,2018,2,12.3920005986526,4.36,15.672000000000008
LITTLE SKATE,LITTLE SKATE_Survey_10_90,Survey_10_90,2019,2,-6.8042760763553645,4.36,15.672000000000008
LITTLE SKATE,LITTLE SKATE_Survey_10_90,Survey_10_90,2020,2,11.051136534370087,4.36,15.672000000000008
LITTLE SKATE,LITTLE SKATE_Survey_10_90,Survey_10_90,2022,2,2.884292689430481,4.36,15.672000000000008
LITTLE SKATE,LITTLE SKATE_Survey_10_90,Survey_10_90,2023,2,8.075428962282118,4.36,15.672000000000008
LITTLE SKATE,LITTLE SKATE_Survey_10_90,Survey_10_90,2024,2,1.332382322828252,4.36,15.672000000000008
OCEAN POUT,OCEAN POUT_Survey_0_100,Survey_0_100,1959,2,0,1.27,20.2
OCEAN POUT,OCEAN POUT_Survey_0_100,Survey_0_100,1960,2,-1.0084146140343364e-7,1.27,20.2
OCEAN POUT,OCEAN POUT_Survey_0_100,Survey_0_100,1961,2,0,1.27,20.2
OCEAN POUT,OCEAN POUT_Survey_0_100,Survey_0_100,1962,2,-1.4118409268348842e-6,1.27,20.2
OCEAN POUT,OCEAN POUT_Survey_0_100,Survey_0_100,1963,2,-5.042073354388776e-7,1.27,20.2
OCEAN POUT,OCEAN POUT_Survey_0_100,Survey_0_100,1964,2,0,1.27,20.2
OCEAN POUT,OCEAN POUT_Survey_0_100,Survey_0_100,1965,2,0,1.27,20.2
OCEAN POUT,OCEAN POUT_Survey_0_100,Survey_0_100,1966,2,0,1.27,20.2
OCEAN POUT,OCEAN POUT_Survey_0_100,Survey_0_100,1967,2,0,1.27,20.2
OCEAN POUT,OCEAN POUT_Survey_0_100,Survey_0_100,1968,2,-1.0084146140343364e-7,1.27,20.2
OCEAN POUT,OCEAN POUT_Survey_0_100,Survey_0_100,1969,2,-1.0084146140343364e-7,1.27,20.2
OCEAN POUT,OCEAN POUT_Survey_0_100,Survey_0_100,1970,2,0,1.27,20.2
OCEAN POUT,OCEAN POUT_Survey_0_100,Survey_0_100,1971,2,-8.06731748070888e-7,1.27,20.2
OCEAN POUT,OCEAN POUT_Survey_0_100,Survey_0_100,1972,2,-3.0252439842115564e-7,1.27,20.2
OCEAN POUT,OCEAN POUT_Survey_0_100,Survey_0_100,1973,2,0,1.27,20.2
OCEAN POUT,OCEAN POUT_Survey_0_100,Survey_0_100,1974,2,-1.0084146566669006e-6,1.27,20.2
OCEAN POUT,OCEAN POUT_Survey_0_100,Survey_0_100,1975,2,-1.0084146566669006e-6,1.27,20.2
OCEAN POUT,OCEAN POUT_Survey_0_100,Survey_0_100,1976,2,0,1.27,20.2
OCEAN POUT,OCEAN POUT_Survey_0_100,Survey_0_100,1977,2,-1.7241864043171518e-6,1.27,20.2
OCEAN POUT,OCEAN POUT_Survey_0_100,Survey_0_100,1978,2,-0.01866693748399939,1.27,20.2
OCEAN POUT,OCEAN POUT_Survey_0_100,Survey_0_100,1979,2,0,1.27,20.2
OCEAN POUT,OCEAN POUT_Survey_0_100,Survey_0_100,1980,2,-4.03365874035444e-7,1.27,20.2
OCEAN POUT,OCEAN POUT_Survey_0_100,Survey_0_100,1981,2,-2.2185122787732325e-6,1.27,20.2
OCEAN POUT,OCEAN POUT_Survey_0_100,Survey_0_100,1982,2,0,1.27,20.2
OCEAN POUT,OCEAN POUT_Survey_0_100,Survey_0_100,1983,2,-1.7143049575452096e-6,1.27,20.2
OCEAN POUT,OCEAN POUT_Survey_0_100,Survey_0_100,1984,2,0,1.27,20.2
OCEAN POUT,OCEAN POUT_Survey_0_100,Survey_0_100,1985,2,-2.7227196426338196e-6,1.27,20.2
OCEAN POUT,OCEAN POUT_Survey_0_100,Survey_0_100,1986,2,0,1.27,20.2
OCEAN POUT,OCEAN POUT_Survey_0_100,Survey_0_100,1987,2,-9.077241998056707e-7,1.27,20.2
OCEAN POUT,OCEAN POUT_Survey_0_100,Survey_0_100,1988,2,0,1.27,20.2
OCEAN POUT,OCEAN POUT_Survey_0_100,Survey_0_100,1989,2,-1.9898538444351743e-4,1.27,20.2
OCEAN POUT,OCEAN POUT_Survey_0_100,Survey_0_100,1990,2,-3.7277618636721854e-4,1.27,20.2
OCEAN POUT,OCEAN POUT_Survey_0_100,Survey_0_100,1991,2,-4.7527647537037865e-4,1.27,20.2
OCEAN POUT,OCEAN POUT_Survey_0_100,Survey_0_100,1992,2,0,1.27,20.2
OCEAN POUT,OCEAN POUT_Survey_0_100,Survey_0_100,1993,2,0,1.27,20.2
OCEAN POUT,OCEAN POUT_Survey_0_100,Survey_0_100,1994,2,0,1.27,20.2
OCEAN POUT,OCEAN POUT_Survey_0_100,Survey_0_100,1995,2,-0.0014258936590323401,1.27,20.2
OCEAN POUT,OCEAN POUT_Survey_0_100,Survey_0_100,1996,2,-6.050487968423113e-7,1.27,20.2
OCEAN POUT,OCEAN POUT_Survey_0_100,Survey_0_100,1997,2,0,1.27,20.2
OCEAN POUT,OCEAN POUT_Survey_0_100,Survey_0_100,1998,2,0,1.27,20.2
OCEAN POUT,OCEAN POUT_Survey_0_100,Survey_0_100,1999,2,-0.007198413233140855,1.27,20.2
OCEAN POUT,OCEAN POUT_Survey_0_100,Survey_0_100,2000,2,-4.03365874035444e-7,1.27,20.2
OCEAN POUT,OCEAN POUT_Survey_0_100,Survey_0_100,2001,2,-3.2145112712100854e-5,1.27,20.2
OCEAN POUT,OCEAN POUT_Survey_0_100,Survey_0_100,2002,2,-0.001748482633928461,1.27,20.2
OCEAN POUT,OCEAN POUT_Survey_0_100,Survey_0_100,2003,2,-6.86875171425072e-5,1.27,20.2
OCEAN POUT,OCEAN POUT_Survey_0_100,Survey_0_100,2004,2,-4.03365874035444e-7,1.27,20.2
OCEAN POUT,OCEAN POUT_Survey_0_100,Survey_0_100,2005,2,-2.0168292280686728e-7,1.27,20.2
OCEAN POUT,OCEAN POUT_Survey_0_100,Survey_0_100,2006,2,-1.3736332194014267e-4,1.27,20.2
OCEAN POUT,OCEAN POUT_Survey_0_100,Survey_0_100,2007,2,0,1.27,20.2
OCEAN POUT,OCEAN POUT_Survey_0_100,Survey_0_100,2008,2,0,1.27,20.2
OCEAN POUT,OCEAN POUT_Survey_0_100,Survey_0_100,2009,2,-9.902728182282772e-4,1.27,20.2
OCEAN POUT,OCEAN POUT_Survey_0_100,Survey_0_100,2010,2,-2.0168292280686728e-7,1.27,20.2
OCEAN POUT,OCEAN POUT_Survey_0_100,Survey_0_100,2011,2,-2.0168292280686728e-7,1.27,20.2
OCEAN POUT,OCEAN POUT_Survey_0_100,Survey_0_100,2012,2,-0.0014956128278669212,1.27,20.2
OCEAN POUT,OCEAN POUT_Survey_0_100,Survey_0_100,2013,2,-1.0084146140343364e-7,1.27,20.2
OCEAN POUT,OCEAN POUT_Survey_0_100,Survey_0_100,2014,2,-0.007306177634021083,1.27,20.2
OCEAN POUT,OCEAN POUT_Survey_0_100,Survey_0_100,2015,2,-0.027417860187341603,1.27,20.2
OCEAN POUT,OCEAN POUT_Survey_0_100,Survey_0_100,2016,2,-0.21658136361398306,1.27,20.2
OCEAN POUT,OCEAN POUT_Survey_0_100,Survey_0_100,2017,2,-0.0039978899445003435,1.27,20.2
OCEAN POUT,OCEAN POUT_Survey_0_100,Survey_0_100,2018,2,-0.0037658540782246064,1.27,20.2
OCEAN POUT,OCEAN POUT_Survey_0_100,Survey_0_100,2019,2,-0.0034920949751864327,1.27,20.2
OCEAN POUT,OCEAN POUT_Survey_0_100,Survey_0_100,2020,2,-1.5256733459523275e-4,1.27,20.2
OCEAN POUT,OCEAN POUT_Survey_0_100,Survey_0_100,2022,2,-0.040370568522462236,1.27,20.2
OCEAN POUT,OCEAN POUT_Survey_0_100,Survey_0_100,2023,2,-0.007302100812466961,1.27,20.2
OCEAN POUT,OCEAN POUT_Survey_0_100,Survey_0_100,2024,2,-0.010613849142515619,1.27,20.2
OCEAN POUT,OCEAN POUT_Survey_10_90,Survey_10_90,1959,2,0,3.9,10.700000000000001
OCEAN POUT,OCEAN POUT_Survey_10_90,Survey_10_90,1960,2,-1.6792754196949176,3.9,10.700000000000001
OCEAN POUT,OCEAN POUT_Survey_10_90,Survey_10_90,1961,2,0.5156726875888893,3.9,10.700000000000001
OCEAN POUT,OCEAN POUT_Survey_10_90,Survey_10_90,1962,2,-7.936767017023854,3.9,10.700000000000001
OCEAN POUT,OCEAN POUT_Survey_10_90,Survey_10_90,1963,2,-2.773863634738504,3.9,10.700000000000001
OCEAN POUT,OCEAN POUT_Survey_10_90,Survey_10_90,1964,2,3.1918226593513452,3.9,10.700000000000001
OCEAN POUT,OCEAN POUT_Survey_10_90,Survey_10_90,1965,2,-1.3957158059351116,3.9,10.700000000000001
OCEAN POUT,OCEAN POUT_Survey_10_90,Survey_10_90,1966,2,8.099536080034994,3.9,10.700000000000001
OCEAN POUT,OCEAN POUT_Survey_10_90,Survey_10_90,1967,2,0.4055014204990215,3.9,10.700000000000001
OCEAN POUT,OCEAN POUT_Survey_10_90,Survey_10_90,1968,2,-1.684955491476913,3.9,10.700000000000001
OCEAN POUT,OCEAN POUT_Survey_10_90,Survey_10_90,1969,2,-16.7108429435904,3.9,10.700000000000001
OCEAN POUT,OCEAN POUT_Survey_10_90,Survey_10_90,1970,2,5.110719280603959,3.9,10.700000000000001
OCEAN POUT,OCEAN POUT_Survey_10_90,Survey_10_90,1971,2,-5.333019900920689,3.9,10.700000000000001
OCEAN POUT,OCEAN POUT_Survey_10_90,Survey_10_90,1972,2,-5.700158657628457,3.9,10.700000000000001
OCEAN POUT,OCEAN POUT_Survey_10_90,Survey_10_90,1973,2,-7.737521576821592,3.9,10.700000000000001
OCEAN POUT,OCEAN POUT_Survey_10_90,Survey_10_90,1974,2,-14.440438137492393,3.9,10.700000000000001
OCEAN POUT,OCEAN POUT_Survey_10_90,Survey_10_90,1975,2,-6.435614899885863,3.9,10.700000000000001
OCEAN POUT,OCEAN POUT_Survey_10_90,Survey_10_90,1976,2,-5.200453282924919,3.9,10.700000000000001
OCEAN POUT,OCEAN POUT_Survey_10_90,Survey_10_90,1977,2,-13.88195588183828,3.9,10.700000000000001
OCEAN POUT,OCEAN POUT_Survey_10_90,Survey_10_90,1978,2,-12.053635487289313,3.9,10.700000000000001
OCEAN POUT,OCEAN POUT_Survey_10_90,Survey_10_90,1979,2,-4.606186356776689,3.9,10.700000000000001
OCEAN POUT,OCEAN POUT_Survey_10_90,Survey_10_90,1980,2,-6.779006344497489,3.9,10.700000000000001
OCEAN POUT,OCEAN POUT_Survey_10_90,Survey_10_90,1981,2,-3.163624298635199,3.9,10.700000000000001
OCEAN POUT,OCEAN POUT_Survey_10_90,Survey_10_90,1982,2,-10.833043260059853,3.9,10.700000000000001
OCEAN POUT,OCEAN POUT_Survey_10_90,Survey_10_90,1983,2,-5.46347673889683,3.9,10.700000000000001
OCEAN POUT,OCEAN POUT_Survey_10_90,Survey_10_90,1984,2,2.73544555514961,3.9,10.700000000000001
OCEAN POUT,OCEAN POUT_Survey_10_90,Survey_10_90,1985,2,-12.625331117593497,3.9,10.700000000000001
OCEAN POUT,OCEAN POUT_Survey_10_90,Survey_10_90,1986,2,-17.01666652417638,3.9,10.700000000000001
OCEAN POUT,OCEAN POUT_Survey_10_90,Survey_10_90,1987,2,-11.252360512441996,3.9,10.700000000000001
OCEAN POUT,OCEAN POUT_Survey_10_90,Survey_10_90,1988,2,-0.9240762635429576,3.9,10.700000000000001
OCEAN POUT,OCEAN POUT_Survey_10_90,Survey_10_90,1989,2,-13.312454452951656,3.9,10.700000000000001
OCEAN POUT,OCEAN POUT_Survey_10_90,Survey_10_90,1990,2,-4.3296153610392025,3.9,10.700000000000001
OCEAN POUT,OCEAN POUT_Survey_10_90,Survey_10_90,1991,2,-12.832572539596889,3.9,10.700000000000001
OCEAN POUT,OCEAN POUT_Survey_10_90,Survey_10_90,1992,2,-6.0776986602718495,3.9,10.700000000000001
OCEAN POUT,OCEAN POUT_Survey_10_90,Survey_10_90,1993,2,-14.38478454429675,3.9,10.700000000000001
OCEAN POUT,OCEAN POUT_Survey_10_90,Survey_10_90,1994,2,-17.038138790657847,3.9,10.700000000000001
OCEAN POUT,OCEAN POUT_Survey_10_90,Survey_10_90,1995,2,-10.481210952249434,3.9,10.700000000000001
OCEAN POUT,OCEAN POUT_Survey_10_90,Survey_10_90,1996,2,20.145861917633496,3.9,10.700000000000001
OCEAN POUT,OCEAN POUT_Survey_10_90,Survey_10_90,1997,2,-0.14665201966205643,3.9,10.700000000000001
OCEAN POUT,OCEAN POUT_Survey_10_90,Survey_10_90,1998,2,21.871833721792868,3.9,10.700000000000001
OCEAN POUT,OCEAN POUT_Survey_10_90,Survey_10_90,1999,2,-16.952459563227876,3.9,10.700000000000001
OCEAN POUT,OCEAN POUT_Survey_10_90,Survey_10_90,2000,2,-4.790117840409245,3.9,10.700000000000001
OCEAN POUT,OCEAN POUT_Survey_10_90,Survey_10_90,2001,2,-8.127275926318426,3.9,10.700000000000001
OCEAN POUT,OCEAN POUT_Survey_10_90,Survey_10_90,2002,2,-7.299617980305506,3.9,10.700000000000001
OCEAN POUT,OCEAN POUT_Survey_10_90,Survey_10_90,2003,2,-7.363657878293026,3.9,10.700000000000001
OCEAN POUT,OCEAN POUT_Survey_10_90,Survey_10_90,2004,2,-1.9587687254944228,3.9,10.700000000000001
OCEAN POUT,OCEAN POUT_Survey_10_90,Survey_10_90,2005,2,-6.000798455063389,3.9,10.700000000000001
OCEAN POUT,OCEAN POUT_Survey_10_90,Survey_10_90,2006,2,-8.197328379539137,3.9,10.700000000000001
OCEAN POUT,OCEAN POUT_Survey_10_90,Survey_10_90,2007,2,22.082431659827606,3.9,10.700000000000001
OCEAN POUT,OCEAN POUT_Survey_10_90,Survey_10_90,2008,2,5.856099694038193,3.9,10.700000000000001
OCEAN POUT,OCEAN POUT_Survey_10_90,Survey_10_90,2009,2,-14.657858018113401,3.9,10.700000000000001
OCEAN POUT,OCEAN POUT_Survey_10_90,Survey_10_90,2010,2,-6.868482303563908,3.9,10.700000000000001
OCEAN POUT,OCEAN POUT_Survey_10_90,Survey_10_90,2011,2,-0.8353555583907877,3.9,10.700000000000001
OCEAN POUT,OCEAN POUT_Survey_10_90,Survey_10_90,2012,2,-20.369980137761196,3.9,10.700000000000001
OCEAN POUT,OCEAN POUT_Survey_10_90,Survey_10_90,2013,2,-14.361483659496521,3.9,10.700000000000001
OCEAN POUT,OCEAN POUT_Survey_10_90,Survey_10_90,2014,2,-18.865517800889045,3.9,10.700000000000001
OCEAN POUT,OCEAN POUT_Survey_10_90,Survey_10_90,2015,2,-18.632166463066724,3.9,10.700000000000001
OCEAN POUT,OCEAN POUT_Survey_10_90,Survey_10_90,2016,2,-18.763039428108385,3.9,10.700000000000001
OCEAN POUT,OCEAN POUT_Survey_10_90,Survey_10_90,2017,2,-9.520121022857232,3.9,10.700000000000001
OCEAN POUT,OCEAN POUT_Survey_10_90,Survey_10_90,2018,2,-4.047947805377447,3.9,10.700000000000001
OCEAN POUT,OCEAN POUT_Survey_10_90,Survey_10_90,2019,2,-11.70892229593796,3.9,10.700000000000001
OCEAN POUT,OCEAN POUT_Survey_10_90,Survey_10_90,2020,2,-12.078550251017354,3.9,10.700000000000001
OCEAN POUT,OCEAN POUT_Survey_10_90,Survey_10_90,2022,2,-20.892022250130594,3.9,10.700000000000001
OCEAN POUT,OCEAN POUT_Survey_10_90,Survey_10_90,2023,2,-2.335600112724933,3.9,10.700000000000001
OCEAN POUT,OCEAN POUT_Survey_10_90,Survey_10_90,2024,2,9.151023463907435,3.9,10.700000000000001
OFFSHORE HAKE,OFFSHORE HAKE_Lit_Opt_1,Lit_Opt_1,1959,2,0,11,13
OFFSHORE HAKE,OFFSHORE HAKE_Lit_Opt_1,Lit_Opt_1,1960,2,16.770493817150342,11,13
OFFSHORE HAKE,OFFSHORE HAKE_Lit_Opt_1,Lit_Opt_1,1961,2,11.3385341022403,11,13
OFFSHORE HAKE,OFFSHORE HAKE_Lit_Opt_1,Lit_Opt_1,1962,2,19.540481952555744,11,13
OFFSHORE HAKE,OFFSHORE HAKE_Lit_Opt_1,Lit_Opt_1,1963,2,11.044108258016191,11,13
OFFSHORE HAKE,OFFSHORE HAKE_Lit_Opt_1,Lit_Opt_1,1964,2,-7.3378901575611675,11,13
OFFSHORE HAKE,OFFSHORE HAKE_Lit_Opt_1,Lit_Opt_1,1965,2,11.005707054279712,11,13
OFFSHORE HAKE,OFFSHORE HAKE_Lit_Opt_1,Lit_Opt_1,1966,2,8.362767830582088,11,13
OFFSHORE HAKE,OFFSHORE HAKE_Lit_Opt_1,Lit_Opt_1,1967,2,5.566000579716121,11,13
OFFSHORE HAKE,OFFSHORE HAKE_Lit_Opt_1,Lit_Opt_1,1968,2,13.388528625945307,11,13
OFFSHORE HAKE,OFFSHORE HAKE_Lit_Opt_1,Lit_Opt_1,1969,2,14.69315051964282,11,13
OFFSHORE HAKE,OFFSHORE HAKE_Lit_Opt_1,Lit_Opt_1,1970,2,21.079693057401762,11,13
OFFSHORE HAKE,OFFSHORE HAKE_Lit_Opt_1,Lit_Opt_1,1971,2,7.5609746679009255,11,13
OFFSHORE HAKE,OFFSHORE HAKE_Lit_Opt_1,Lit_Opt_1,1972,2,28.44165300962621,11,13
OFFSHORE HAKE,OFFSHORE HAKE_Lit_Opt_1,Lit_Opt_1,1973,2,12.379738559743965,11,13
OFFSHORE HAKE,OFFSHORE HAKE_Lit_Opt_1,Lit_Opt_1,1974,2,22.991778076748183,11,13
OFFSHORE HAKE,OFFSHORE HAKE_Lit_Opt_1,Lit_Opt_1,1975,2,17.733010423212274,11,13
OFFSHORE HAKE,OFFSHORE HAKE_Lit_Opt_1,Lit_Opt_1,1976,2,30.916633354528148,11,13
OFFSHORE HAKE,OFFSHORE HAKE_Lit_Opt_1,Lit_Opt_1,1977,2,2.840578906685145,11,13
OFFSHORE HAKE,OFFSHORE HAKE_Lit_Opt_1,Lit_Opt_1,1978,2,25.42084673297429,11,13
OFFSHORE HAKE,OFFSHORE HAKE_Lit_Opt_1,Lit_Opt_1,1979,2,26.462554775491846,11,13
OFFSHORE HAKE,OFFSHORE HAKE_Lit_Opt_1,Lit_Opt_1,1980,2,32.17620630132392,11,13
OFFSHORE HAKE,OFFSHORE HAKE_Lit_Opt_1,Lit_Opt_1,1981,2,22.075920835209573,11,13
OFFSHORE HAKE,OFFSHORE HAKE_Lit_Opt_1,Lit_Opt_1,1982,2,18.316161595124314,11,13
OFFSHORE HAKE,OFFSHORE HAKE_Lit_Opt_1,Lit_Opt_1,1983,2,21.4569000757449,11,13
OFFSHORE HAKE,OFFSHORE HAKE_Lit_Opt_1,Lit_Opt_1,1984,2,18.639458045270892,11,13
OFFSHORE HAKE,OFFSHORE HAKE_Lit_Opt_1,Lit_Opt_1,1985,2,27.93767935483436,11,13
OFFSHORE HAKE,OFFSHORE HAKE_Lit_Opt_1,Lit_Opt_1,1986,2,20.372230256333527,11,13
OFFSHORE HAKE,OFFSHORE HAKE_Lit_Opt_1,Lit_Opt_1,1987,2,19.74503404837341,11,13
OFFSHORE HAKE,OFFSHORE HAKE_Lit_Opt_1,Lit_Opt_1,1988,2,21.4375414321239,11,13
OFFSHORE HAKE,OFFSHORE HAKE_Lit_Opt_1,Lit_Opt_1,1989,2,25.97188265973869,11,13
OFFSHORE HAKE,OFFSHORE HAKE_Lit_Opt_1,Lit_Opt_1,1990,2,28.112915412304172,11,13
OFFSHORE HAKE,OFFSHORE HAKE_Lit_Opt_1,Lit_Opt_1,1991,2,25.84122383304034,11,13
OFFSHORE HAKE,OFFSHORE HAKE_Lit_Opt_1,Lit_Opt_1,1992,2,17.275566307086983,11,13
OFFSHORE HAKE,OFFSHORE HAKE_Lit_Opt_1,Lit_Opt_1,1993,2,25.01448537463803,11,13
OFFSHORE HAKE,OFFSHORE HAKE_Lit_Opt_1,Lit_Opt_1,1994,2,33.01769000639965,11,13
OFFSHORE HAKE,OFFSHORE HAKE_Lit_Opt_1,Lit_Opt_1,1995,2,37.65860617605854,11,13
OFFSHORE HAKE,OFFSHORE HAKE_Lit_Opt_1,Lit_Opt_1,1996,2,6.7274462779916,11,13
OFFSHORE HAKE,OFFSHORE HAKE_Lit_Opt_1,Lit_Opt_1,1997,2,23.46330489228536,11,13
OFFSHORE HAKE,OFFSHORE HAKE_Lit_Opt_1,Lit_Opt_1,1998,2,-0.15563185144850844,11,13
OFFSHORE HAKE,OFFSHORE HAKE_Lit_Opt_1,Lit_Opt_1,1999,2,19.719528509471942,11,13
OFFSHORE HAKE,OFFSHORE HAKE_Lit_Opt_1,Lit_Opt_1,2000,2,27.286223183167866,11,13
OFFSHORE HAKE,OFFSHORE HAKE_Lit_Opt_1,Lit_Opt_1,2001,2,17.056784347981,11,13
OFFSHORE HAKE,OFFSHORE HAKE_Lit_Opt_1,Lit_Opt_1,2002,2,25.94944004012767,11,13
OFFSHORE HAKE,OFFSHORE HAKE_Lit_Opt_1,Lit_Opt_1,2003,2,16.0368456196462,11,13
OFFSHORE HAKE,OFFSHORE HAKE_Lit_Opt_1,Lit_Opt_1,2004,2,10.380414593500912,11,13
OFFSHORE HAKE,OFFSHORE HAKE_Lit_Opt_1,Lit_Opt_1,2005,2,25.686397963725028,11,13
OFFSHORE HAKE,OFFSHORE HAKE_Lit_Opt_1,Lit_Opt_1,2006,2,29.000272217069625,11,13
OFFSHORE HAKE,OFFSHORE HAKE_Lit_Opt_1,Lit_Opt_1,2007,2,-5.347788215196198,11,13
OFFSHORE HAKE,OFFSHORE HAKE_Lit_Opt_1,Lit_Opt_1,2008,2,13.893647204175318,11,13
OFFSHORE HAKE,OFFSHORE HAKE_Lit_Opt_1,Lit_Opt_1,2009,2,11.25756158431386,11,13
OFFSHORE HAKE,OFFSHORE HAKE_Lit_Opt_1,Lit_Opt_1,2010,2,23.250985696018198,11,13
OFFSHORE HAKE,OFFSHORE HAKE_Lit_Opt_1,Lit_Opt_1,2011,2,27.778543171778487,11,13
OFFSHORE HAKE,OFFSHORE HAKE_Lit_Opt_1,Lit_Opt_1,2012,2,19.327686292685165,11,13
OFFSHORE HAKE,OFFSHORE HAKE_Lit_Opt_1,Lit_Opt_1,2013,2,26.879141579874023,11,13
OFFSHORE HAKE,OFFSHORE HAKE_Lit_Opt_1,Lit_Opt_1,2014,2,21.079214177308714,11,13
OFFSHORE HAKE,OFFSHORE HAKE_Lit_Opt_1,Lit_Opt_1,2015,2,19.46917303114641,11,13
OFFSHORE HAKE,OFFSHORE HAKE_Lit_Opt_1,Lit_Opt_1,2016,2,22.866636007045845,11,13
OFFSHORE HAKE,OFFSHORE HAKE_Lit_Opt_1,Lit_Opt_1,2017,2,38.20539115238944,11,13
OFFSHORE HAKE,OFFSHORE HAKE_Lit_Opt_1,Lit_Opt_1,2018,2,30.880028039367268,11,13
OFFSHORE HAKE,OFFSHORE HAKE_Lit_Opt_1,Lit_Opt_1,2019,2,17.319521608533304,11,13
OFFSHORE HAKE,OFFSHORE HAKE_Lit_Opt_1,Lit_Opt_1,2020,2,29.455400724668387,11,13
OFFSHORE HAKE,OFFSHORE HAKE_Lit_Opt_1,Lit_Opt_1,2022,2,18.267207759496998,11,13
OFFSHORE HAKE,OFFSHORE HAKE_Lit_Opt_1,Lit_Opt_1,2023,2,15.760805484828765,11,13
OFFSHORE HAKE,OFFSHORE HAKE_Lit_Opt_1,Lit_Opt_1,2024,2,4.6831708105484235,11,13
OFFSHORE HAKE,OFFSHORE HAKE_Survey_0_100,Survey_0_100,1959,2,0,0,17.64
OFFSHORE HAKE,OFFSHORE HAKE_Survey_0_100,Survey_0_100,1960,2,0,0,17.64
OFFSHORE HAKE,OFFSHORE HAKE_Survey_0_100,Survey_0_100,1961,2,0,0,17.64
OFFSHORE HAKE,OFFSHORE HAKE_Survey_0_100,Survey_0_100,1962,2,0,0,17.64
OFFSHORE HAKE,OFFSHORE HAKE_Survey_0_100,Survey_0_100,1963,2,0,0,17.64
OFFSHORE HAKE,OFFSHORE HAKE_Survey_0_100,Survey_0_100,1964,2,0,0,17.64
OFFSHORE HAKE,OFFSHORE HAKE_Survey_0_100,Survey_0_100,1965,2,0,0,17.64
OFFSHORE HAKE,OFFSHORE HAKE_Survey_0_100,Survey_0_100,1966,2,0,0,17.64
OFFSHORE HAKE,OFFSHORE HAKE_Survey_0_100,Survey_0_100,1967,2,0,0,17.64
OFFSHORE HAKE,OFFSHORE HAKE_Survey_0_100,Survey_0_100,1968,2,0,0,17.64
OFFSHORE HAKE,OFFSHORE HAKE_Survey_0_100,Survey_0_100,1969,2,0,0,17.64
OFFSHORE HAKE,OFFSHORE HAKE_Survey_0_100,Survey_0_100,1970,2,0,0,17.64
OFFSHORE HAKE,OFFSHORE HAKE_Survey_0_100,Survey_0_100,1971,2,0,0,17.64
OFFSHORE HAKE,OFFSHORE HAKE_Survey_0_100,Survey_0_100,1972,2,0,0,17.64
OFFSHORE HAKE,OFFSHORE HAKE_Survey_0_100,Survey_0_100,1973,2,-0.06808626809056761,0,17.64
OFFSHORE HAKE,OFFSHORE HAKE_Survey_0_100,Survey_0_100,1974,2,0,0,17.64
OFFSHORE HAKE,OFFSHORE HAKE_Survey_0_100,Survey_0_100,1975,2,-0.013697085228244532,0,17.64
OFFSHORE HAKE,OFFSHORE HAKE_Survey_0_100,Survey_0_100,1976,2,0,0,17.64
OFFSHORE HAKE,OFFSHORE HAKE_Survey_0_100,Survey_0_100,1977,2,-0.006979099088042062,0,17.64
OFFSHORE HAKE,OFFSHORE HAKE_Survey_0_100,Survey_0_100,1978,2,0,0,17.64
OFFSHORE HAKE,OFFSHORE HAKE_Survey_0_100,Survey_0_100,1979,2,0,0,17.64
OFFSHORE HAKE,OFFSHORE HAKE_Survey_0_100,Survey_0_100,1980,2,0,0,17.64
OFFSHORE HAKE,OFFSHORE HAKE_Survey_0_100,Survey_0_100,1981,2,0,0,17.64
OFFSHORE HAKE,OFFSHORE HAKE_Survey_0_100,Survey_0_100,1982,2,0,0,17.64
OFFSHORE HAKE,OFFSHORE HAKE_Survey_0_100,Survey_0_100,1983,2,-0.031664059387921384,0,17.64
OFFSHORE HAKE,OFFSHORE HAKE_Survey_0_100,Survey_0_100,1984,2,0,0,17.64
OFFSHORE HAKE,OFFSHORE HAKE_Survey_0_100,Survey_0_100,1985,2,-0.009431987871266756,0,17.64
OFFSHORE HAKE,OFFSHORE HAKE_Survey_0_100,Survey_0_100,1986,2,-0.07360480685714776,0,17.64
OFFSHORE HAKE,OFFSHORE HAKE_Survey_0_100,Survey_0_100,1987,2,-0.021675942578042395,0,17.64
OFFSHORE HAKE,OFFSHORE HAKE_Survey_0_100,Survey_0_100,1988,2,-0.0034895495440281366,0,17.64
OFFSHORE HAKE,OFFSHORE HAKE_Survey_0_100,Survey_0_100,1989,2,-5.162269833789424e-4,0,17.64
OFFSHORE HAKE,OFFSHORE HAKE_Survey_0_100,Survey_0_100,1990,2,0,0,17.64
OFFSHORE HAKE,OFFSHORE HAKE_Survey_0_100,Survey_0_100,1991,2,-0.26890081465332116,0,17.64
OFFSHORE HAKE,OFFSHORE HAKE_Survey_0_100,Survey_0_100,1992,2,0,0,17.64
OFFSHORE HAKE,OFFSHORE HAKE_Survey_0_100,Survey_0_100,1993,2,0,0,17.64
OFFSHORE HAKE,OFFSHORE HAKE_Survey_0_100,Survey_0_100,1994,2,-0.062191562386075816,0,17.64
OFFSHORE HAKE,OFFSHORE HAKE_Survey_0_100,Survey_0_100,1995,2,0,0,17.64
OFFSHORE HAKE,OFFSHORE HAKE_Survey_0_100,Survey_0_100,1996,2,-0.013602407498609637,0,17.64
OFFSHORE HAKE,OFFSHORE HAKE_Survey_0_100,Survey_0_100,1997,2,0,0,17.64
OFFSHORE HAKE,OFFSHORE HAKE_Survey_0_100,Survey_0_100,1998,2,-2.451821605831128e-4,0,17.64
OFFSHORE HAKE,OFFSHORE HAKE_Survey_0_100,Survey_0_100,1999,2,-0.043323246073128985,0,17.64
OFFSHORE HAKE,OFFSHORE HAKE_Survey_0_100,Survey_0_100,2000,2,-0.22329041738528588,0,17.64
OFFSHORE HAKE,OFFSHORE HAKE_Survey_0_100,Survey_0_100,2001,2,-0.06621891110856382,0,17.64
OFFSHORE HAKE,OFFSHORE HAKE_Survey_0_100,Survey_0_100,2002,2,0,0,17.64
OFFSHORE HAKE,OFFSHORE HAKE_Survey_0_100,Survey_0_100,2003,2,-0.020526202328213117,0,17.64
OFFSHORE HAKE,OFFSHORE HAKE_Survey_0_100,Survey_0_100,2004,2,-0.0479761994860155,0,17.64
OFFSHORE HAKE,OFFSHORE HAKE_Survey_0_100,Survey_0_100,2005,2,-0.11336269975514313,0,17.64
OFFSHORE HAKE,OFFSHORE HAKE_Survey_0_100,Survey_0_100,2006,2,-0.08905833612907088,0,17.64
OFFSHORE HAKE,OFFSHORE HAKE_Survey_0_100,Survey_0_100,2007,2,-0.07850422501894627,0,17.64
OFFSHORE HAKE,OFFSHORE HAKE_Survey_0_100,Survey_0_100,2008,2,-0.11931627699823366,0,17.64
OFFSHORE HAKE,OFFSHORE HAKE_Survey_0_100,Survey_0_100,2009,2,-0.2776218143518179,0,17.64
OFFSHORE HAKE,OFFSHORE HAKE_Survey_0_100,Survey_0_100,2010,2,0,0,17.64
OFFSHORE HAKE,OFFSHORE HAKE_Survey_0_100,Survey_0_100,2011,2,-0.08891316415630968,0,17.64
OFFSHORE HAKE,OFFSHORE HAKE_Survey_0_100,Survey_0_100,2012,2,0,0,17.64
OFFSHORE HAKE,OFFSHORE HAKE_Survey_0_100,Survey_0_100,2013,2,-0.048098790566299954,0,17.64
OFFSHORE HAKE,OFFSHORE HAKE_Survey_0_100,Survey_0_100,2014,2,-0.23062073561719387,0,17.64
OFFSHORE HAKE,OFFSHORE HAKE_Survey_0_100,Survey_0_100,2015,2,-0.36646587505420314,0,17.64
OFFSHORE HAKE,OFFSHORE HAKE_Survey_0_100,Survey_0_100,2016,2,-0.008272296712803495,0,17.64
OFFSHORE HAKE,OFFSHORE HAKE_Survey_0_100,Survey_0_100,2017,2,-0.022242477452294906,0,17.64
OFFSHORE HAKE,OFFSHORE HAKE_Survey_0_100,Survey_0_100,2018,2,0,0,17.64
OFFSHORE HAKE,OFFSHORE HAKE_Survey_0_100,Survey_0_100,2019,2,-0.954277896328648,0,17.64
OFFSHORE HAKE,OFFSHORE HAKE_Survey_0_100,Survey_0_100,2020,2,0,0,17.64
OFFSHORE HAKE,OFFSHORE HAKE_Survey_0_100,Survey_0_100,2022,2,-0.35651944906399535,0,17.64
OFFSHORE HAKE,OFFSHORE HAKE_Survey_0_100,Survey_0_100,2023,2,-1.1348736394169094,0,17.64
OFFSHORE HAKE,OFFSHORE HAKE_Survey_0_100,Survey_0_100,2024,2,-1.07871384652708,0,17.64
OFFSHORE HAKE,OFFSHORE HAKE_Survey_10_90,Survey_10_90,1959,2,0,7.372000000000001,12.947000000000001
OFFSHORE HAKE,OFFSHORE HAKE_Survey_10_90,Survey_10_90,1960,2,-3.070902787419275,7.372000000000001,12.947000000000001
OFFSHORE HAKE,OFFSHORE HAKE_Survey_10_90,Survey_10_90,1961,2,-3.1380345014094004,7.372000000000001,12.947000000000001
OFFSHORE HAKE,OFFSHORE HAKE_Survey_10_90,Survey_10_90,1962,2,0.183415032909636,7.372000000000001,12.947000000000001
OFFSHORE HAKE,OFFSHORE HAKE_Survey_10_90,Survey_10_90,1963,2,11.330196045219054,7.372000000000001,12.947000000000001
OFFSHORE HAKE,OFFSHORE HAKE_Survey_10_90,Survey_10_90,1964,2,10.73771052611221,7.372000000000001,12.947000000000001
OFFSHORE HAKE,OFFSHORE HAKE_Survey_10_90,Survey_10_90,1965,2,1.1415772072591537,7.372000000000001,12.947000000000001
OFFSHORE HAKE,OFFSHORE HAKE_Survey_10_90,Survey_10_90,1966,2,1.3371627186962627,7.372000000000001,12.947000000000001
OFFSHORE HAKE,OFFSHORE HAKE_Survey_10_90,Survey_10_90,1967,2,6.013822760741487,7.372000000000001,12.947000000000001
OFFSHORE HAKE,OFFSHORE HAKE_Survey_10_90,Survey_10_90,1968,2,5.862551022029976,7.372000000000001,12.947000000000001
OFFSHORE HAKE,OFFSHORE HAKE_Survey_10_90,Survey_10_90,1969,2,-2.9892313237783483,7.372000000000001,12.947000000000001
OFFSHORE HAKE,OFFSHORE HAKE_Survey_10_90,Survey_10_90,1970,2,8.385927731950918,7.372000000000001,12.947000000000001
OFFSHORE HAKE,OFFSHORE HAKE_Survey_10_90,Survey_10_90,1971,2,8.532220860871433,7.372000000000001,12.947000000000001
OFFSHORE HAKE,OFFSHORE HAKE_Survey_10_90,Survey_10_90,1972,2,-2.740086038765792,7.372000000000001,12.947000000000001
OFFSHORE HAKE,OFFSHORE HAKE_Survey_10_90,Survey_10_90,1973,2,-0.5571622396172913,7.372000000000001,12.947000000000001
OFFSHORE HAKE,OFFSHORE HAKE_Survey_10_90,Survey_10_90,1974,2,5.720661786095356,7.372000000000001,12.947000000000001
OFFSHORE HAKE,OFFSHORE HAKE_Survey_10_90,Survey_10_90,1975,2,11.648120094129979,7.372000000000001,12.947000000000001
OFFSHORE HAKE,OFFSHORE HAKE_Survey_10_90,Survey_10_90,1976,2,32.065461143217576,7.372000000000001,12.947000000000001
OFFSHORE HAKE,OFFSHORE HAKE_Survey_10_90,Survey_10_90,1977,2,1.4046011977301163,7.372000000000001,12.947000000000001
OFFSHORE HAKE,OFFSHORE HAKE_Survey_10_90,Survey_10_90,1978,2,-4.656778803552616,7.372000000000001,12.947000000000001
OFFSHORE HAKE,OFFSHORE HAKE_Survey_10_90,Survey_10_90,1979,2,7.100056683736007,7.372000000000001,12.947000000000001
OFFSHORE HAKE,OFFSHORE HAKE_Survey_10_90,Survey_10_90,1980,2,12.158361179673662,7.372000000000001,12.947000000000001
OFFSHORE HAKE,OFFSHORE HAKE_Survey_10_90,Survey_10_90,1981,2,13.855740670416957,7.372000000000001,12.947000000000001
OFFSHORE HAKE,OFFSHORE HAKE_Survey_10_90,Survey_10_90,1982,2,-7.396544771568653,7.372000000000001,12.947000000000001
OFFSHORE HAKE,OFFSHORE HAKE_Survey_10_90,Survey_10_90,1983,2,-8.068551194491516,7.372000000000001,12.947000000000001
OFFSHORE HAKE,OFFSHORE HAKE_Survey_10_90,Survey_10_90,1984,2,20.13824826876025,7.372000000000001,12.947000000000001
OFFSHORE HAKE,OFFSHORE HAKE_Survey_10_90,Survey_10_90,1985,2,-3.8654727112880956,7.372000000000001,12.947000000000001
OFFSHORE HAKE,OFFSHORE HAKE_Survey_10_90,Survey_10_90,1986,2,-24.596713276617756,7.372000000000001,12.947000000000001
OFFSHORE HAKE,OFFSHORE HAKE_Survey_10_90,Survey_10_90,1987,2,-14.107416533955746,7.372000000000001,12.947000000000001
OFFSHORE HAKE,OFFSHORE HAKE_Survey_10_90,Survey_10_90,1988,2,-2.0177781487334343,7.372000000000001,12.947000000000001
OFFSHORE HAKE,OFFSHORE HAKE_Survey_10_90,Survey_10_90,1989,2,-0.45690561388934725,7.372000000000001,12.947000000000001
OFFSHORE HAKE,OFFSHORE HAKE_Survey_10_90,Survey_10_90,1990,2,6.273411772355068,7.372000000000001,12.947000000000001
OFFSHORE HAKE,OFFSHORE HAKE_Survey_10_90,Survey_10_90,1991,2,-4.900968822199893,7.372000000000001,12.947000000000001
OFFSHORE HAKE,OFFSHORE HAKE_Survey_10_90,Survey_10_90,1992,2,4.990901528873444,7.372000000000001,12.947000000000001
OFFSHORE HAKE,OFFSHORE HAKE_Survey_10_90,Survey_10_90,1993,2,11.91757715139348,7.372000000000001,12.947000000000001
OFFSHORE HAKE,OFFSHORE HAKE_Survey_10_90,Survey_10_90,1994,2,18.676033206750894,7.372000000000001,12.947000000000001
OFFSHORE HAKE,OFFSHORE HAKE_Survey_10_90,Survey_10_90,1995,2,33.96743651422579,7.372000000000001,12.947000000000001
OFFSHORE HAKE,OFFSHORE HAKE_Survey_10_90,Survey_10_90,1996,2,52.98063754051343,7.372000000000001,12.947000000000001
OFFSHORE HAKE,OFFSHORE HAKE_Survey_10_90,Survey_10_90,1997,2,26.41804565341758,7.372000000000001,12.947000000000001
OFFSHORE HAKE,OFFSHORE HAKE_Survey_10_90,Survey_10_90,1998,2,11.158588802570186,7.372000000000001,12.947000000000001
OFFSHORE HAKE,OFFSHORE HAKE_Survey_10_90,Survey_10_90,1999,2,-22.071893366874892,7.372000000000001,12.947000000000001
OFFSHORE HAKE,OFFSHORE HAKE_Survey_10_90,Survey_10_90,2000,2,16.642907436901744,7.372000000000001,12.947000000000001
OFFSHORE HAKE,OFFSHORE HAKE_Survey_10_90,Survey_10_90,2001,2,2.1051335068357773,7.372000000000001,12.947000000000001
OFFSHORE HAKE,OFFSHORE HAKE_Survey_10_90,Survey_10_90,2002,2,4.29566991590584,7.372000000000001,12.947000000000001
OFFSHORE HAKE,OFFSHORE HAKE_Survey_10_90,Survey_10_90,2003,2,18.905249973704713,7.372000000000001,12.947000000000001
OFFSHORE HAKE,OFFSHORE HAKE_Survey_10_90,Survey_10_90,2004,2,3.036472062336557,7.372000000000001,12.947000000000001
OFFSHORE HAKE,OFFSHORE HAKE_Survey_10_90,Survey_10_90,2005,2,-0.6850720216022772,7.372000000000001,12.947000000000001
OFFSHORE HAKE,OFFSHORE HAKE_Survey_10_90,Survey_10_90,2006,2,15.325414127950381,7.372000000000001,12.947000000000001
OFFSHORE HAKE,OFFSHORE HAKE_Survey_10_90,Survey_10_90,2007,2,17.828230883737483,7.372000000000001,12.947000000000001
OFFSHORE HAKE,OFFSHORE HAKE_Survey_10_90,Survey_10_90,2008,2,-8.605689321131635,7.372000000000001,12.947000000000001
OFFSHORE HAKE,OFFSHORE HAKE_Survey_10_90,Survey_10_90,2009,2,-28.354986387949907,7.372000000000001,12.947000000000001
OFFSHORE HAKE,OFFSHORE HAKE_Survey_10_90,Survey_10_90,2010,2,13.373335111202614,7.372000000000001,12.947000000000001
OFFSHORE HAKE,OFFSHORE HAKE_Survey_10_90,Survey_10_90,2011,2,42.64153358824414,7.372000000000001,12.947000000000001
OFFSHORE HAKE,OFFSHORE HAKE_Survey_10_90,Survey_10_90,2012,2,40.99161606340729,7.372000000000001,12.947000000000001
OFFSHORE HAKE,OFFSHORE HAKE_Survey_10_90,Survey_10_90,2013,2,31.907501771838966,7.372000000000001,12.947000000000001
OFFSHORE HAKE,OFFSHORE HAKE_Survey_10_90,Survey_10_90,2014,2,25.262216475663244,7.372000000000001,12.947000000000001
OFFSHORE HAKE,OFFSHORE HAKE_Survey_10_90,Survey_10_90,2015,2,0.631263299456748,7.372000000000001,12.947000000000001
OFFSHORE HAKE,OFFSHORE HAKE_Survey_10_90,Survey_10_90,2016,2,29.497513422369174,7.372000000000001,12.947000000000001
OFFSHORE HAKE,OFFSHORE HAKE_Survey_10_90,Survey_10_90,2017,2,37.18445668562994,7.372000000000001,12.947000000000001
OFFSHORE HAKE,OFFSHORE HAKE_Survey_10_90,Survey_10_90,2018,2,33.32330840101616,7.372000000000001,12.947000000000001
OFFSHORE HAKE,OFFSHORE HAKE_Survey_10_90,Survey_10_90,2019,2,9.796500763151002,7.372000000000001,12.947000000000001
OFFSHORE HAKE,OFFSHORE HAKE_Survey_10_90,Survey_10_90,2020,2,48.61404754892449,7.372000000000001,12.947000000000001
OFFSHORE HAKE,OFFSHORE HAKE_Survey_10_90,Survey_10_90,2022,2,28.515604631699425,7.372000000000001,12.947000000000001
OFFSHORE HAKE,OFFSHORE HAKE_Survey_10_90,Survey_10_90,2023,2,37.49349278978584,7.372000000000001,12.947000000000001
OFFSHORE HAKE,OFFSHORE HAKE_Survey_10_90,Survey_10_90,2024,2,33.718214681392475,7.372000000000001,12.947000000000001
POLLOCK,POLLOCK_Survey_0_100,Survey_0_100,1959,2,0,1.3,18.56
POLLOCK,POLLOCK_Survey_0_100,Survey_0_100,1960,2,0,1.3,18.56
POLLOCK,POLLOCK_Survey_0_100,Survey_0_100,1961,2,0,1.3,18.56
POLLOCK,POLLOCK_Survey_0_100,Survey_0_100,1962,2,0,1.3,18.56
POLLOCK,POLLOCK_Survey_0_100,Survey_0_100,1963,2,0,1.3,18.56
POLLOCK,POLLOCK_Survey_0_100,Survey_0_100,1964,2,0,1.3,18.56
POLLOCK,POLLOCK_Survey_0_100,Survey_0_100,1965,2,0,1.3,18.56
POLLOCK,POLLOCK_Survey_0_100,Survey_0_100,1966,2,0,1.3,18.56
POLLOCK,POLLOCK_Survey_0_100,Survey_0_100,1967,2,0,1.3,18.56
POLLOCK,POLLOCK_Survey_0_100,Survey_0_100,1968,2,0,1.3,18.56
POLLOCK,POLLOCK_Survey_0_100,Survey_0_100,1969,2,0,1.3,18.56
POLLOCK,POLLOCK_Survey_0_100,Survey_0_100,1970,2,0,1.3,18.56
POLLOCK,POLLOCK_Survey_0_100,Survey_0_100,1971,2,0,1.3,18.56
POLLOCK,POLLOCK_Survey_0_100,Survey_0_100,1972,2,0,1.3,18.56
POLLOCK,POLLOCK_Survey_0_100,Survey_0_100,1973,2,0,1.3,18.56
POLLOCK,POLLOCK_Survey_0_100,Survey_0_100,1974,2,0,1.3,18.56
POLLOCK,POLLOCK_Survey_0_100,Survey_0_100,1975,2,0,1.3,18.56
POLLOCK,POLLOCK_Survey_0_100,Survey_0_100,1976,2,0,1.3,18.56
POLLOCK,POLLOCK_Survey_0_100,Survey_0_100,1977,2,0,1.3,18.56
POLLOCK,POLLOCK_Survey_0_100,Survey_0_100,1978,2,0,1.3,18.56
POLLOCK,POLLOCK_Survey_0_100,Survey_0_100,1979,2,0,1.3,18.56
POLLOCK,POLLOCK_Survey_0_100,Survey_0_100,1980,2,0,1.3,18.56
POLLOCK,POLLOCK_Survey_0_100,Survey_0_100,1981,2,0,1.3,18.56
POLLOCK,POLLOCK_Survey_0_100,Survey_0_100,1982,2,0,1.3,18.56
POLLOCK,POLLOCK_Survey_0_100,Survey_0_100,1983,2,0,1.3,18.56
POLLOCK,POLLOCK_Survey_0_100,Survey_0_100,1984,2,0,1.3,18.56
POLLOCK,POLLOCK_Survey_0_100,Survey_0_100,1985,2,0,1.3,18.56
POLLOCK,POLLOCK_Survey_0_100,Survey_0_100,1986,2,0,1.3,18.56
POLLOCK,POLLOCK_Survey_0_100,Survey_0_100,1987,2,0,1.3,18.56
POLLOCK,POLLOCK_Survey_0_100,Survey_0_100,1988,2,0,1.3,18.56
POLLOCK,POLLOCK_Survey_0_100,Survey_0_100,1989,2,0,1.3,18.56
POLLOCK,POLLOCK_Survey_0_100,Survey_0_100,1990,2,0,1.3,18.56
POLLOCK,POLLOCK_Survey_0_100,Survey_0_100,1991,2,-2.8542754648697155e-7,1.3,18.56
POLLOCK,POLLOCK_Survey_0_100,Survey_0_100,1992,2,0,1.3,18.56
POLLOCK,POLLOCK_Survey_0_100,Survey_0_100,1993,2,-7.723802624042264e-4,1.3,18.56
POLLOCK,POLLOCK_Survey_0_100,Survey_0_100,1994,2,-1.930950655975039e-4,1.3,18.56
POLLOCK,POLLOCK_Survey_0_100,Survey_0_100,1995,2,-9.26856314890756e-4,1.3,18.56
POLLOCK,POLLOCK_Survey_0_100,Survey_0_100,1996,2,-2.31714078722689e-4,1.3,18.56
POLLOCK,POLLOCK_Survey_0_100,Survey_0_100,1997,2,-6.95142236168067e-4,1.3,18.56
POLLOCK,POLLOCK_Survey_0_100,Survey_0_100,1998,2,-0.003764778316877937,1.3,18.56
POLLOCK,POLLOCK_Survey_0_100,Survey_0_100,1999,2,-0.31335717247668526,1.3,18.56
POLLOCK,POLLOCK_Survey_0_100,Survey_0_100,2000,2,-0.0010427133542521005,1.3,18.56
POLLOCK,POLLOCK_Survey_0_100,Survey_0_100,2001,2,-0.021685754784073197,1.3,18.56
POLLOCK,POLLOCK_Survey_0_100,Survey_0_100,2002,2,-6.565232230428819e-4,1.3,18.56
POLLOCK,POLLOCK_Survey_0_100,Survey_0_100,2003,2,0,1.3,18.56
POLLOCK,POLLOCK_Survey_0_100,Survey_0_100,2004,2,0,1.3,18.56
POLLOCK,POLLOCK_Survey_0_100,Survey_0_100,2005,2,-4.2480914433440375e-4,1.3,18.56
POLLOCK,POLLOCK_Survey_0_100,Survey_0_100,2006,2,-7.723802623615939e-5,1.3,18.56
POLLOCK,POLLOCK_Survey_0_100,Survey_0_100,2007,2,-1.930950655975039e-4,1.3,18.56
POLLOCK,POLLOCK_Survey_0_100,Survey_0_100,2008,2,-6.95142236168067e-4,1.3,18.56
POLLOCK,POLLOCK_Survey_0_100,Survey_0_100,2009,2,-2.907022406617443e-4,1.3,18.56
POLLOCK,POLLOCK_Survey_0_100,Survey_0_100,2010,2,-0.06958061983178254,1.3,18.56
POLLOCK,POLLOCK_Survey_0_100,Survey_0_100,2011,2,-0.03967073973420554,1.3,18.56
POLLOCK,POLLOCK_Survey_0_100,Survey_0_100,2012,2,-0.4871649220194456,1.3,18.56
POLLOCK,POLLOCK_Survey_0_100,Survey_0_100,2013,2,-0.08419510461691004,1.3,18.56
POLLOCK,POLLOCK_Survey_0_100,Survey_0_100,2014,2,-0.5418006419169785,1.3,18.56
POLLOCK,POLLOCK_Survey_0_100,Survey_0_100,2015,2,-0.2526014259048708,1.3,18.56
POLLOCK,POLLOCK_Survey_0_100,Survey_0_100,2016,2,-0.26134634409586965,1.3,18.56
POLLOCK,POLLOCK_Survey_0_100,Survey_0_100,2017,2,-0.004614396605518323,1.3,18.56
POLLOCK,POLLOCK_Survey_0_100,Survey_0_100,2018,2,-0.3123282144519237,1.3,18.56
POLLOCK,POLLOCK_Survey_0_100,Survey_0_100,2019,2,-0.02551141012277469,1.3,18.56
POLLOCK,POLLOCK_Survey_0_100,Survey_0_100,2020,2,-0.0577477218338629,1.3,18.56
POLLOCK,POLLOCK_Survey_0_100,Survey_0_100,2022,2,-0.41356504189900534,1.3,18.56
POLLOCK,POLLOCK_Survey_0_100,Survey_0_100,2023,2,-0.03499887128036505,1.3,18.56
POLLOCK,POLLOCK_Survey_0_100,Survey_0_100,2024,2,-0.06981471639947756,1.3,18.56
POLLOCK,POLLOCK_Survey_10_90,Survey_10_90,1959,2,0,4.48,9.8
POLLOCK,POLLOCK_Survey_10_90,Survey_10_90,1960,2,2.315232034283653,4.48,9.8
POLLOCK,POLLOCK_Survey_10_90,Survey_10_90,1961,2,-3.2351934316437934,4.48,9.8
POLLOCK,POLLOCK_Survey_10_90,Survey_10_90,1962,2,-4.938871891611939,4.48,9.8
POLLOCK,POLLOCK_Survey_10_90,Survey_10_90,1963,2,9.738399861345684,4.48,9.8
POLLOCK,POLLOCK_Survey_10_90,Survey_10_90,1964,2,5.61695175261525,4.48,9.8
POLLOCK,POLLOCK_Survey_10_90,Survey_10_90,1965,2,-6.543733838905098,4.48,9.8
POLLOCK,POLLOCK_Survey_10_90,Survey_10_90,1966,2,1.733332404496963,4.48,9.8
POLLOCK,POLLOCK_Survey_10_90,Survey_10_90,1967,2,-5.432108628160648,4.48,9.8
POLLOCK,POLLOCK_Survey_10_90,Survey_10_90,1968,2,-9.632610211451748,4.48,9.8
POLLOCK,POLLOCK_Survey_10_90,Survey_10_90,1969,2,-11.340847405078406,4.48,9.8
POLLOCK,POLLOCK_Survey_10_90,Survey_10_90,1970,2,4.166976316688448,4.48,9.8
POLLOCK,POLLOCK_Survey_10_90,Survey_10_90,1971,2,1.2931073775906015,4.48,9.8
POLLOCK,POLLOCK_Survey_10_90,Survey_10_90,1972,2,7.8768045510155815,4.48,9.8
POLLOCK,POLLOCK_Survey_10_90,Survey_10_90,1973,2,4.173561344477434,4.48,9.8
POLLOCK,POLLOCK_Survey_10_90,Survey_10_90,1974,2,-2.0166800996507703,4.48,9.8
POLLOCK,POLLOCK_Survey_10_90,Survey_10_90,1975,2,7.215156928427248,4.48,9.8
POLLOCK,POLLOCK_Survey_10_90,Survey_10_90,1976,2,1.0729839475287832,4.48,9.8
POLLOCK,POLLOCK_Survey_10_90,Survey_10_90,1977,2,0.5399190845840707,4.48,9.8
POLLOCK,POLLOCK_Survey_10_90,Survey_10_90,1978,2,-0.9174678810173731,4.48,9.8
POLLOCK,POLLOCK_Survey_10_90,Survey_10_90,1979,2,-3.8087389016737347,4.48,9.8
POLLOCK,POLLOCK_Survey_10_90,Survey_10_90,1980,2,-7.017630714073022,4.48,9.8
POLLOCK,POLLOCK_Survey_10_90,Survey_10_90,1981,2,-1.480956407136361,4.48,9.8
POLLOCK,POLLOCK_Survey_10_90,Survey_10_90,1982,2,0.09983930767555194,4.48,9.8
POLLOCK,POLLOCK_Survey_10_90,Survey_10_90,1983,2,9.119893761725706,4.48,9.8
POLLOCK,POLLOCK_Survey_10_90,Survey_10_90,1984,2,7.8159079257823265,4.48,9.8
POLLOCK,POLLOCK_Survey_10_90,Survey_10_90,1985,2,1.1496430810420293,4.48,9.8
POLLOCK,POLLOCK_Survey_10_90,Survey_10_90,1986,2,7.871699554777294,4.48,9.8
POLLOCK,POLLOCK_Survey_10_90,Survey_10_90,1987,2,-3.1294810297466853,4.48,9.8
POLLOCK,POLLOCK_Survey_10_90,Survey_10_90,1988,2,8.479234291040399,4.48,9.8
POLLOCK,POLLOCK_Survey_10_90,Survey_10_90,1989,2,-4.676078893434692,4.48,9.8
POLLOCK,POLLOCK_Survey_10_90,Survey_10_90,1990,2,4.99714355397748,4.48,9.8
POLLOCK,POLLOCK_Survey_10_90,Survey_10_90,1991,2,1.500417948611826,4.48,9.8
POLLOCK,POLLOCK_Survey_10_90,Survey_10_90,1992,2,-1.6801443662351403,4.48,9.8
POLLOCK,POLLOCK_Survey_10_90,Survey_10_90,1993,2,-10.050165080748897,4.48,9.8
POLLOCK,POLLOCK_Survey_10_90,Survey_10_90,1994,2,5.82569624696778,4.48,9.8
POLLOCK,POLLOCK_Survey_10_90,Survey_10_90,1995,2,12.271721496009718,4.48,9.8
POLLOCK,POLLOCK_Survey_10_90,Survey_10_90,1996,2,14.634554489665717,4.48,9.8
POLLOCK,POLLOCK_Survey_10_90,Survey_10_90,1997,2,15.733265608626326,4.48,9.8
POLLOCK,POLLOCK_Survey_10_90,Survey_10_90,1998,2,19.019748594981507,4.48,9.8
POLLOCK,POLLOCK_Survey_10_90,Survey_10_90,1999,2,1.4581224671257331,4.48,9.8
POLLOCK,POLLOCK_Survey_10_90,Survey_10_90,2000,2,17.50492723991846,4.48,9.8
POLLOCK,POLLOCK_Survey_10_90,Survey_10_90,2001,2,15.22880091995475,4.48,9.8
POLLOCK,POLLOCK_Survey_10_90,Survey_10_90,2002,2,14.159375251445695,4.48,9.8
POLLOCK,POLLOCK_Survey_10_90,Survey_10_90,2003,2,0.6651036089525064,4.48,9.8
POLLOCK,POLLOCK_Survey_10_90,Survey_10_90,2004,2,-6.800859914346617,4.48,9.8
POLLOCK,POLLOCK_Survey_10_90,Survey_10_90,2005,2,0.6742888790272303,4.48,9.8
POLLOCK,POLLOCK_Survey_10_90,Survey_10_90,2006,2,16.801614868419605,4.48,9.8
POLLOCK,POLLOCK_Survey_10_90,Survey_10_90,2007,2,10.144167095706223,4.48,9.8
POLLOCK,POLLOCK_Survey_10_90,Survey_10_90,2008,2,17.79630403994649,4.48,9.8
POLLOCK,POLLOCK_Survey_10_90,Survey_10_90,2009,2,-2.034796327236691,4.48,9.8
POLLOCK,POLLOCK_Survey_10_90,Survey_10_90,2010,2,11.425224212699263,4.48,9.8
POLLOCK,POLLOCK_Survey_10_90,Survey_10_90,2011,2,17.37638004334876,4.48,9.8
POLLOCK,POLLOCK_Survey_10_90,Survey_10_90,2012,2,0.35703364696784945,4.48,9.8
POLLOCK,POLLOCK_Survey_10_90,Survey_10_90,2013,2,-9.64537251815291,4.48,9.8
POLLOCK,POLLOCK_Survey_10_90,Survey_10_90,2014,2,-15.98561732818375,4.48,9.8
POLLOCK,POLLOCK_Survey_10_90,Survey_10_90,2015,2,-6.732033150817145,4.48,9.8
POLLOCK,POLLOCK_Survey_10_90,Survey_10_90,2016,2,-11.5073024697137,4.48,9.8
POLLOCK,POLLOCK_Survey_10_90,Survey_10_90,2017,2,3.621641591037303,4.48,9.8
POLLOCK,POLLOCK_Survey_10_90,Survey_10_90,2018,2,-6.503559534440612,4.48,9.8
POLLOCK,POLLOCK_Survey_10_90,Survey_10_90,2019,2,-34.27163600682635,4.48,9.8
POLLOCK,POLLOCK_Survey_10_90,Survey_10_90,2020,2,1.6607228779050587,4.48,9.8
POLLOCK,POLLOCK_Survey_10_90,Survey_10_90,2022,2,-5.092142354810619,4.48,9.8
POLLOCK,POLLOCK_Survey_10_90,Survey_10_90,2023,2,-6.841811811436273,4.48,9.8
POLLOCK,POLLOCK_Survey_10_90,Survey_10_90,2024,2,12.195614304873004,4.48,9.8
RED HAKE,RED HAKE_Survey_0_100,Survey_0_100,1959,2,0,0,23.6
RED HAKE,RED HAKE_Survey_0_100,Survey_0_100,1960,2,0,0,23.6
RED HAKE,RED HAKE_Survey_0_100,Survey_0_100,1961,2,0,0,23.6
RED HAKE,RED HAKE_Survey_0_100,Survey_0_100,1962,2,0,0,23.6
RED HAKE,RED HAKE_Survey_0_100,Survey_0_100,1963,2,0,0,23.6
RED HAKE,RED HAKE_Survey_0_100,Survey_0_100,1964,2,0,0,23.6
RED HAKE,RED HAKE_Survey_0_100,Survey_0_100,1965,2,0,0,23.6
RED HAKE,RED HAKE_Survey_0_100,Survey_0_100,1966,2,0,0,23.6
RED HAKE,RED HAKE_Survey_0_100,Survey_0_100,1967,2,0,0,23.6
RED HAKE,RED HAKE_Survey_0_100,Survey_0_100,1968,2,-5.5894855861993165e-5,0,23.6
RED HAKE,RED HAKE_Survey_0_100,Survey_0_100,1969,2,0,0,23.6
RED HAKE,RED HAKE_Survey_0_100,Survey_0_100,1970,2,-0.0049418821564444215,0,23.6
RED HAKE,RED HAKE_Survey_0_100,Survey_0_100,1971,2,0,0,23.6
RED HAKE,RED HAKE_Survey_0_100,Survey_0_100,1972,2,-6.148434145671899e-4,0,23.6
RED HAKE,RED HAKE_Survey_0_100,Survey_0_100,1973,2,-7.825279821815911e-4,0,23.6
RED HAKE,RED HAKE_Survey_0_100,Survey_0_100,1974,2,-6.707382704291831e-4,0,23.6
RED HAKE,RED HAKE_Survey_0_100,Survey_0_100,1975,2,0,0,23.6
RED HAKE,RED HAKE_Survey_0_100,Survey_0_100,1976,2,0,0,23.6
RED HAKE,RED HAKE_Survey_0_100,Survey_0_100,1977,2,0,0,23.6
RED HAKE,RED HAKE_Survey_0_100,Survey_0_100,1978,2,0,0,23.6
RED HAKE,RED HAKE_Survey_0_100,Survey_0_100,1979,2,0,0,23.6
RED HAKE,RED HAKE_Survey_0_100,Survey_0_100,1980,2,0,0,23.6
RED HAKE,RED HAKE_Survey_0_100,Survey_0_100,1981,2,0,0,23.6
RED HAKE,RED HAKE_Survey_0_100,Survey_0_100,1982,2,0,0,23.6
RED HAKE,RED HAKE_Survey_0_100,Survey_0_100,1983,2,-1.956319955525032e-4,0,23.6
RED HAKE,RED HAKE_Survey_0_100,Survey_0_100,1984,2,0,0,23.6
RED HAKE,RED HAKE_Survey_0_100,Survey_0_100,1985,2,-0.0358919274017353,0,23.6
RED HAKE,RED HAKE_Survey_0_100,Survey_0_100,1986,2,-0.003989170643251327,0,23.6
RED HAKE,RED HAKE_Survey_0_100,Survey_0_100,1987,2,-4.6413728175309643e-4,0,23.6
RED HAKE,RED HAKE_Survey_0_100,Survey_0_100,1988,2,-2.794742793810201e-5,0,23.6
RED HAKE,RED HAKE_Survey_0_100,Survey_0_100,1989,2,-7.715172970534923e-4,0,23.6
RED HAKE,RED HAKE_Survey_0_100,Survey_0_100,1990,2,-0.013197897354416455,0,23.6
RED HAKE,RED HAKE_Survey_0_100,Survey_0_100,1991,2,-0.0022653950189521765,0,23.6
RED HAKE,RED HAKE_Survey_0_100,Survey_0_100,1992,2,-2.794771012304409e-5,0,23.6
RED HAKE,RED HAKE_Survey_0_100,Survey_0_100,1993,2,-0.009097705418298574,0,23.6
RED HAKE,RED HAKE_Survey_0_100,Survey_0_100,1994,2,-0.021513791003670235,0,23.6
RED HAKE,RED HAKE_Survey_0_100,Survey_0_100,1995,2,-0.4038062445836772,0,23.6
RED HAKE,RED HAKE_Survey_0_100,Survey_0_100,1996,2,-0.049013903489566246,0,23.6
RED HAKE,RED HAKE_Survey_0_100,Survey_0_100,1997,2,-0.09696564383231987,0,23.6
RED HAKE,RED HAKE_Survey_0_100,Survey_0_100,1998,2,-0.08020461267371104,0,23.6
RED HAKE,RED HAKE_Survey_0_100,Survey_0_100,1999,2,-0.2447046095454226,0,23.6
RED HAKE,RED HAKE_Survey_0_100,Survey_0_100,2000,2,-0.060388147987083585,0,23.6
RED HAKE,RED HAKE_Survey_0_100,Survey_0_100,2001,2,-0.0881754391464824,0,23.6
RED HAKE,RED HAKE_Survey_0_100,Survey_0_100,2002,2,-0.24743653269571553,0,23.6
RED HAKE,RED HAKE_Survey_0_100,Survey_0_100,2003,2,-0.016021893234821505,0,23.6
RED HAKE,RED HAKE_Survey_0_100,Survey_0_100,2004,2,0,0,23.6
RED HAKE,RED HAKE_Survey_0_100,Survey_0_100,2005,2,-0.09344074611922792,0,23.6
RED HAKE,RED HAKE_Survey_0_100,Survey_0_100,2006,2,-0.007629481696213247,0,23.6
RED HAKE,RED HAKE_Survey_0_100,Survey_0_100,2007,2,-0.04063918288650825,0,23.6
RED HAKE,RED HAKE_Survey_0_100,Survey_0_100,2008,2,-0.1755888898529463,0,23.6
RED HAKE,RED HAKE_Survey_0_100,Survey_0_100,2009,2,-0.16403418241827694,0,23.6
RED HAKE,RED HAKE_Survey_0_100,Survey_0_100,2010,2,-0.13783588260197632,0,23.6
RED HAKE,RED HAKE_Survey_0_100,Survey_0_100,2011,2,-0.11651538845032405,0,23.6
RED HAKE,RED HAKE_Survey_0_100,Survey_0_100,2012,2,-0.27483783429180164,0,23.6
RED HAKE,RED HAKE_Survey_0_100,Survey_0_100,2013,2,-0.09520267154475448,0,23.6
RED HAKE,RED HAKE_Survey_0_100,Survey_0_100,2014,2,-0.3843961174488584,0,23.6
RED HAKE,RED HAKE_Survey_0_100,Survey_0_100,2015,2,-0.4676072139655645,0,23.6
RED HAKE,RED HAKE_Survey_0_100,Survey_0_100,2016,2,-0.6079715703570514,0,23.6
RED HAKE,RED HAKE_Survey_0_100,Survey_0_100,2017,2,-0.037296348853544714,0,23.6
RED HAKE,RED HAKE_Survey_0_100,Survey_0_100,2018,2,-0.14160333385750334,0,23.6
RED HAKE,RED HAKE_Survey_0_100,Survey_0_100,2019,2,-0.2850420813789327,0,23.6
RED HAKE,RED HAKE_Survey_0_100,Survey_0_100,2020,2,-0.2526985613430668,0,23.6
RED HAKE,RED HAKE_Survey_0_100,Survey_0_100,2022,2,-0.2396926195120841,0,23.6
RED HAKE,RED HAKE_Survey_0_100,Survey_0_100,2023,2,-0.2202803754088194,0,23.6
RED HAKE,RED HAKE_Survey_0_100,Survey_0_100,2024,2,-0.14378456083052527,0,23.6
RED HAKE,RED HAKE_Survey_10_90,Survey_10_90,1959,2,0,4.9,12.77
RED HAKE,RED HAKE_Survey_10_90,Survey_10_90,1960,2,-7.2403908680119144,4.9,12.77
RED HAKE,RED HAKE_Survey_10_90,Survey_10_90,1961,2,-6.9864534961879485,4.9,12.77
RED HAKE,RED HAKE_Survey_10_90,Survey_10_90,1962,2,-9.675030016465868,4.9,12.77
RED HAKE,RED HAKE_Survey_10_90,Survey_10_90,1963,2,-0.5759292986390818,4.9,12.77
RED HAKE,RED HAKE_Survey_10_90,Survey_10_90,1964,2,1.7710572771776043,4.9,12.77
RED HAKE,RED HAKE_Survey_10_90,Survey_10_90,1965,2,0.65966711715663,4.9,12.77
RED HAKE,RED HAKE_Survey_10_90,Survey_10_90,1966,2,5.187305788361641,4.9,12.77
RED HAKE,RED HAKE_Survey_10_90,Survey_10_90,1967,2,2.7499011110524805,4.9,12.77
RED HAKE,RED HAKE_Survey_10_90,Survey_10_90,1968,2,-5.554755626306303,4.9,12.77
RED HAKE,RED HAKE_Survey_10_90,Survey_10_90,1969,2,-18.64227501874352,4.9,12.77
RED HAKE,RED HAKE_Survey_10_90,Survey_10_90,1970,2,8.815656132958196,4.9,12.77
RED HAKE,RED HAKE_Survey_10_90,Survey_10_90,1971,2,-2.747522849486984,4.9,12.77
RED HAKE,RED HAKE_Survey_10_90,Survey_10_90,1972,2,5.122551631827747,4.9,12.77
RED HAKE,RED HAKE_Survey_10_90,Survey_10_90,1973,2,-1.412906143349062,4.9,12.77
RED HAKE,RED HAKE_Survey_10_90,Survey_10_90,1974,2,9.274335532095165,4.9,12.77
RED HAKE,RED HAKE_Survey_10_90,Survey_10_90,1975,2,5.487888614178516,4.9,12.77
RED HAKE,RED HAKE_Survey_10_90,Survey_10_90,1976,2,23.50160325393135,4.9,12.77
RED HAKE,RED HAKE_Survey_10_90,Survey_10_90,1977,2,-6.287251621838465,4.9,12.77
RED HAKE,RED HAKE_Survey_10_90,Survey_10_90,1978,2,-6.890033051028183,4.9,12.77
RED HAKE,RED HAKE_Survey_10_90,Survey_10_90,1979,2,-0.4573016865405606,4.9,12.77
RED HAKE,RED HAKE_Survey_10_90,Survey_10_90,1980,2,5.010067720350449,4.9,12.77
RED HAKE,RED HAKE_Survey_10_90,Survey_10_90,1981,2,1.0511460628723057,4.9,12.77
RED HAKE,RED HAKE_Survey_10_90,Survey_10_90,1982,2,-13.888961636241874,4.9,12.77
RED HAKE,RED HAKE_Survey_10_90,Survey_10_90,1983,2,6.1141638907699445,4.9,12.77
RED HAKE,RED HAKE_Survey_10_90,Survey_10_90,1984,2,11.037892747870373,4.9,12.77
RED HAKE,RED HAKE_Survey_10_90,Survey_10_90,1985,2,-0.6937158777399759,4.9,12.77
RED HAKE,RED HAKE_Survey_10_90,Survey_10_90,1986,2,-2.9816595818328224,4.9,12.77
RED HAKE,RED HAKE_Survey_10_90,Survey_10_90,1987,2,-3.869167338427374,4.9,12.77
RED HAKE,RED HAKE_Survey_10_90,Survey_10_90,1988,2,8.059319649135915,4.9,12.77
RED HAKE,RED HAKE_Survey_10_90,Survey_10_90,1989,2,-3.051585114710207,4.9,12.77
RED HAKE,RED HAKE_Survey_10_90,Survey_10_90,1990,2,11.194391142104294,4.9,12.77
RED HAKE,RED HAKE_Survey_10_90,Survey_10_90,1991,2,7.110450807376708,4.9,12.77
RED HAKE,RED HAKE_Survey_10_90,Survey_10_90,1992,2,1.4003178060932413,4.9,12.77
RED HAKE,RED HAKE_Survey_10_90,Survey_10_90,1993,2,-3.2911881050684713,4.9,12.77
RED HAKE,RED HAKE_Survey_10_90,Survey_10_90,1994,2,-3.9868688711737974,4.9,12.77
RED HAKE,RED HAKE_Survey_10_90,Survey_10_90,1995,2,4.391987574291676,4.9,12.77
RED HAKE,RED HAKE_Survey_10_90,Survey_10_90,1996,2,13.81061972989491,4.9,12.77
RED HAKE,RED HAKE_Survey_10_90,Survey_10_90,1997,2,15.007382363531903,4.9,12.77
RED HAKE,RED HAKE_Survey_10_90,Survey_10_90,1998,2,28.00957617083165,4.9,12.77
RED HAKE,RED HAKE_Survey_10_90,Survey_10_90,1999,2,-3.805819875677848,4.9,12.77
RED HAKE,RED HAKE_Survey_10_90,Survey_10_90,2000,2,25.091500145789283,4.9,12.77
RED HAKE,RED HAKE_Survey_10_90,Survey_10_90,2001,2,2.9735723794558027,4.9,12.77
RED HAKE,RED HAKE_Survey_10_90,Survey_10_90,2002,2,11.461020783836489,4.9,12.77
RED HAKE,RED HAKE_Survey_10_90,Survey_10_90,2003,2,3.4658204384744806,4.9,12.77
RED HAKE,RED HAKE_Survey_10_90,Survey_10_90,2004,2,-6.6835369734593755,4.9,12.77
RED HAKE,RED HAKE_Survey_10_90,Survey_10_90,2005,2,-2.160841302876591,4.9,12.77
RED HAKE,RED HAKE_Survey_10_90,Survey_10_90,2006,2,11.373267535565404,4.9,12.77
RED HAKE,RED HAKE_Survey_10_90,Survey_10_90,2007,2,18.812508759870724,4.9,12.77
RED HAKE,RED HAKE_Survey_10_90,Survey_10_90,2008,2,17.348590139851822,4.9,12.77
RED HAKE,RED HAKE_Survey_10_90,Survey_10_90,2009,2,-6.761350371038418,4.9,12.77
RED HAKE,RED HAKE_Survey_10_90,Survey_10_90,2010,2,9.08358525125719,4.9,12.77
RED HAKE,RED HAKE_Survey_10_90,Survey_10_90,2011,2,6.471789172837106,4.9,12.77
RED HAKE,RED HAKE_Survey_10_90,Survey_10_90,2012,2,6.158273840350915,4.9,12.77
RED HAKE,RED HAKE_Survey_10_90,Survey_10_90,2013,2,6.109042522316351,4.9,12.77
RED HAKE,RED HAKE_Survey_10_90,Survey_10_90,2014,2,-8.996388248343948,4.9,12.77
RED HAKE,RED HAKE_Survey_10_90,Survey_10_90,2015,2,-12.265206759289214,4.9,12.77
RED HAKE,RED HAKE_Survey_10_90,Survey_10_90,2016,2,-0.47393759132464197,4.9,12.77
RED HAKE,RED HAKE_Survey_10_90,Survey_10_90,2017,2,2.2726976393244698,4.9,12.77
RED HAKE,RED HAKE_Survey_10_90,Survey_10_90,2018,2,10.999190372822227,4.9,12.77
RED HAKE,RED HAKE_Survey_10_90,Survey_10_90,2019,2,-5.159513398303197,4.9,12.77
RED HAKE,RED HAKE_Survey_10_90,Survey_10_90,2020,2,14.144967423809504,4.9,12.77
RED HAKE,RED HAKE_Survey_10_90,Survey_10_90,2022,2,0.9189793806698745,4.9,12.77
RED HAKE,RED HAKE_Survey_10_90,Survey_10_90,2023,2,17.689487776136346,4.9,12.77
RED HAKE,RED HAKE_Survey_10_90,Survey_10_90,2024,2,13.758382544134165,4.9,12.77
ROSETTE SKATE,ROSETTE SKATE_Survey_0_100,Survey_0_100,1959,2,0,5.3,27.55
ROSETTE SKATE,ROSETTE SKATE_Survey_0_100,Survey_0_100,1960,2,-0.9441498090932186,5.3,27.55
ROSETTE SKATE,ROSETTE SKATE_Survey_0_100,Survey_0_100,1961,2,-0.7056705643663435,5.3,27.55
ROSETTE SKATE,ROSETTE SKATE_Survey_0_100,Survey_0_100,1962,2,2.4405914989169446,5.3,27.55
ROSETTE SKATE,ROSETTE SKATE_Survey_0_100,Survey_0_100,1963,2,2.1148693103537823,5.3,27.55
ROSETTE SKATE,ROSETTE SKATE_Survey_0_100,Survey_0_100,1964,2,1.2909403814786202,5.3,27.55
ROSETTE SKATE,ROSETTE SKATE_Survey_0_100,Survey_0_100,1965,2,1.5454847000671492,5.3,27.55
ROSETTE SKATE,ROSETTE SKATE_Survey_0_100,Survey_0_100,1966,2,1.2174255359715573,5.3,27.55
ROSETTE SKATE,ROSETTE SKATE_Survey_0_100,Survey_0_100,1967,2,1.8941065046091836,5.3,27.55
ROSETTE SKATE,ROSETTE SKATE_Survey_0_100,Survey_0_100,1968,2,1.4300453131274082,5.3,27.55
ROSETTE SKATE,ROSETTE SKATE_Survey_0_100,Survey_0_100,1969,2,1.7101897981967937,5.3,27.55
ROSETTE SKATE,ROSETTE SKATE_Survey_0_100,Survey_0_100,1970,2,2.8710229351637793,5.3,27.55
ROSETTE SKATE,ROSETTE SKATE_Survey_0_100,Survey_0_100,1971,2,2.3787230081412645,5.3,27.55
ROSETTE SKATE,ROSETTE SKATE_Survey_0_100,Survey_0_100,1972,2,2.8990824774232635,5.3,27.55
ROSETTE SKATE,ROSETTE SKATE_Survey_0_100,Survey_0_100,1973,2,2.7809971872844983,5.3,27.55
ROSETTE SKATE,ROSETTE SKATE_Survey_0_100,Survey_0_100,1974,2,2.8993143910211643,5.3,27.55
ROSETTE SKATE,ROSETTE SKATE_Survey_0_100,Survey_0_100,1975,2,2.6278992079279675,5.3,27.55
ROSETTE SKATE,ROSETTE SKATE_Survey_0_100,Survey_0_100,1976,2,2.8953032752301624,5.3,27.55
ROSETTE SKATE,ROSETTE SKATE_Survey_0_100,Survey_0_100,1977,2,1.8977909109410973,5.3,27.55
ROSETTE SKATE,ROSETTE SKATE_Survey_0_100,Survey_0_100,1978,2,2.5119518095877993,5.3,27.55
ROSETTE SKATE,ROSETTE SKATE_Survey_0_100,Survey_0_100,1979,2,2.755123887254868,5.3,27.55
ROSETTE SKATE,ROSETTE SKATE_Survey_0_100,Survey_0_100,1980,2,1.1854422884902505,5.3,27.55
ROSETTE SKATE,ROSETTE SKATE_Survey_0_100,Survey_0_100,1981,2,1.6795556390971882,5.3,27.55
ROSETTE SKATE,ROSETTE SKATE_Survey_0_100,Survey_0_100,1982,2,2.0005134739024015,5.3,27.55
ROSETTE SKATE,ROSETTE SKATE_Survey_0_100,Survey_0_100,1983,2,2.8993143910211643,5.3,27.55
ROSETTE SKATE,ROSETTE SKATE_Survey_0_100,Survey_0_100,1984,2,1.447541971773319,5.3,27.55
ROSETTE SKATE,ROSETTE SKATE_Survey_0_100,Survey_0_100,1985,2,2.8993143910211643,5.3,27.55
ROSETTE SKATE,ROSETTE SKATE_Survey_0_100,Survey_0_100,1986,2,2.8992886228436134,5.3,27.55
ROSETTE SKATE,ROSETTE SKATE_Survey_0_100,Survey_0_100,1987,2,2.690510352662116,5.3,27.55
ROSETTE SKATE,ROSETTE SKATE_Survey_0_100,Survey_0_100,1988,2,2.837935886116668,5.3,27.55
ROSETTE SKATE,ROSETTE SKATE_Survey_0_100,Survey_0_100,1989,2,2.8256784232194576,5.3,27.55
ROSETTE SKATE,ROSETTE SKATE_Survey_0_100,Survey_0_100,1990,2,2.8993143910211643,5.3,27.55
ROSETTE SKATE,ROSETTE SKATE_Survey_0_100,Survey_0_100,1991,2,2.884412960076844,5.3,27.55
ROSETTE SKATE,ROSETTE SKATE_Survey_0_100,Survey_0_100,1992,2,2.8170865173056114,5.3,27.55
ROSETTE SKATE,ROSETTE SKATE_Survey_0_100,Survey_0_100,1993,2,-4.357519927604713,5.3,27.55
ROSETTE SKATE,ROSETTE SKATE_Survey_0_100,Survey_0_100,1994,2,2.5955239054405155,5.3,27.55
ROSETTE SKATE,ROSETTE SKATE_Survey_0_100,Survey_0_100,1995,2,2.767471991702436,5.3,27.55
ROSETTE SKATE,ROSETTE SKATE_Survey_0_100,Survey_0_100,1996,2,-0.7628381211481639,5.3,27.55
ROSETTE SKATE,ROSETTE SKATE_Survey_0_100,Survey_0_100,1997,2,2.6717627330378235,5.3,27.55
ROSETTE SKATE,ROSETTE SKATE_Survey_0_100,Survey_0_100,1998,2,-4.516807479805308,5.3,27.55
ROSETTE SKATE,ROSETTE SKATE_Survey_0_100,Survey_0_100,1999,2,2.6514336394786113,5.3,27.55
ROSETTE SKATE,ROSETTE SKATE_Survey_0_100,Survey_0_100,2000,2,2.7585273957349443,5.3,27.55
ROSETTE SKATE,ROSETTE SKATE_Survey_0_100,Survey_0_100,2001,2,1.2771559528613778,5.3,27.55
ROSETTE SKATE,ROSETTE SKATE_Survey_0_100,Survey_0_100,2002,2,2.804240871337754,5.3,27.55
ROSETTE SKATE,ROSETTE SKATE_Survey_0_100,Survey_0_100,2003,2,2.104421146789548,5.3,27.55
ROSETTE SKATE,ROSETTE SKATE_Survey_0_100,Survey_0_100,2004,2,-10.709507236036146,5.3,27.55
ROSETTE SKATE,ROSETTE SKATE_Survey_0_100,Survey_0_100,2005,2,-6.628964114700281,5.3,27.55
ROSETTE SKATE,ROSETTE SKATE_Survey_0_100,Survey_0_100,2006,2,2.827188592156787,5.3,27.55
ROSETTE SKATE,ROSETTE SKATE_Survey_0_100,Survey_0_100,2007,2,1.4188773109183614,5.3,27.55
ROSETTE SKATE,ROSETTE SKATE_Survey_0_100,Survey_0_100,2008,2,2.673904255610921,5.3,27.55
ROSETTE SKATE,ROSETTE SKATE_Survey_0_100,Survey_0_100,2009,2,2.4754455946278853,5.3,27.55
ROSETTE SKATE,ROSETTE SKATE_Survey_0_100,Survey_0_100,2010,2,1.32664724865991,5.3,27.55
ROSETTE SKATE,ROSETTE SKATE_Survey_0_100,Survey_0_100,2011,2,2.6359828928862186,5.3,27.55
ROSETTE SKATE,ROSETTE SKATE_Survey_0_100,Survey_0_100,2012,2,2.778743060077801,5.3,27.55
ROSETTE SKATE,ROSETTE SKATE_Survey_0_100,Survey_0_100,2013,2,2.2309707811719477,5.3,27.55
ROSETTE SKATE,ROSETTE SKATE_Survey_0_100,Survey_0_100,2014,2,2.8241922400659263,5.3,27.55
ROSETTE SKATE,ROSETTE SKATE_Survey_0_100,Survey_0_100,2015,2,2.8562973579919486,5.3,27.55
ROSETTE SKATE,ROSETTE SKATE_Survey_0_100,Survey_0_100,2016,2,2.864802292589303,5.3,27.55
ROSETTE SKATE,ROSETTE SKATE_Survey_0_100,Survey_0_100,2017,2,2.840333055423386,5.3,27.55
ROSETTE SKATE,ROSETTE SKATE_Survey_0_100,Survey_0_100,2018,2,2.0157528430850107,5.3,27.55
ROSETTE SKATE,ROSETTE SKATE_Survey_0_100,Survey_0_100,2019,2,2.8523952212336496,5.3,27.55
ROSETTE SKATE,ROSETTE SKATE_Survey_0_100,Survey_0_100,2020,2,2.7988092120203873,5.3,27.55
ROSETTE SKATE,ROSETTE SKATE_Survey_0_100,Survey_0_100,2022,2,2.1072865299768466,5.3,27.55
ROSETTE SKATE,ROSETTE SKATE_Survey_0_100,Survey_0_100,2023,2,2.2168296718123344,5.3,27.55
ROSETTE SKATE,ROSETTE SKATE_Survey_0_100,Survey_0_100,2024,2,-1.1527301427943542,5.3,27.55
ROSETTE SKATE,ROSETTE SKATE_Survey_10_90,Survey_10_90,1959,2,0,9.14,14.33
ROSETTE SKATE,ROSETTE SKATE_Survey_10_90,Survey_10_90,1960,2,9.03473733250518,9.14,14.33
ROSETTE SKATE,ROSETTE SKATE_Survey_10_90,Survey_10_90,1961,2,-3.3495923125170535,9.14,14.33
ROSETTE SKATE,ROSETTE SKATE_Survey_10_90,Survey_10_90,1962,2,29.35405009417608,9.14,14.33
ROSETTE SKATE,ROSETTE SKATE_Survey_10_90,Survey_10_90,1963,2,27.147447210203104,9.14,14.33
ROSETTE SKATE,ROSETTE SKATE_Survey_10_90,Survey_10_90,1964,2,13.018383947533884,9.14,14.33
ROSETTE SKATE,ROSETTE SKATE_Survey_10_90,Survey_10_90,1965,2,5.035669233039762,9.14,14.33
ROSETTE SKATE,ROSETTE SKATE_Survey_10_90,Survey_10_90,1966,2,-18.483206608152162,9.14,14.33
ROSETTE SKATE,ROSETTE SKATE_Survey_10_90,Survey_10_90,1967,2,20.47454450370177,9.14,14.33
ROSETTE SKATE,ROSETTE SKATE_Survey_10_90,Survey_10_90,1968,2,14.71183317250172,9.14,14.33
ROSETTE SKATE,ROSETTE SKATE_Survey_10_90,Survey_10_90,1969,2,5.214184695237577,9.14,14.33
ROSETTE SKATE,ROSETTE SKATE_Survey_10_90,Survey_10_90,1970,2,37.60633197330362,9.14,14.33
ROSETTE SKATE,ROSETTE SKATE_Survey_10_90,Survey_10_90,1971,2,19.786278475185476,9.14,14.33
ROSETTE SKATE,ROSETTE SKATE_Survey_10_90,Survey_10_90,1972,2,40.163605237113295,9.14,14.33
ROSETTE SKATE,ROSETTE SKATE_Survey_10_90,Survey_10_90,1973,2,15.340931392415463,9.14,14.33
ROSETTE SKATE,ROSETTE SKATE_Survey_10_90,Survey_10_90,1974,2,56.25315812156371,9.14,14.33
ROSETTE SKATE,ROSETTE SKATE_Survey_10_90,Survey_10_90,1975,2,18.15007125037048,9.14,14.33
ROSETTE SKATE,ROSETTE SKATE_Survey_10_90,Survey_10_90,1976,2,64.4999837100062,9.14,14.33
ROSETTE SKATE,ROSETTE SKATE_Survey_10_90,Survey_10_90,1977,2,19.778241028750948,9.14,14.33
ROSETTE SKATE,ROSETTE SKATE_Survey_10_90,Survey_10_90,1978,2,36.92304325291358,9.14,14.33
ROSETTE SKATE,ROSETTE SKATE_Survey_10_90,Survey_10_90,1979,2,39.262062184826696,9.14,14.33
ROSETTE SKATE,ROSETTE SKATE_Survey_10_90,Survey_10_90,1980,2,29.908483326562184,9.14,14.33
ROSETTE SKATE,ROSETTE SKATE_Survey_10_90,Survey_10_90,1981,2,29.522370409520143,9.14,14.33
ROSETTE SKATE,ROSETTE SKATE_Survey_10_90,Survey_10_90,1982,2,21.663553609119695,9.14,14.33
ROSETTE SKATE,ROSETTE SKATE_Survey_10_90,Survey_10_90,1983,2,31.83494968821163,9.14,14.33
ROSETTE SKATE,ROSETTE SKATE_Survey_10_90,Survey_10_90,1984,2,21.39750437504734,9.14,14.33
ROSETTE SKATE,ROSETTE SKATE_Survey_10_90,Survey_10_90,1985,2,39.59783214503491,9.14,14.33
ROSETTE SKATE,ROSETTE SKATE_Survey_10_90,Survey_10_90,1986,2,20.669415966670215,9.14,14.33
ROSETTE SKATE,ROSETTE SKATE_Survey_10_90,Survey_10_90,1987,2,13.859606554802816,9.14,14.33
ROSETTE SKATE,ROSETTE SKATE_Survey_10_90,Survey_10_90,1988,2,32.11166978983146,9.14,14.33
ROSETTE SKATE,ROSETTE SKATE_Survey_10_90,Survey_10_90,1989,2,34.53309737255801,9.14,14.33
ROSETTE SKATE,ROSETTE SKATE_Survey_10_90,Survey_10_90,1990,2,64.03240753441418,9.14,14.33
ROSETTE SKATE,ROSETTE SKATE_Survey_10_90,Survey_10_90,1991,2,31.515876731608536,9.14,14.33
ROSETTE SKATE,ROSETTE SKATE_Survey_10_90,Survey_10_90,1992,2,57.62696075619504,9.14,14.33
ROSETTE SKATE,ROSETTE SKATE_Survey_10_90,Survey_10_90,1993,2,26.293536598118628,9.14,14.33
ROSETTE SKATE,ROSETTE SKATE_Survey_10_90,Survey_10_90,1994,2,41.865368921673586,9.14,14.33
ROSETTE SKATE,ROSETTE SKATE_Survey_10_90,Survey_10_90,1995,2,53.04507554998293,9.14,14.33
ROSETTE SKATE,ROSETTE SKATE_Survey_10_90,Survey_10_90,1996,2,-6.132251757848316,9.14,14.33
ROSETTE SKATE,ROSETTE SKATE_Survey_10_90,Survey_10_90,1997,2,56.32481332576206,9.14,14.33
ROSETTE SKATE,ROSETTE SKATE_Survey_10_90,Survey_10_90,1998,2,-9.944326610712935,9.14,14.33
ROSETTE SKATE,ROSETTE SKATE_Survey_10_90,Survey_10_90,1999,2,15.64606903379871,9.14,14.33
ROSETTE SKATE,ROSETTE SKATE_Survey_10_90,Survey_10_90,2000,2,59.197011666462366,9.14,14.33
ROSETTE SKATE,ROSETTE SKATE_Survey_10_90,Survey_10_90,2001,2,14.192658843857352,9.14,14.33
ROSETTE SKATE,ROSETTE SKATE_Survey_10_90,Survey_10_90,2002,2,49.504348782290016,9.14,14.33
ROSETTE SKATE,ROSETTE SKATE_Survey_10_90,Survey_10_90,2003,2,8.695939169715146,9.14,14.33
ROSETTE SKATE,ROSETTE SKATE_Survey_10_90,Survey_10_90,2004,2,-1.51100940502009,9.14,14.33
ROSETTE SKATE,ROSETTE SKATE_Survey_10_90,Survey_10_90,2005,2,21.052455577988646,9.14,14.33
ROSETTE SKATE,ROSETTE SKATE_Survey_10_90,Survey_10_90,2006,2,50.26290331667956,9.14,14.33
ROSETTE SKATE,ROSETTE SKATE_Survey_10_90,Survey_10_90,2007,2,-12.008129605068412,9.14,14.33
ROSETTE SKATE,ROSETTE SKATE_Survey_10_90,Survey_10_90,2008,2,41.33723136422096,9.14,14.33
ROSETTE SKATE,ROSETTE SKATE_Survey_10_90,Survey_10_90,2009,2,19.935230279122784,9.14,14.33
ROSETTE SKATE,ROSETTE SKATE_Survey_10_90,Survey_10_90,2010,2,26.65610938795711,9.14,14.33
ROSETTE SKATE,ROSETTE SKATE_Survey_10_90,Survey_10_90,2011,2,30.68946810121728,9.14,14.33
ROSETTE SKATE,ROSETTE SKATE_Survey_10_90,Survey_10_90,2012,2,34.703194898255575,9.14,14.33
ROSETTE SKATE,ROSETTE SKATE_Survey_10_90,Survey_10_90,2013,2,26.10999671266044,9.14,14.33
ROSETTE SKATE,ROSETTE SKATE_Survey_10_90,Survey_10_90,2014,2,1.0580048654263976,9.14,14.33
ROSETTE SKATE,ROSETTE SKATE_Survey_10_90,Survey_10_90,2015,2,2.20748252244136,9.14,14.33
ROSETTE SKATE,ROSETTE SKATE_Survey_10_90,Survey_10_90,2016,2,30.549142419671632,9.14,14.33
ROSETTE SKATE,ROSETTE SKATE_Survey_10_90,Survey_10_90,2017,2,17.312405203733825,9.14,14.33
ROSETTE SKATE,ROSETTE SKATE_Survey_10_90,Survey_10_90,2018,2,23.60530665022508,9.14,14.33
ROSETTE SKATE,ROSETTE SKATE_Survey_10_90,Survey_10_90,2019,2,-19.636848618425752,9.14,14.33
ROSETTE SKATE,ROSETTE SKATE_Survey_10_90,Survey_10_90,2020,2,51.342737699607305,9.14,14.33
ROSETTE SKATE,ROSETTE SKATE_Survey_10_90,Survey_10_90,2022,2,35.07212068603534,9.14,14.33
ROSETTE SKATE,ROSETTE SKATE_Survey_10_90,Survey_10_90,2023,2,42.108710278507026,9.14,14.33
ROSETTE SKATE,ROSETTE SKATE_Survey_10_90,Survey_10_90,2024,2,-23.426566956914982,9.14,14.33
SEA SCALLOP,SEA SCALLOP_Survey_0_100,Survey_0_100,1959,2,0,1.4000000000000001,22.59
SEA SCALLOP,SEA SCALLOP_Survey_0_100,Survey_0_100,1960,2,0,1.4000000000000001,22.59
SEA SCALLOP,SEA SCALLOP_Survey_0_100,Survey_0_100,1961,2,0,1.4000000000000001,22.59
SEA SCALLOP,SEA SCALLOP_Survey_0_100,Survey_0_100,1962,2,-0.004920207439198521,1.4000000000000001,22.59
SEA SCALLOP,SEA SCALLOP_Survey_0_100,Survey_0_100,1963,2,0,1.4000000000000001,22.59
SEA SCALLOP,SEA SCALLOP_Survey_0_100,Survey_0_100,1964,2,0,1.4000000000000001,22.59
SEA SCALLOP,SEA SCALLOP_Survey_0_100,Survey_0_100,1965,2,0,1.4000000000000001,22.59
SEA SCALLOP,SEA SCALLOP_Survey_0_100,Survey_0_100,1966,2,0,1.4000000000000001,22.59
SEA SCALLOP,SEA SCALLOP_Survey_0_100,Survey_0_100,1967,2,0,1.4000000000000001,22.59
SEA SCALLOP,SEA SCALLOP_Survey_0_100,Survey_0_100,1968,2,-7.539626579955439e-4,1.4000000000000001,22.59
SEA SCALLOP,SEA SCALLOP_Survey_0_100,Survey_0_100,1969,2,-4.455233888194243e-4,1.4000000000000001,22.59
SEA SCALLOP,SEA SCALLOP_Survey_0_100,Survey_0_100,1970,2,-0.02619963483476795,1.4000000000000001,22.59
SEA SCALLOP,SEA SCALLOP_Survey_0_100,Survey_0_100,1971,2,-8.56775747720917e-4,1.4000000000000001,22.59
SEA SCALLOP,SEA SCALLOP_Survey_0_100,Survey_0_100,1972,2,-0.011621745595661537,1.4000000000000001,22.59
SEA SCALLOP,SEA SCALLOP_Survey_0_100,Survey_0_100,1973,2,-0.006332539572795781,1.4000000000000001,22.59
SEA SCALLOP,SEA SCALLOP_Survey_0_100,Survey_0_100,1974,2,-0.009461540902080401,1.4000000000000001,22.59
SEA SCALLOP,SEA SCALLOP_Survey_0_100,Survey_0_100,1975,2,-1.3708411962909395e-4,1.4000000000000001,22.59
SEA SCALLOP,SEA SCALLOP_Survey_0_100,Survey_0_100,1976,2,-3.769813289977719e-4,1.4000000000000001,22.59
SEA SCALLOP,SEA SCALLOP_Survey_0_100,Survey_0_100,1977,2,0,1.4000000000000001,22.59
SEA SCALLOP,SEA SCALLOP_Survey_0_100,Survey_0_100,1978,2,0,1.4000000000000001,22.59
SEA SCALLOP,SEA SCALLOP_Survey_0_100,Survey_0_100,1979,2,0,1.4000000000000001,22.59
SEA SCALLOP,SEA SCALLOP_Survey_0_100,Survey_0_100,1980,2,0,1.4000000000000001,22.59
SEA SCALLOP,SEA SCALLOP_Survey_0_100,Survey_0_100,1981,2,-5.483364785447975e-4,1.4000000000000001,22.59
SEA SCALLOP,SEA SCALLOP_Survey_0_100,Survey_0_100,1982,2,0,1.4000000000000001,22.59
SEA SCALLOP,SEA SCALLOP_Survey_0_100,Survey_0_100,1983,2,-0.001305682112985096,1.4000000000000001,22.59
SEA SCALLOP,SEA SCALLOP_Survey_0_100,Survey_0_100,1984,2,0,1.4000000000000001,22.59
SEA SCALLOP,SEA SCALLOP_Survey_0_100,Survey_0_100,1985,2,-0.1225309186649497,1.4000000000000001,22.59
SEA SCALLOP,SEA SCALLOP_Survey_0_100,Survey_0_100,1986,2,-0.0759279642444568,1.4000000000000001,22.59
SEA SCALLOP,SEA SCALLOP_Survey_0_100,Survey_0_100,1987,2,-0.01969029400100908,1.4000000000000001,22.59
SEA SCALLOP,SEA SCALLOP_Survey_0_100,Survey_0_100,1988,2,-4.797944187231451e-4,1.4000000000000001,22.59
SEA SCALLOP,SEA SCALLOP_Survey_0_100,Survey_0_100,1989,2,-0.01577848629776213,1.4000000000000001,22.59
SEA SCALLOP,SEA SCALLOP_Survey_0_100,Survey_0_100,1990,2,-0.07478823518417244,1.4000000000000001,22.59
SEA SCALLOP,SEA SCALLOP_Survey_0_100,Survey_0_100,1991,2,-0.04326755152050055,1.4000000000000001,22.59
SEA SCALLOP,SEA SCALLOP_Survey_0_100,Survey_0_100,1992,2,-0.012058987744239857,1.4000000000000001,22.59
SEA SCALLOP,SEA SCALLOP_Survey_0_100,Survey_0_100,1993,2,-0.027801431618257766,1.4000000000000001,22.59
SEA SCALLOP,SEA SCALLOP_Survey_0_100,Survey_0_100,1994,2,-0.06926625736238634,1.4000000000000001,22.59
SEA SCALLOP,SEA SCALLOP_Survey_0_100,Survey_0_100,1995,2,-1.0026824209340361,1.4000000000000001,22.59
SEA SCALLOP,SEA SCALLOP_Survey_0_100,Survey_0_100,1996,2,-0.10540394251988516,1.4000000000000001,22.59
SEA SCALLOP,SEA SCALLOP_Survey_0_100,Survey_0_100,1997,2,-0.1933948954787752,1.4000000000000001,22.59
SEA SCALLOP,SEA SCALLOP_Survey_0_100,Survey_0_100,1998,2,-0.1921975541538785,1.4000000000000001,22.59
SEA SCALLOP,SEA SCALLOP_Survey_0_100,Survey_0_100,1999,2,-0.80560052385600045,1.4000000000000001,22.59
SEA SCALLOP,SEA SCALLOP_Survey_0_100,Survey_0_100,2000,2,-0.19917088463856203,1.4000000000000001,22.59
SEA SCALLOP,SEA SCALLOP_Survey_0_100,Survey_0_100,2001,2,-0.25612223626434627,1.4000000000000001,22.59
SEA SCALLOP,SEA SCALLOP_Survey_0_100,Survey_0_100,2002,2,-0.46070594733379266,1.4000000000000001,22.59
SEA SCALLOP,SEA SCALLOP_Survey_0_100,Survey_0_100,2003,2,-0.1705077462873419,1.4000000000000001,22.59
SEA SCALLOP,SEA SCALLOP_Survey_0_100,Survey_0_100,2004,2,-0.01634556099583051,1.4000000000000001,22.59
SEA SCALLOP,SEA SCALLOP_Survey_0_100,Survey_0_100,2005,2,-0.215968188485121,1.4000000000000001,22.59
SEA SCALLOP,SEA SCALLOP_Survey_0_100,Survey_0_100,2006,2,-0.10178376268069655,1.4000000000000001,22.59
SEA SCALLOP,SEA SCALLOP_Survey_0_100,Survey_0_100,2007,2,-0.25319012075523517,1.4000000000000001,22.59
SEA SCALLOP,SEA SCALLOP_Survey_0_100,Survey_0_100,2008,2,-0.38250225940711857,1.4000000000000001,22.59
SEA SCALLOP,SEA SCALLOP_Survey_0_100,Survey_0_100,2009,2,-0.4800118883867981,1.4000000000000001,22.59
SEA SCALLOP,SEA SCALLOP_Survey_0_100,Survey_0_100,2010,2,-0.29878562581789936,1.4000000000000001,22.59
SEA SCALLOP,SEA SCALLOP_Survey_0_100,Survey_0_100,2011,2,-0.3229263649960359,1.4000000000000001,22.59
SEA SCALLOP,SEA SCALLOP_Survey_0_100,Survey_0_100,2012,2,-0.5232046609148426,1.4000000000000001,22.59
SEA SCALLOP,SEA SCALLOP_Survey_0_100,Survey_0_100,2013,2,-0.16883000688248728,1.4000000000000001,22.59
SEA SCALLOP,SEA SCALLOP_Survey_0_100,Survey_0_100,2014,2,-1.0960049399516407,1.4000000000000001,22.59
SEA SCALLOP,SEA SCALLOP_Survey_0_100,Survey_0_100,2015,2,-1.0905942868339764,1.4000000000000001,22.59
SEA SCALLOP,SEA SCALLOP_Survey_0_100,Survey_0_100,2016,2,-1.1946240534593926,1.4000000000000001,22.59
SEA SCALLOP,SEA SCALLOP_Survey_0_100,Survey_0_100,2017,2,-0.20548924955878078,1.4000000000000001,22.59
SEA SCALLOP,SEA SCALLOP_Survey_0_100,Survey_0_100,2018,2,-0.3716844437601168,1.4000000000000001,22.59
SEA SCALLOP,SEA SCALLOP_Survey_0_100,Survey_0_100,2019,2,-0.6585801282751191,1.4000000000000001,22.59
SEA SCALLOP,SEA SCALLOP_Survey_0_100,Survey_0_100,2020,2,-0.5359815811791009,1.4000000000000001,22.59
SEA SCALLOP,SEA SCALLOP_Survey_0_100,Survey_0_100,2022,2,-0.42881166274868576,1.4000000000000001,22.59
SEA SCALLOP,SEA SCALLOP_Survey_0_100,Survey_0_100,2023,2,-0.48145392599985826,1.4000000000000001,22.59
SEA SCALLOP,SEA SCALLOP_Survey_0_100,Survey_0_100,2024,2,-0.35620489691417845,1.4000000000000001,22.59
SEA SCALLOP,SEA SCALLOP_Survey_10_90,Survey_10_90,1959,2,0,4.9,13.461000000000004
SEA SCALLOP,SEA SCALLOP_Survey_10_90,Survey_10_90,1960,2,-6.103091674455101,4.9,13.461000000000004
SEA SCALLOP,SEA SCALLOP_Survey_10_90,Survey_10_90,1961,2,-10.245549441584956,4.9,13.461000000000004
SEA SCALLOP,SEA SCALLOP_Survey_10_90,Survey_10_90,1962,2,-8.35563294399391,4.9,13.461000000000004
SEA SCALLOP,SEA SCALLOP_Survey_10_90,Survey_10_90,1963,2,-0.2589977506140144,4.9,13.461000000000004
SEA SCALLOP,SEA SCALLOP_Survey_10_90,Survey_10_90,1964,2,1.1473284223855131,4.9,13.461000000000004
SEA SCALLOP,SEA SCALLOP_Survey_10_90,Survey_10_90,1965,2,-0.528653058620101,4.9,13.461000000000004
SEA SCALLOP,SEA SCALLOP_Survey_10_90,Survey_10_90,1966,2,4.508351899999255,4.9,13.461000000000004
SEA SCALLOP,SEA SCALLOP_Survey_10_90,Survey_10_90,1967,2,1.6595329310734641,4.9,13.461000000000004
SEA SCALLOP,SEA SCALLOP_Survey_10_90,Survey_10_90,1968,2,-9.311964262779007,4.9,13.461000000000004
SEA SCALLOP,SEA SCALLOP_Survey_10_90,Survey_10_90,1969,2,-14.6326631257444,4.9,13.461000000000004
SEA SCALLOP,SEA SCALLOP_Survey_10_90,Survey_10_90,1970,2,11.765154831454595,4.9,13.461000000000004
SEA SCALLOP,SEA SCALLOP_Survey_10_90,Survey_10_90,1971,2,-2.8278792136509168,4.9,13.461000000000004
SEA SCALLOP,SEA SCALLOP_Survey_10_90,Survey_10_90,1972,2,11.338812985681727,4.9,13.461000000000004
SEA SCALLOP,SEA SCALLOP_Survey_10_90,Survey_10_90,1973,2,2.7276422628604706,4.9,13.461000000000004
SEA SCALLOP,SEA SCALLOP_Survey_10_90,Survey_10_90,1974,2,18.426789749704298,4.9,13.461000000000004
SEA SCALLOP,SEA SCALLOP_Survey_10_90,Survey_10_90,1975,2,9.182964786270347,4.9,13.461000000000004
SEA SCALLOP,SEA SCALLOP_Survey_10_90,Survey_10_90,1976,2,33.04331424174079,4.9,13.461000000000004
SEA SCALLOP,SEA SCALLOP_Survey_10_90,Survey_10_90,1977,2,-6.533686304696403,4.9,13.461000000000004
SEA SCALLOP,SEA SCALLOP_Survey_10_90,Survey_10_90,1978,2,-3.554074380920767,4.9,13.461000000000004
SEA SCALLOP,SEA SCALLOP_Survey_10_90,Survey_10_90,1979,2,-0.353369696453278,4.9,13.461000000000004
SEA SCALLOP,SEA SCALLOP_Survey_10_90,Survey_10_90,1980,2,4.2378169317987044,4.9,13.461000000000004
SEA SCALLOP,SEA SCALLOP_Survey_10_90,Survey_10_90,1981,2,3.4270106569123584,4.9,13.461000000000004
SEA SCALLOP,SEA SCALLOP_Survey_10_90,Survey_10_90,1982,2,-12.181974380689233,4.9,13.461000000000004
SEA SCALLOP,SEA SCALLOP_Survey_10_90,Survey_10_90,1983,2,10.202115125249122,4.9,13.461000000000004
SEA SCALLOP,SEA SCALLOP_Survey_10_90,Survey_10_90,1984,2,13.149272744163468,4.9,13.461000000000004
SEA SCALLOP,SEA SCALLOP_Survey_10_90,Survey_10_90,1985,2,4.1407700006596,4.9,13.461000000000004
SEA SCALLOP,SEA SCALLOP_Survey_10_90,Survey_10_90,1986,2,6.451428917787524,4.9,13.461000000000004
SEA SCALLOP,SEA SCALLOP_Survey_10_90,Survey_10_90,1987,2,-0.18119208986320245,4.9,13.461000000000004
SEA SCALLOP,SEA SCALLOP_Survey_10_90,Survey_10_90,1988,2,12.838006812568466,4.9,13.461000000000004
SEA SCALLOP,SEA SCALLOP_Survey_10_90,Survey_10_90,1989,2,1.1565998879399046,4.9,13.461000000000004
SEA SCALLOP,SEA SCALLOP_Survey_10_90,Survey_10_90,1990,2,17.05651486724537,4.9,13.461000000000004
SEA SCALLOP,SEA SCALLOP_Survey_10_90,Survey_10_90,1991,2,15.018795194275867,4.9,13.461000000000004
SEA SCALLOP,SEA SCALLOP_Survey_10_90,Survey_10_90,1992,2,4.047332659867294,4.9,13.461000000000004
SEA SCALLOP,SEA SCALLOP_Survey_10_90,Survey_10_90,1993,2,-2.967606132441432,4.9,13.461000000000004
SEA SCALLOP,SEA SCALLOP_Survey_10_90,Survey_10_90,1994,2,4.534285254907658,4.9,13.461000000000004
SEA SCALLOP,SEA SCALLOP_Survey_10_90,Survey_10_90,1995,2,14.84687596088969,4.9,13.461000000000004
SEA SCALLOP,SEA SCALLOP_Survey_10_90,Survey_10_90,1996,2,13.13298313448972,4.9,13.461000000000004
SEA SCALLOP,SEA SCALLOP_Survey_10_90,Survey_10_90,1997,2,24.518815215355033,4.9,13.461000000000004
SEA SCALLOP,SEA SCALLOP_Survey_10_90,Survey_10_90,1998,2,31.763250741442548,4.9,13.461000000000004
SEA SCALLOP,SEA SCALLOP_Survey_10_90,Survey_10_90,1999,2,4.017515384301596,4.9,13.461000000000004
SEA SCALLOP,SEA SCALLOP_Survey_10_90,Survey_10_90,2000,2,32.90856531034605,4.9,13.461000000000004
SEA SCALLOP,SEA SCALLOP_Survey_10_90,Survey_10_90,2001,2,8.583796235356743,4.9,13.461000000000004
SEA SCALLOP,SEA SCALLOP_Survey_10_90,Survey_10_90,2002,2,23.02784053909214,4.9,13.461000000000004
SEA SCALLOP,SEA SCALLOP_Survey_10_90,Survey_10_90,2003,2,4.197522598181621,4.9,13.461000000000004
SEA SCALLOP,SEA SCALLOP_Survey_10_90,Survey_10_90,2004,2,-11.47672362950442,4.9,13.461000000000004
SEA SCALLOP,SEA SCALLOP_Survey_10_90,Survey_10_90,2005,2,-3.9030400623016064,4.9,13.461000000000004
SEA SCALLOP,SEA SCALLOP_Survey_10_90,Survey_10_90,2006,2,19.386960137543,4.9,13.461000000000004
SEA SCALLOP,SEA SCALLOP_Survey_10_90,Survey_10_90,2007,2,19.398120620401073,4.9,13.461000000000004
SEA SCALLOP,SEA SCALLOP_Survey_10_90,Survey_10_90,2008,2,21.809114536842202,4.9,13.461000000000004
SEA SCALLOP,SEA SCALLOP_Survey_10_90,Survey_10_90,2009,2,-3.190243611000696,4.9,13.461000000000004
SEA SCALLOP,SEA SCALLOP_Survey_10_90,Survey_10_90,2010,2,18.67330422195903,4.9,13.461000000000004
SEA SCALLOP,SEA SCALLOP_Survey_10_90,Survey_10_90,2011,2,13.315121665885144,4.9,13.461000000000004
SEA SCALLOP,SEA SCALLOP_Survey_10_90,Survey_10_90,2012,2,16.449575574216297,4.9,13.461000000000004
SEA SCALLOP,SEA SCALLOP_Survey_10_90,Survey_10_90,2013,2,12.324769190508142,4.9,13.461000000000004
SEA SCALLOP,SEA SCALLOP_Survey_10_90,Survey_10_90,2014,2,-5.328315132595961,4.9,13.461000000000004
SEA SCALLOP,SEA SCALLOP_Survey_10_90,Survey_10_90,2015,2,-8.849743673450902,4.9,13.461000000000004
SEA SCALLOP,SEA SCALLOP_Survey_10_90,Survey_10_90,2016,2,11.824502757682005,4.9,13.461000000000004
SEA SCALLOP,SEA SCALLOP_Survey_10_90,Survey_10_90,2017,2,7.563198388409319,4.9,13.461000000000004
SEA SCALLOP,SEA SCALLOP_Survey_10_90,Survey_10_90,2018,2,16.904191611999963,4.9,13.461000000000004
SEA SCALLOP,SEA SCALLOP_Survey_10_90,Survey_10_90,2019,2,-0.6082374432977389,4.9,13.461000000000004
SEA SCALLOP,SEA SCALLOP_Survey_10_90,Survey_10_90,2020,2,24.668828215620792,4.9,13.461000000000004
SEA SCALLOP,SEA SCALLOP_Survey_10_90,Survey_10_90,2022,2,14.460657008136252,4.9,13.461000000000004
SEA SCALLOP,SEA SCALLOP_Survey_10_90,Survey_10_90,2023,2,26.663226666941895,4.9,13.461000000000004
SEA SCALLOP,SEA SCALLOP_Survey_10_90,Survey_10_90,2024,2,16.826591895505047,4.9,13.461000000000004
SILVER HAKE,SILVER HAKE_Survey_0_100,Survey_0_100,1959,2,0,0,24.46
SILVER HAKE,SILVER HAKE_Survey_0_100,Survey_0_100,1960,2,-3.2433445859680887e-4,0,24.46
SILVER HAKE,SILVER HAKE_Survey_0_100,Survey_0_100,1961,2,0,0,24.46
SILVER HAKE,SILVER HAKE_Survey_0_100,Survey_0_100,1962,2,-0.001946063557340949,0,24.46
SILVER HAKE,SILVER HAKE_Survey_0_100,Survey_0_100,1963,2,0,0,24.46
SILVER HAKE,SILVER HAKE_Survey_0_100,Survey_0_100,1964,2,0,0,24.46
SILVER HAKE,SILVER HAKE_Survey_0_100,Survey_0_100,1965,2,0,0,24.46
SILVER HAKE,SILVER HAKE_Survey_0_100,Survey_0_100,1966,2,0,0,24.46
SILVER HAKE,SILVER HAKE_Survey_0_100,Survey_0_100,1967,2,0,0,24.46
SILVER HAKE,SILVER HAKE_Survey_0_100,Survey_0_100,1968,2,0,0,24.46
SILVER HAKE,SILVER HAKE_Survey_0_100,Survey_0_100,1969,2,0,0,24.46
SILVER HAKE,SILVER HAKE_Survey_0_100,Survey_0_100,1970,2,0,0,24.46
SILVER HAKE,SILVER HAKE_Survey_0_100,Survey_0_100,1971,2,0,0,24.46
SILVER HAKE,SILVER HAKE_Survey_0_100,Survey_0_100,1972,2,-8.07936902020856e-5,0,24.46
SILVER HAKE,SILVER HAKE_Survey_0_100,Survey_0_100,1973,2,0,0,24.46
SILVER HAKE,SILVER HAKE_Survey_0_100,Survey_0_100,1974,2,-1.0772492026944747e-4,0,24.46
SILVER HAKE,SILVER HAKE_Survey_0_100,Survey_0_100,1975,2,0,0,24.46
SILVER HAKE,SILVER HAKE_Survey_0_100,Survey_0_100,1976,2,0,0,24.46
SILVER HAKE,SILVER HAKE_Survey_0_100,Survey_0_100,1977,2,0,0,24.46
SILVER HAKE,SILVER HAKE_Survey_0_100,Survey_0_100,1978,2,0,0,24.46
SILVER HAKE,SILVER HAKE_Survey_0_100,Survey_0_100,1979,2,0,0,24.46
SILVER HAKE,SILVER HAKE_Survey_0_100,Survey_0_100,1980,2,0,0,24.46
SILVER HAKE,SILVER HAKE_Survey_0_100,Survey_0_100,1981,2,0,0,24.46
SILVER HAKE,SILVER HAKE_Survey_0_100,Survey_0_100,1982,2,0,0,24.46
SILVER HAKE,SILVER HAKE_Survey_0_100,Survey_0_100,1983,2,0,0,24.46
SILVER HAKE,SILVER HAKE_Survey_0_100,Survey_0_100,1984,2,0,0,24.46
SILVER HAKE,SILVER HAKE_Survey_0_100,Survey_0_100,1985,2,-0.008440028818981204,0,24.46
SILVER HAKE,SILVER HAKE_Survey_0_100,Survey_0_100,1986,2,-3.9334561451198624e-4,0,24.46
SILVER HAKE,SILVER HAKE_Survey_0_100,Survey_0_100,1987,2,0,0,24.46
SILVER HAKE,SILVER HAKE_Survey_0_100,Survey_0_100,1988,2,0,0,24.46
SILVER HAKE,SILVER HAKE_Survey_0_100,Survey_0_100,1989,2,0,0,24.46
SILVER HAKE,SILVER HAKE_Survey_0_100,Survey_0_100,1990,2,-0.002987839023859351,0,24.46
SILVER HAKE,SILVER HAKE_Survey_0_100,Survey_0_100,1991,2,0,0,24.46
SILVER HAKE,SILVER HAKE_Survey_0_100,Survey_0_100,1992,2,0,0,24.46
SILVER HAKE,SILVER HAKE_Survey_0_100,Survey_0_100,1993,2,-0.027615195045598284,0,24.46
SILVER HAKE,SILVER HAKE_Survey_0_100,Survey_0_100,1994,2,-0.00836565030812153,0,24.46
SILVER HAKE,SILVER HAKE_Survey_0_100,Survey_0_100,1995,2,-0.3045017057388719,0,24.46
SILVER HAKE,SILVER HAKE_Survey_0_100,Survey_0_100,1996,2,-0.0705281319359159,0,24.46
SILVER HAKE,SILVER HAKE_Survey_0_100,Survey_0_100,1997,2,-0.14714090250689082,0,24.46
SILVER HAKE,SILVER HAKE_Survey_0_100,Survey_0_100,1998,2,-0.035612115128387245,0,24.46
SILVER HAKE,SILVER HAKE_Survey_0_100,Survey_0_100,1999,2,-0.22262379381372455,0,24.46
SILVER HAKE,SILVER HAKE_Survey_0_100,Survey_0_100,2000,2,-0.11063783315822207,0,24.46
SILVER HAKE,SILVER HAKE_Survey_0_100,Survey_0_100,2001,2,-0.1511317561179908,0,24.46
SILVER HAKE,SILVER HAKE_Survey_0_100,Survey_0_100,2002,2,-0.48412107166325313,0,24.46
SILVER HAKE,SILVER HAKE_Survey_0_100,Survey_0_100,2003,2,-0.02302773820856885,0,24.46
SILVER HAKE,SILVER HAKE_Survey_0_100,Survey_0_100,2004,2,-0.0196854190858744,0,24.46
SILVER HAKE,SILVER HAKE_Survey_0_100,Survey_0_100,2005,2,-0.23798398061830994,0,24.46
SILVER HAKE,SILVER HAKE_Survey_0_100,Survey_0_100,2006,2,-0.006472231021433572,0,24.46
SILVER HAKE,SILVER HAKE_Survey_0_100,Survey_0_100,2007,2,-0.09989294264870807,0,24.46
SILVER HAKE,SILVER HAKE_Survey_0_100,Survey_0_100,2008,2,-0.4247162403447078,0,24.46
SILVER HAKE,SILVER HAKE_Survey_0_100,Survey_0_100,2009,2,-0.37551568147597436,0,24.46
SILVER HAKE,SILVER HAKE_Survey_0_100,Survey_0_100,2010,2,-0.21011192323808814,0,24.46
SILVER HAKE,SILVER HAKE_Survey_0_100,Survey_0_100,2011,2,-0.17087035449004873,0,24.46
SILVER HAKE,SILVER HAKE_Survey_0_100,Survey_0_100,2012,2,-0.49337586495529706,0,24.46
SILVER HAKE,SILVER HAKE_Survey_0_100,Survey_0_100,2013,2,-0.12719561262676393,0,24.46
SILVER HAKE,SILVER HAKE_Survey_0_100,Survey_0_100,2014,2,-0.7631603096670574,0,24.46
SILVER HAKE,SILVER HAKE_Survey_0_100,Survey_0_100,2015,2,-0.434351898726689,0,24.46
SILVER HAKE,SILVER HAKE_Survey_0_100,Survey_0_100,2016,2,-0.8599725351466674,0,24.46
SILVER HAKE,SILVER HAKE_Survey_0_100,Survey_0_100,2017,2,-0.20802508522689322,0,24.46
SILVER HAKE,SILVER HAKE_Survey_0_100,Survey_0_100,2018,2,-0.1958587719652769,0,24.46
SILVER HAKE,SILVER HAKE_Survey_0_100,Survey_0_100,2019,2,-0.6539050889183642,0,24.46
SILVER HAKE,SILVER HAKE_Survey_0_100,Survey_0_100,2020,2,-0.32704752798348125,0,24.46
SILVER HAKE,SILVER HAKE_Survey_0_100,Survey_0_100,2022,2,-0.5320283428427786,0,24.46
SILVER HAKE,SILVER HAKE_Survey_0_100,Survey_0_100,2023,2,-0.5359339832396302,0,24.46
SILVER HAKE,SILVER HAKE_Survey_0_100,Survey_0_100,2024,2,-0.3974992632123673,0,24.46
SILVER HAKE,SILVER HAKE_Survey_10_90,Survey_10_90,1959,2,0,5,13.597999999999992
SILVER HAKE,SILVER HAKE_Survey_10_90,Survey_10_90,1960,2,-7.929860271111494,5,13.597999999999992
SILVER HAKE,SILVER HAKE_Survey_10_90,Survey_10_90,1961,2,-10.304059195589772,5,13.597999999999992
SILVER HAKE,SILVER HAKE_Survey_10_90,Survey_10_90,1962,2,-10.23704464792877,5,13.597999999999992
SILVER HAKE,SILVER HAKE_Survey_10_90,Survey_10_90,1963,2,-1.3779763426734917,5,13.597999999999992
SILVER HAKE,SILVER HAKE_Survey_10_90,Survey_10_90,1964,2,0.951151719227326,5,13.597999999999992
SILVER HAKE,SILVER HAKE_Survey_10_90,Survey_10_90,1965,2,0.38521618728822915,5,13.597999999999992
SILVER HAKE,SILVER HAKE_Survey_10_90,Survey_10_90,1966,2,3.639971844152484,5,13.597999999999992
SILVER HAKE,SILVER HAKE_Survey_10_90,Survey_10_90,1967,2,0.7952458147852042,5,13.597999999999992
SILVER HAKE,SILVER HAKE_Survey_10_90,Survey_10_90,1968,2,-7.649238373465245,5,13.597999999999992
SILVER HAKE,SILVER HAKE_Survey_10_90,Survey_10_90,1969,2,-15.553849864570104,5,13.597999999999992
SILVER HAKE,SILVER HAKE_Survey_10_90,Survey_10_90,1970,2,8.462126221971829,5,13.597999999999992
SILVER HAKE,SILVER HAKE_Survey_10_90,Survey_10_90,1971,2,-1.3172354752234554,5,13.597999999999992
SILVER HAKE,SILVER HAKE_Survey_10_90,Survey_10_90,1972,2,8.046653637045353,5,13.597999999999992
SILVER HAKE,SILVER HAKE_Survey_10_90,Survey_10_90,1973,2,1.6890168099979093,5,13.597999999999992
SILVER HAKE,SILVER HAKE_Survey_10_90,Survey_10_90,1974,2,16.067247532877744,5,13.597999999999992
SILVER HAKE,SILVER HAKE_Survey_10_90,Survey_10_90,1975,2,6.778530413750005,5,13.597999999999992
SILVER HAKE,SILVER HAKE_Survey_10_90,Survey_10_90,1976,2,26.566070744365405,5,13.597999999999992
SILVER HAKE,SILVER HAKE_Survey_10_90,Survey_10_90,1977,2,-4.1658235264064984,5,13.597999999999992
SILVER HAKE,SILVER HAKE_Survey_10_90,Survey_10_90,1978,2,-4.834126457688583,5,13.597999999999992
SILVER HAKE,SILVER HAKE_Survey_10_90,Survey_10_90,1979,2,-0.5112647502656387,5,13.597999999999992
SILVER HAKE,SILVER HAKE_Survey_10_90,Survey_10_90,1980,2,4.392018703886734,5,13.597999999999992
SILVER HAKE,SILVER HAKE_Survey_10_90,Survey_10_90,1981,2,0.9096926645595289,5,13.597999999999992
SILVER HAKE,SILVER HAKE_Survey_10_90,Survey_10_90,1982,2,-11.996322611170058,5,13.597999999999992
SILVER HAKE,SILVER HAKE_Survey_10_90,Survey_10_90,1983,2,9.639238565232233,5,13.597999999999992
SILVER HAKE,SILVER HAKE_Survey_10_90,Survey_10_90,1984,2,11.259605699535456,5,13.597999999999992
SILVER HAKE,SILVER HAKE_Survey_10_90,Survey_10_90,1985,2,1.4929865435041734,5,13.597999999999992
SILVER HAKE,SILVER HAKE_Survey_10_90,Survey_10_90,1986,2,1.9890265146994466,5,13.597999999999992
SILVER HAKE,SILVER HAKE_Survey_10_90,Survey_10_90,1987,2,-2.4086890166101114,5,13.597999999999992
SILVER HAKE,SILVER HAKE_Survey_10_90,Survey_10_90,1988,2,9.049700619330636,5,13.597999999999992
SILVER HAKE,SILVER HAKE_Survey_10_90,Survey_10_90,1989,2,-0.6318839059520798,5,13.597999999999992
SILVER HAKE,SILVER HAKE_Survey_10_90,Survey_10_90,1990,2,13.28928946516558,5,13.597999999999992
SILVER HAKE,SILVER HAKE_Survey_10_90,Survey_10_90,1991,2,11.600416082575407,5,13.597999999999992
SILVER HAKE,SILVER HAKE_Survey_10_90,Survey_10_90,1992,2,1.023432659763742,5,13.597999999999992
SILVER HAKE,SILVER HAKE_Survey_10_90,Survey_10_90,1993,2,-1.14417891238746,5,13.597999999999992
SILVER HAKE,SILVER HAKE_Survey_10_90,Survey_10_90,1994,2,3.8734619168518094,5,13.597999999999992
SILVER HAKE,SILVER HAKE_Survey_10_90,Survey_10_90,1995,2,12.746706640118106,5,13.597999999999992
SILVER HAKE,SILVER HAKE_Survey_10_90,Survey_10_90,1996,2,9.366361973847347,5,13.597999999999992
SILVER HAKE,SILVER HAKE_Survey_10_90,Survey_10_90,1997,2,19.141203137300067,5,13.597999999999992
SILVER HAKE,SILVER HAKE_Survey_10_90,Survey_10_90,1998,2,23.84975531808641,5,13.597999999999992
SILVER HAKE,SILVER HAKE_Survey_10_90,Survey_10_90,1999,2,2.725140247482358,5,13.597999999999992
SILVER HAKE,SILVER HAKE_Survey_10_90,Survey_10_90,2000,2,26.619467498216366,5,13.597999999999992
SILVER HAKE,SILVER HAKE_Survey_10_90,Survey_10_90,2001,2,7.098792162075213,5,13.597999999999992
SILVER HAKE,SILVER HAKE_Survey_10_90,Survey_10_90,2002,2,17.68756924251923,5,13.597999999999992
SILVER HAKE,SILVER HAKE_Survey_10_90,Survey_10_90,2003,2,3.840477056205984,5,13.597999999999992
SILVER HAKE,SILVER HAKE_Survey_10_90,Survey_10_90,2004,2,-8.810169762675095,5,13.597999999999992
SILVER HAKE,SILVER HAKE_Survey_10_90,Survey_10_90,2005,2,-1.7100899215280805,5,13.597999999999992
SILVER HAKE,SILVER HAKE_Survey_10_90,Survey_10_90,2006,2,14.83196457892764,5,13.597999999999992
SILVER HAKE,SILVER HAKE_Survey_10_90,Survey_10_90,2007,2,14.8909012945509,5,13.597999999999992
SILVER HAKE,SILVER HAKE_Survey_10_90,Survey_10_90,2008,2,16.028295376174043,5,13.597999999999992
SILVER HAKE,SILVER HAKE_Survey_10_90,Survey_10_90,2009,2,-4.536110096802403,5,13.597999999999992
SILVER HAKE,SILVER HAKE_Survey_10_90,Survey_10_90,2010,2,16.56676527232743,5,13.597999999999992
SILVER HAKE,SILVER HAKE_Survey_10_90,Survey_10_90,2011,2,9.357377743142465,5,13.597999999999992
SILVER HAKE,SILVER HAKE_Survey_10_90,Survey_10_90,2012,2,12.863043380395098,5,13.597999999999992
SILVER HAKE,SILVER HAKE_Survey_10_90,Survey_10_90,2013,2,10.343756912633978,5,13.597999999999992
SILVER HAKE,SILVER HAKE_Survey_10_90,Survey_10_90,2014,2,-7.412317826024413,5,13.597999999999992
SILVER HAKE,SILVER HAKE_Survey_10_90,Survey_10_90,2015,2,-11.034574592726536,5,13.597999999999992
SILVER HAKE,SILVER HAKE_Survey_10_90,Survey_10_90,2016,2,8.577283176528013,5,13.597999999999992
SILVER HAKE,SILVER HAKE_Survey_10_90,Survey_10_90,2017,2,5.208181914591108,5,13.597999999999992
SILVER HAKE,SILVER HAKE_Survey_10_90,Survey_10_90,2018,2,13.988467412538952,5,13.597999999999992
SILVER HAKE,SILVER HAKE_Survey_10_90,Survey_10_90,2019,2,-5.035253246368839,5,13.597999999999992
SILVER HAKE,SILVER HAKE_Survey_10_90,Survey_10_90,2020,2,19.01290527714903,5,13.597999999999992
SILVER HAKE,SILVER HAKE_Survey_10_90,Survey_10_90,2022,2,8.248764628001624,5,13.597999999999992
SILVER HAKE,SILVER HAKE_Survey_10_90,Survey_10_90,2023,2,18.23575683241323,5,13.597999999999992
SILVER HAKE,SILVER HAKE_Survey_10_90,Survey_10_90,2024,2,9.427326955475522,5,13.597999999999992
SMOOTH SKATE,SMOOTH SKATE_Survey_0_100,Survey_0_100,1959,2,0,2.1,15.66
SMOOTH SKATE,SMOOTH SKATE_Survey_0_100,Survey_0_100,1960,2,0,2.1,15.66
SMOOTH SKATE,SMOOTH SKATE_Survey_0_100,Survey_0_100,1961,2,0,2.1,15.66
SMOOTH SKATE,SMOOTH SKATE_Survey_0_100,Survey_0_100,1962,2,0,2.1,15.66
SMOOTH SKATE,SMOOTH SKATE_Survey_0_100,Survey_0_100,1963,2,0,2.1,15.66
SMOOTH SKATE,SMOOTH SKATE_Survey_0_100,Survey_0_100,1964,2,0,2.1,15.66
SMOOTH SKATE,SMOOTH SKATE_Survey_0_100,Survey_0_100,1965,2,0,2.1,15.66
SMOOTH SKATE,SMOOTH SKATE_Survey_0_100,Survey_0_100,1966,2,0,2.1,15.66
SMOOTH SKATE,SMOOTH SKATE_Survey_0_100,Survey_0_100,1967,2,0,2.1,15.66
SMOOTH SKATE,SMOOTH SKATE_Survey_0_100,Survey_0_100,1968,2,0,2.1,15.66
SMOOTH SKATE,SMOOTH SKATE_Survey_0_100,Survey_0_100,1969,2,0,2.1,15.66
SMOOTH SKATE,SMOOTH SKATE_Survey_0_100,Survey_0_100,1970,2,0,2.1,15.66
SMOOTH SKATE,SMOOTH SKATE_Survey_0_100,Survey_0_100,1971,2,-3.289492127578342e-7,2.1,15.66
SMOOTH SKATE,SMOOTH SKATE_Survey_0_100,Survey_0_100,1972,2,0,2.1,15.66
SMOOTH SKATE,SMOOTH SKATE_Survey_0_100,Survey_0_100,1973,2,0,2.1,15.66
SMOOTH SKATE,SMOOTH SKATE_Survey_0_100,Survey_0_100,1974,2,-1.912131458254862e-4,2.1,15.66
SMOOTH SKATE,SMOOTH SKATE_Survey_0_100,Survey_0_100,1975,2,-0.00142906635490192,2.1,15.66
SMOOTH SKATE,SMOOTH SKATE_Survey_0_100,Survey_0_100,1976,2,0,2.1,15.66
SMOOTH SKATE,SMOOTH SKATE_Survey_0_100,Survey_0_100,1977,2,0,2.1,15.66
SMOOTH SKATE,SMOOTH SKATE_Survey_0_100,Survey_0_100,1978,2,-7.478119077575229e-5,2.1,15.66
SMOOTH SKATE,SMOOTH SKATE_Survey_0_100,Survey_0_100,1979,2,0,2.1,15.66
SMOOTH SKATE,SMOOTH SKATE_Survey_0_100,Survey_0_100,1980,2,0,2.1,15.66
SMOOTH SKATE,SMOOTH SKATE_Survey_0_100,Survey_0_100,1981,2,0,2.1,15.66
SMOOTH SKATE,SMOOTH SKATE_Survey_0_100,Survey_0_100,1982,2,0,2.1,15.66
SMOOTH SKATE,SMOOTH SKATE_Survey_0_100,Survey_0_100,1983,2,0,2.1,15.66
SMOOTH SKATE,SMOOTH SKATE_Survey_0_100,Survey_0_100,1984,2,0,2.1,15.66
SMOOTH SKATE,SMOOTH SKATE_Survey_0_100,Survey_0_100,1985,2,0,2.1,15.66
SMOOTH SKATE,SMOOTH SKATE_Survey_0_100,Survey_0_100,1986,2,-0.0014561346167312195,2.1,15.66
SMOOTH SKATE,SMOOTH SKATE_Survey_0_100,Survey_0_100,1987,2,0,2.1,15.66
SMOOTH SKATE,SMOOTH SKATE_Survey_0_100,Survey_0_100,1988,2,0,2.1,15.66
SMOOTH SKATE,SMOOTH SKATE_Survey_0_100,Survey_0_100,1989,2,0,2.1,15.66
SMOOTH SKATE,SMOOTH SKATE_Survey_0_100,Survey_0_100,1990,2,0,2.1,15.66
SMOOTH SKATE,SMOOTH SKATE_Survey_0_100,Survey_0_100,1991,2,-8.179297433201782e-4,2.1,15.66
SMOOTH SKATE,SMOOTH SKATE_Survey_0_100,Survey_0_100,1992,2,0,2.1,15.66
SMOOTH SKATE,SMOOTH SKATE_Survey_0_100,Survey_0_100,1993,2,-1.2233873025024877e-4,2.1,15.66
SMOOTH SKATE,SMOOTH SKATE_Survey_0_100,Survey_0_100,1994,2,-0.0012224370778994853,2.1,15.66
SMOOTH SKATE,SMOOTH SKATE_Survey_0_100,Survey_0_100,1995,2,-0.047902912367106865,2.1,15.66
SMOOTH SKATE,SMOOTH SKATE_Survey_0_100,Survey_0_100,1996,2,0,2.1,15.66
SMOOTH SKATE,SMOOTH SKATE_Survey_0_100,Survey_0_100,1997,2,0,2.1,15.66
SMOOTH SKATE,SMOOTH SKATE_Survey_0_100,Survey_0_100,1998,2,0,2.1,15.66
SMOOTH SKATE,SMOOTH SKATE_Survey_0_100,Survey_0_100,1999,2,-0.03711328009606518,2.1,15.66
SMOOTH SKATE,SMOOTH SKATE_Survey_0_100,Survey_0_100,2000,2,0,2.1,15.66
SMOOTH SKATE,SMOOTH SKATE_Survey_0_100,Survey_0_100,2001,2,-6.58708756148485e-4,2.1,15.66
SMOOTH SKATE,SMOOTH SKATE_Survey_0_100,Survey_0_100,2002,2,-0.09043273338556901,2.1,15.66
SMOOTH SKATE,SMOOTH SKATE_Survey_0_100,Survey_0_100,2003,2,0,2.1,15.66
SMOOTH SKATE,SMOOTH SKATE_Survey_0_100,Survey_0_100,2004,2,0,2.1,15.66
SMOOTH SKATE,SMOOTH SKATE_Survey_0_100,Survey_0_100,2005,2,0,2.1,15.66
SMOOTH SKATE,SMOOTH SKATE_Survey_0_100,Survey_0_100,2006,2,-1.1472788750666041e-4,2.1,15.66
SMOOTH SKATE,SMOOTH SKATE_Survey_0_100,Survey_0_100,2007,2,0,2.1,15.66
SMOOTH SKATE,SMOOTH SKATE_Survey_0_100,Survey_0_100,2008,2,0,2.1,15.66
SMOOTH SKATE,SMOOTH SKATE_Survey_0_100,Survey_0_100,2009,2,-0.1821418100206671,2.1,15.66
SMOOTH SKATE,SMOOTH SKATE_Survey_0_100,Survey_0_100,2010,2,-8.041050558915686e-5,2.1,15.66
SMOOTH SKATE,SMOOTH SKATE_Survey_0_100,Survey_0_100,2011,2,-3.82426291594129e-5,2.1,15.66
SMOOTH SKATE,SMOOTH SKATE_Survey_0_100,Survey_0_100,2012,2,-0.21458525119511762,2.1,15.66
SMOOTH SKATE,SMOOTH SKATE_Survey_0_100,Survey_0_100,2013,2,-0.11184318817748817,2.1,15.66
SMOOTH SKATE,SMOOTH SKATE_Survey_0_100,Survey_0_100,2014,2,-0.8262229355545401,2.1,15.66
SMOOTH SKATE,SMOOTH SKATE_Survey_0_100,Survey_0_100,2015,2,-0.07059930641520396,2.1,15.66
SMOOTH SKATE,SMOOTH SKATE_Survey_0_100,Survey_0_100,2016,2,-0.377829875567798,2.1,15.66
SMOOTH SKATE,SMOOTH SKATE_Survey_0_100,Survey_0_100,2017,2,-0.1558092063319947,2.1,15.66
SMOOTH SKATE,SMOOTH SKATE_Survey_0_100,Survey_0_100,2018,2,-0.1778701330099608,2.1,15.66
SMOOTH SKATE,SMOOTH SKATE_Survey_0_100,Survey_0_100,2019,2,-0.3919284604829443,2.1,15.66
SMOOTH SKATE,SMOOTH SKATE_Survey_0_100,Survey_0_100,2020,2,-0.005272463643819947,2.1,15.66
SMOOTH SKATE,SMOOTH SKATE_Survey_0_100,Survey_0_100,2022,2,-0.043186000261982826,2.1,15.66
SMOOTH SKATE,SMOOTH SKATE_Survey_0_100,Survey_0_100,2023,2,-0.009348972625801366,2.1,15.66
SMOOTH SKATE,SMOOTH SKATE_Survey_0_100,Survey_0_100,2024,2,-0.060324059394275764,2.1,15.66
SMOOTH SKATE,SMOOTH SKATE_Survey_10_90,Survey_10_90,1959,2,0,5,9.36
SMOOTH SKATE,SMOOTH SKATE_Survey_10_90,Survey_10_90,1960,2,-6.42617724730745,5,9.36
SMOOTH SKATE,SMOOTH SKATE_Survey_10_90,Survey_10_90,1961,2,-12.002701926757481,5,9.36
SMOOTH SKATE,SMOOTH SKATE_Survey_10_90,Survey_10_90,1962,2,-22.735975318663918,5,9.36
SMOOTH SKATE,SMOOTH SKATE_Survey_10_90,Survey_10_90,1963,2,11.689126503067683,5,9.36
SMOOTH SKATE,SMOOTH SKATE_Survey_10_90,Survey_10_90,1964,2,13.785019053207094,5,9.36
SMOOTH SKATE,SMOOTH SKATE_Survey_10_90,Survey_10_90,1965,2,7.744272013079538,5,9.36
SMOOTH SKATE,SMOOTH SKATE_Survey_10_90,Survey_10_90,1966,2,9.481035596926361,5,9.36
SMOOTH SKATE,SMOOTH SKATE_Survey_10_90,Survey_10_90,1967,2,-0.46538538246169026,5,9.36
SMOOTH SKATE,SMOOTH SKATE_Survey_10_90,Survey_10_90,1968,2,-15.695871198980939,5,9.36
SMOOTH SKATE,SMOOTH SKATE_Survey_10_90,Survey_10_90,1969,2,-32.20202401457211,5,9.36
SMOOTH SKATE,SMOOTH SKATE_Survey_10_90,Survey_10_90,1970,2,8.19062575796238,5,9.36
SMOOTH SKATE,SMOOTH SKATE_Survey_10_90,Survey_10_90,1971,2,3.9559399484906805,5,9.36
SMOOTH SKATE,SMOOTH SKATE_Survey_10_90,Survey_10_90,1972,2,10.140752705354174,5,9.36
SMOOTH SKATE,SMOOTH SKATE_Survey_10_90,Survey_10_90,1973,2,3.226432274469232,5,9.36
SMOOTH SKATE,SMOOTH SKATE_Survey_10_90,Survey_10_90,1974,2,3.154857269142724,5,9.36
SMOOTH SKATE,SMOOTH SKATE_Survey_10_90,Survey_10_90,1975,2,-7.1388657431919,5,9.36
SMOOTH SKATE,SMOOTH SKATE_Survey_10_90,Survey_10_90,1976,2,-5.022038965707111,5,9.36
SMOOTH SKATE,SMOOTH SKATE_Survey_10_90,Survey_10_90,1977,2,-2.6899764361148897,5,9.36
SMOOTH SKATE,SMOOTH SKATE_Survey_10_90,Survey_10_90,1978,2,-0.8587119278380868,5,9.36
SMOOTH SKATE,SMOOTH SKATE_Survey_10_90,Survey_10_90,1979,2,-4.9290683409644345,5,9.36
SMOOTH SKATE,SMOOTH SKATE_Survey_10_90,Survey_10_90,1980,2,-14.339456639593791,5,9.36
SMOOTH SKATE,SMOOTH SKATE_Survey_10_90,Survey_10_90,1981,2,-18.02639188868168,5,9.36
SMOOTH SKATE,SMOOTH SKATE_Survey_10_90,Survey_10_90,1982,2,-7.748375779458968,5,9.36
SMOOTH SKATE,SMOOTH SKATE_Survey_10_90,Survey_10_90,1983,2,10.125904262135137,5,9.36
SMOOTH SKATE,SMOOTH SKATE_Survey_10_90,Survey_10_90,1984,2,9.826215387573896,5,9.36
SMOOTH SKATE,SMOOTH SKATE_Survey_10_90,Survey_10_90,1985,2,-1.510123440853448,5,9.36
SMOOTH SKATE,SMOOTH SKATE_Survey_10_90,Survey_10_90,1986,2,13.760234447591642,5,9.36
SMOOTH SKATE,SMOOTH SKATE_Survey_10_90,Survey_10_90,1987,2,0.33471108744298306,5,9.36
SMOOTH SKATE,SMOOTH SKATE_Survey_10_90,Survey_10_90,1988,2,19.830201729130096,5,9.36
SMOOTH SKATE,SMOOTH SKATE_Survey_10_90,Survey_10_90,1989,2,-1.5022832155033115,5,9.36
SMOOTH SKATE,SMOOTH SKATE_Survey_10_90,Survey_10_90,1990,2,6.2155584101117825,5,9.36
SMOOTH SKATE,SMOOTH SKATE_Survey_10_90,Survey_10_90,1991,2,6.604286680956207,5,9.36
SMOOTH SKATE,SMOOTH SKATE_Survey_10_90,Survey_10_90,1992,2,-12.909294170056576,5,9.36
SMOOTH SKATE,SMOOTH SKATE_Survey_10_90,Survey_10_90,1993,2,-3.2380260149628413,5,9.36
SMOOTH SKATE,SMOOTH SKATE_Survey_10_90,Survey_10_90,1994,2,11.420579064712285,5,9.36
SMOOTH SKATE,SMOOTH SKATE_Survey_10_90,Survey_10_90,1995,2,15.034014493742646,5,9.36
SMOOTH SKATE,SMOOTH SKATE_Survey_10_90,Survey_10_90,1996,2,23.401923670965516,5,9.36
SMOOTH SKATE,SMOOTH SKATE_Survey_10_90,Survey_10_90,1997,2,22.043536545855318,5,9.36
SMOOTH SKATE,SMOOTH SKATE_Survey_10_90,Survey_10_90,1998,2,19.71668599779376,5,9.36
SMOOTH SKATE,SMOOTH SKATE_Survey_10_90,Survey_10_90,1999,2,-0.08075127803644477,5,9.36
SMOOTH SKATE,SMOOTH SKATE_Survey_10_90,Survey_10_90,2000,2,24.946848821899835,5,9.36
SMOOTH SKATE,SMOOTH SKATE_Survey_10_90,Survey_10_90,2001,2,20.91337846785325,5,9.36
SMOOTH SKATE,SMOOTH SKATE_Survey_10_90,Survey_10_90,2002,2,19.984363395200532,5,9.36
SMOOTH SKATE,SMOOTH SKATE_Survey_10_90,Survey_10_90,2003,2,4.669658403095141,5,9.36
SMOOTH SKATE,SMOOTH SKATE_Survey_10_90,Survey_10_90,2004,2,-2.59490439146866,5,9.36
SMOOTH SKATE,SMOOTH SKATE_Survey_10_90,Survey_10_90,2005,2,10.769180250229653,5,9.36
SMOOTH SKATE,SMOOTH SKATE_Survey_10_90,Survey_10_90,2006,2,23.067885685530797,5,9.36
SMOOTH SKATE,SMOOTH SKATE_Survey_10_90,Survey_10_90,2007,2,18.210368505420774,5,9.36
SMOOTH SKATE,SMOOTH SKATE_Survey_10_90,Survey_10_90,2008,2,20.682600578236602,5,9.36
SMOOTH SKATE,SMOOTH SKATE_Survey_10_90,Survey_10_90,2009,2,4.45666936448319,5,9.36
SMOOTH SKATE,SMOOTH SKATE_Survey_10_90,Survey_10_90,2010,2,14.426690810483038,5,9.36
SMOOTH SKATE,SMOOTH SKATE_Survey_10_90,Survey_10_90,2011,2,16.792685996776143,5,9.36
SMOOTH SKATE,SMOOTH SKATE_Survey_10_90,Survey_10_90,2012,2,7.974961573267592,5,9.36
SMOOTH SKATE,SMOOTH SKATE_Survey_10_90,Survey_10_90,2013,2,-19.894906032318744,5,9.36
SMOOTH SKATE,SMOOTH SKATE_Survey_10_90,Survey_10_90,2014,2,-27.70968538479923,5,9.36
SMOOTH SKATE,SMOOTH SKATE_Survey_10_90,Survey_10_90,2015,2,-36.729289767236615,5,9.36
SMOOTH SKATE,SMOOTH SKATE_Survey_10_90,Survey_10_90,2016,2,-28.85205488533657,5,9.36
SMOOTH SKATE,SMOOTH SKATE_Survey_10_90,Survey_10_90,2017,2,-12.099017719687922,5,9.36
SMOOTH SKATE,SMOOTH SKATE_Survey_10_90,Survey_10_90,2018,2,-31.843440691349713,5,9.36
SMOOTH SKATE,SMOOTH SKATE_Survey_10_90,Survey_10_90,2019,2,-65.93890478956875,5,9.36
SMOOTH SKATE,SMOOTH SKATE_Survey_10_90,Survey_10_90,2020,2,-56.62019984411907,5,9.36
SMOOTH SKATE,SMOOTH SKATE_Survey_10_90,Survey_10_90,2022,2,-31.79015526275368,5,9.36
SMOOTH SKATE,SMOOTH SKATE_Survey_10_90,Survey_10_90,2023,2,-54.99994057193957,5,9.36
SMOOTH SKATE,SMOOTH SKATE_Survey_10_90,Survey_10_90,2024,2,18.45442982729915,5,9.36
THORNY SKATE,THORNY SKATE_Survey_0_100,Survey_0_100,1959,2,0,1.3,24.5
THORNY SKATE,THORNY SKATE_Survey_0_100,Survey_0_100,1960,2,0,1.3,24.5
THORNY SKATE,THORNY SKATE_Survey_0_100,Survey_0_100,1961,2,0,1.3,24.5
THORNY SKATE,THORNY SKATE_Survey_0_100,Survey_0_100,1962,2,0,1.3,24.5
THORNY SKATE,THORNY SKATE_Survey_0_100,Survey_0_100,1963,2,0,1.3,24.5
THORNY SKATE,THORNY SKATE_Survey_0_100,Survey_0_100,1964,2,0,1.3,24.5
THORNY SKATE,THORNY SKATE_Survey_0_100,Survey_0_100,1965,2,0,1.3,24.5
THORNY SKATE,THORNY SKATE_Survey_0_100,Survey_0_100,1966,2,0,1.3,24.5
THORNY SKATE,THORNY SKATE_Survey_0_100,Survey_0_100,1967,2,0,1.3,24.5
THORNY SKATE,THORNY SKATE_Survey_0_100,Survey_0_100,1968,2,0,1.3,24.5
THORNY SKATE,THORNY SKATE_Survey_0_100,Survey_0_100,1969,2,0,1.3,24.5
THORNY SKATE,THORNY SKATE_Survey_0_100,Survey_0_100,1970,2,0,1.3,24.5
THORNY SKATE,THORNY SKATE_Survey_0_100,Survey_0_100,1971,2,0,1.3,24.5
THORNY SKATE,THORNY SKATE_Survey_0_100,Survey_0_100,1972,2,0,1.3,24.5
THORNY SKATE,THORNY SKATE_Survey_0_100,Survey_0_100,1973,2,0,1.3,24.5
THORNY SKATE,THORNY SKATE_Survey_0_100,Survey_0_100,1974,2,0,1.3,24.5
THORNY SKATE,THORNY SKATE_Survey_0_100,Survey_0_100,1975,2,0,1.3,24.5
THORNY SKATE,THORNY SKATE_Survey_0_100,Survey_0_100,1976,2,0,1.3,24.5
THORNY SKATE,THORNY SKATE_Survey_0_100,Survey_0_100,1977,2,0,1.3,24.5
THORNY SKATE,THORNY SKATE_Survey_0_100,Survey_0_100,1978,2,0,1.3,24.5
THORNY SKATE,THORNY SKATE_Survey_0_100,Survey_0_100,1979,2,0,1.3,24.5
THORNY SKATE,THORNY SKATE_Survey_0_100,Survey_0_100,1980,2,0,1.3,24.5
THORNY SKATE,THORNY SKATE_Survey_0_100,Survey_0_100,1981,2,0,1.3,24.5
THORNY SKATE,THORNY SKATE_Survey_0_100,Survey_0_100,1982,2,0,1.3,24.5
THORNY SKATE,THORNY SKATE_Survey_0_100,Survey_0_100,1983,2,0,1.3,24.5
THORNY SKATE,THORNY SKATE_Survey_0_100,Survey_0_100,1984,2,0,1.3,24.5
THORNY SKATE,THORNY SKATE_Survey_0_100,Survey_0_100,1985,2,0,1.3,24.5
THORNY SKATE,THORNY SKATE_Survey_0_100,Survey_0_100,1986,2,0,1.3,24.5
THORNY SKATE,THORNY SKATE_Survey_0_100,Survey_0_100,1987,2,0,1.3,24.5
THORNY SKATE,THORNY SKATE_Survey_0_100,Survey_0_100,1988,2,0,1.3,24.5
THORNY SKATE,THORNY SKATE_Survey_0_100,Survey_0_100,1989,2,0,1.3,24.5
THORNY SKATE,THORNY SKATE_Survey_0_100,Survey_0_100,1990,2,0,1.3,24.5
THORNY SKATE,THORNY SKATE_Survey_0_100,Survey_0_100,1991,2,0,1.3,24.5
THORNY SKATE,THORNY SKATE_Survey_0_100,Survey_0_100,1992,2,0,1.3,24.5
THORNY SKATE,THORNY SKATE_Survey_0_100,Survey_0_100,1993,2,0,1.3,24.5
THORNY SKATE,THORNY SKATE_Survey_0_100,Survey_0_100,1994,2,0,1.3,24.5
THORNY SKATE,THORNY SKATE_Survey_0_100,Survey_0_100,1995,2,0,1.3,24.5
THORNY SKATE,THORNY SKATE_Survey_0_100,Survey_0_100,1996,2,0,1.3,24.5
THORNY SKATE,THORNY SKATE_Survey_0_100,Survey_0_100,1997,2,0,1.3,24.5
THORNY SKATE,THORNY SKATE_Survey_0_100,Survey_0_100,1998,2,0,1.3,24.5
THORNY SKATE,THORNY SKATE_Survey_0_100,Survey_0_100,1999,2,0,1.3,24.5
THORNY SKATE,THORNY SKATE_Survey_0_100,Survey_0_100,2000,2,0,1.3,24.5
THORNY SKATE,THORNY SKATE_Survey_0_100,Survey_0_100,2001,2,0,1.3,24.5
THORNY SKATE,THORNY SKATE_Survey_0_100,Survey_0_100,2002,2,0,1.3,24.5
THORNY SKATE,THORNY SKATE_Survey_0_100,Survey_0_100,2003,2,0,1.3,24.5
THORNY SKATE,THORNY SKATE_Survey_0_100,Survey_0_100,2004,2,0,1.3,24.5
THORNY SKATE,THORNY SKATE_Survey_0_100,Survey_0_100,2005,2,0,1.3,24.5
THORNY SKATE,THORNY SKATE_Survey_0_100,Survey_0_100,2006,2,0,1.3,24.5
THORNY SKATE,THORNY SKATE_Survey_0_100,Survey_0_100,2007,2,0,1.3,24.5
THORNY SKATE,THORNY SKATE_Survey_0_100,Survey_0_100,2008,2,0,1.3,24.5
THORNY SKATE,THORNY SKATE_Survey_0_100,Survey_0_100,2009,2,0,1.3,24.5
THORNY SKATE,THORNY SKATE_Survey_0_100,Survey_0_100,2010,2,0,1.3,24.5
THORNY SKATE,THORNY SKATE_Survey_0_100,Survey_0_100,2011,2,0,1.3,24.5
THORNY SKATE,THORNY SKATE_Survey_0_100,Survey_0_100,2012,2,0,1.3,24.5
THORNY SKATE,THORNY SKATE_Survey_0_100,Survey_0_100,2013,2,0,1.3,24.5
THORNY SKATE,THORNY SKATE_Survey_0_100,Survey_0_100,2014,2,0,1.3,24.5
THORNY SKATE,THORNY SKATE_Survey_0_100,Survey_0_100,2015,2,0,1.3,24.5
THORNY SKATE,THORNY SKATE_Survey_0_100,Survey_0_100,2016,2,0,1.3,24.5
THORNY SKATE,THORNY SKATE_Survey_0_100,Survey_0_100,2017,2,0,1.3,24.5
THORNY SKATE,THORNY SKATE_Survey_0_100,Survey_0_100,2018,2,0,1.3,24.5
THORNY SKATE,THORNY SKATE_Survey_0_100,Survey_0_100,2019,2,0,1.3,24.5
THORNY SKATE,THORNY SKATE_Survey_0_100,Survey_0_100,2020,2,0,1.3,24.5
THORNY SKATE,THORNY SKATE_Survey_0_100,Survey_0_100,2022,2,0,1.3,24.5
THORNY SKATE,THORNY SKATE_Survey_0_100,Survey_0_100,2023,2,-8.233812636291304e-4,1.3,24.5
THORNY SKATE,THORNY SKATE_Survey_0_100,Survey_0_100,2024,2,-0.011654199792957343,1.3,24.5
THORNY SKATE,THORNY SKATE_Survey_10_90,Survey_10_90,1959,2,0,4.4,9.700000000000001
THORNY SKATE,THORNY SKATE_Survey_10_90,Survey_10_90,1960,2,4.20698888905379,4.4,9.700000000000001
THORNY SKATE,THORNY SKATE_Survey_10_90,Survey_10_90,1961,2,1.0211952421231274,4.4,9.700000000000001
THORNY SKATE,THORNY SKATE_Survey_10_90,Survey_10_90,1962,2,-4.397572530079941,4.4,9.700000000000001
THORNY SKATE,THORNY SKATE_Survey_10_90,Survey_10_90,1963,2,8.393240874953648,4.4,9.700000000000001
THORNY SKATE,THORNY SKATE_Survey_10_90,Survey_10_90,1964,2,7.9700759730304895,4.4,9.700000000000001
THORNY SKATE,THORNY SKATE_Survey_10_90,Survey_10_90,1965,2,2.1996542885212307,4.4,9.700000000000001
THORNY SKATE,THORNY SKATE_Survey_10_90,Survey_10_90,1966,2,6.8874929491373535,4.4,9.700000000000001
THORNY SKATE,THORNY SKATE_Survey_10_90,Survey_10_90,1967,2,-1.217209677535223,4.4,9.700000000000001
THORNY SKATE,THORNY SKATE_Survey_10_90,Survey_10_90,1968,2,-8.75805253569142,4.4,9.700000000000001
THORNY SKATE,THORNY SKATE_Survey_10_90,Survey_10_90,1969,2,-13.071164903431622,4.4,9.700000000000001
THORNY SKATE,THORNY SKATE_Survey_10_90,Survey_10_90,1970,2,3.3756076454820487,4.4,9.700000000000001
THORNY SKATE,THORNY SKATE_Survey_10_90,Survey_10_90,1971,2,-0.9777281484799119,4.4,9.700000000000001
THORNY SKATE,THORNY SKATE_Survey_10_90,Survey_10_90,1972,2,4.3534590854033866,4.4,9.700000000000001
THORNY SKATE,THORNY SKATE_Survey_10_90,Survey_10_90,1973,2,0.43078604871166704,4.4,9.700000000000001
THORNY SKATE,THORNY SKATE_Survey_10_90,Survey_10_90,1974,2,-6.905358859235079,4.4,9.700000000000001
THORNY SKATE,THORNY SKATE_Survey_10_90,Survey_10_90,1975,2,-1.3337656523978154,4.4,9.700000000000001
THORNY SKATE,THORNY SKATE_Survey_10_90,Survey_10_90,1976,2,-4.816873452386574,4.4,9.700000000000001
THORNY SKATE,THORNY SKATE_Survey_10_90,Survey_10_90,1977,2,-5.8455694439214625,4.4,9.700000000000001
THORNY SKATE,THORNY SKATE_Survey_10_90,Survey_10_90,1978,2,-3.426276416995165,4.4,9.700000000000001
THORNY SKATE,THORNY SKATE_Survey_10_90,Survey_10_90,1979,2,-3.643228827034747,4.4,9.700000000000001
THORNY SKATE,THORNY SKATE_Survey_10_90,Survey_10_90,1980,2,-10.655072346024951,4.4,9.700000000000001
THORNY SKATE,THORNY SKATE_Survey_10_90,Survey_10_90,1981,2,-3.985616452913277,4.4,9.700000000000001
THORNY SKATE,THORNY SKATE_Survey_10_90,Survey_10_90,1982,2,0.7593623273675263,4.4,9.700000000000001
THORNY SKATE,THORNY SKATE_Survey_10_90,Survey_10_90,1983,2,4.3087785761845225,4.4,9.700000000000001
THORNY SKATE,THORNY SKATE_Survey_10_90,Survey_10_90,1984,2,4.866138937768184,4.4,9.700000000000001
THORNY SKATE,THORNY SKATE_Survey_10_90,Survey_10_90,1985,2,-1.9156488895995238,4.4,9.700000000000001
THORNY SKATE,THORNY SKATE_Survey_10_90,Survey_10_90,1986,2,4.260137735596814,4.4,9.700000000000001
THORNY SKATE,THORNY SKATE_Survey_10_90,Survey_10_90,1987,2,-2.708069900954598,4.4,9.700000000000001
THORNY SKATE,THORNY SKATE_Survey_10_90,Survey_10_90,1988,2,11.069225352360007,4.4,9.700000000000001
THORNY SKATE,THORNY SKATE_Survey_10_90,Survey_10_90,1989,2,-6.165411058538254,4.4,9.700000000000001
THORNY SKATE,THORNY SKATE_Survey_10_90,Survey_10_90,1990,2,3.8036323021793805,4.4,9.700000000000001
THORNY SKATE,THORNY SKATE_Survey_10_90,Survey_10_90,1991,2,-2.5929532741418058,4.4,9.700000000000001
THORNY SKATE,THORNY SKATE_Survey_10_90,Survey_10_90,1992,2,-1.9794168121542555,4.4,9.700000000000001
THORNY SKATE,THORNY SKATE_Survey_10_90,Survey_10_90,1993,2,-10.518864568903595,4.4,9.700000000000001
THORNY SKATE,THORNY SKATE_Survey_10_90,Survey_10_90,1994,2,3.4426670215756303,4.4,9.700000000000001
THORNY SKATE,THORNY SKATE_Survey_10_90,Survey_10_90,1995,2,4.9503643586935056,4.4,9.700000000000001
THORNY SKATE,THORNY SKATE_Survey_10_90,Survey_10_90,1996,2,23.700605208105458,4.4,9.700000000000001
THORNY SKATE,THORNY SKATE_Survey_10_90,Survey_10_90,1997,2,13.062210451438347,4.4,9.700000000000001
THORNY SKATE,THORNY SKATE_Survey_10_90,Survey_10_90,1998,2,15.519196550230973,4.4,9.700000000000001
THORNY SKATE,THORNY SKATE_Survey_10_90,Survey_10_90,1999,2,-5.2653856108435235,4.4,9.700000000000001
THORNY SKATE,THORNY SKATE_Survey_10_90,Survey_10_90,2000,2,12.31040156425206,4.4,9.700000000000001
THORNY SKATE,THORNY SKATE_Survey_10_90,Survey_10_90,2001,2,9.535295178958862,4.4,9.700000000000001
THORNY SKATE,THORNY SKATE_Survey_10_90,Survey_10_90,2002,2,7.6345711710676625,4.4,9.700000000000001
THORNY SKATE,THORNY SKATE_Survey_10_90,Survey_10_90,2003,2,-1.3334695736552789,4.4,9.700000000000001
THORNY SKATE,THORNY SKATE_Survey_10_90,Survey_10_90,2004,2,-0.4924688921706064,4.4,9.700000000000001
THORNY SKATE,THORNY SKATE_Survey_10_90,Survey_10_90,2005,2,0.6505636962280619,4.4,9.700000000000001
THORNY SKATE,THORNY SKATE_Survey_10_90,Survey_10_90,2006,2,13.569618939313372,4.4,9.700000000000001
THORNY SKATE,THORNY SKATE_Survey_10_90,Survey_10_90,2007,2,13.827041584531145,4.4,9.700000000000001
THORNY SKATE,THORNY SKATE_Survey_10_90,Survey_10_90,2008,2,12.547368368428252,4.4,9.700000000000001
THORNY SKATE,THORNY SKATE_Survey_10_90,Survey_10_90,2009,2,-5.154344709356948,4.4,9.700000000000001
THORNY SKATE,THORNY SKATE_Survey_10_90,Survey_10_90,2010,2,4.238576648785255,4.4,9.700000000000001
THORNY SKATE,THORNY SKATE_Survey_10_90,Survey_10_90,2011,2,10.93361823483798,4.4,9.700000000000001
THORNY SKATE,THORNY SKATE_Survey_10_90,Survey_10_90,2012,2,-3.060619630882769,4.4,9.700000000000001
THORNY SKATE,THORNY SKATE_Survey_10_90,Survey_10_90,2013,2,-15.575097157040808,4.4,9.700000000000001
THORNY SKATE,THORNY SKATE_Survey_10_90,Survey_10_90,2014,2,-20.250963123342252,4.4,9.700000000000001
THORNY SKATE,THORNY SKATE_Survey_10_90,Survey_10_90,2015,2,-18.177506147744538,4.4,9.700000000000001
THORNY SKATE,THORNY SKATE_Survey_10_90,Survey_10_90,2016,2,-20.320222533050995,4.4,9.700000000000001
THORNY SKATE,THORNY SKATE_Survey_10_90,Survey_10_90,2017,2,-5.46442877867932,4.4,9.700000000000001
THORNY SKATE,THORNY SKATE_Survey_10_90,Survey_10_90,2018,2,-18.86539635222551,4.4,9.700000000000001
THORNY SKATE,THORNY SKATE_Survey_10_90,Survey_10_90,2019,2,-39.65831231985387,4.4,9.700000000000001
THORNY SKATE,THORNY SKATE_Survey_10_90,Survey_10_90,2020,2,-10.111889442779741,4.4,9.700000000000001
THORNY SKATE,THORNY SKATE_Survey_10_90,Survey_10_90,2022,2,-12.430446991959073,4.4,9.700000000000001
THORNY SKATE,THORNY SKATE_Survey_10_90,Survey_10_90,2023,2,-18.47933420295041,4.4,9.700000000000001
THORNY SKATE,THORNY SKATE_Survey_10_90,Survey_10_90,2024,2,19.002088191571175,4.4,9.700000000000001
WHITE HAKE,WHITE HAKE_Survey_0_100,Survey_0_100,1959,2,0,1.3,20.7
WHITE HAKE,WHITE HAKE_Survey_0_100,Survey_0_100,1960,2,0,1.3,20.7
WHITE HAKE,WHITE HAKE_Survey_0_100,Survey_0_100,1961,2,0,1.3,20.7
WHITE HAKE,WHITE HAKE_Survey_0_100,Survey_0_100,1962,2,0,1.3,20.7
WHITE HAKE,WHITE HAKE_Survey_0_100,Survey_0_100,1963,2,0,1.3,20.7
WHITE HAKE,WHITE HAKE_Survey_0_100,Survey_0_100,1964,2,0,1.3,20.7
WHITE HAKE,WHITE HAKE_Survey_0_100,Survey_0_100,1965,2,0,1.3,20.7
WHITE HAKE,WHITE HAKE_Survey_0_100,Survey_0_100,1966,2,0,1.3,20.7
WHITE HAKE,WHITE HAKE_Survey_0_100,Survey_0_100,1967,2,0,1.3,20.7
WHITE HAKE,WHITE HAKE_Survey_0_100,Survey_0_100,1968,2,0,1.3,20.7
WHITE HAKE,WHITE HAKE_Survey_0_100,Survey_0_100,1969,2,0,1.3,20.7
WHITE HAKE,WHITE HAKE_Survey_0_100,Survey_0_100,1970,2,0,1.3,20.7
WHITE HAKE,WHITE HAKE_Survey_0_100,Survey_0_100,1971,2,0,1.3,20.7
WHITE HAKE,WHITE HAKE_Survey_0_100,Survey_0_100,1972,2,0,1.3,20.7
WHITE HAKE,WHITE HAKE_Survey_0_100,Survey_0_100,1973,2,0,1.3,20.7
WHITE HAKE,WHITE HAKE_Survey_0_100,Survey_0_100,1974,2,0,1.3,20.7
WHITE HAKE,WHITE HAKE_Survey_0_100,Survey_0_100,1975,2,0,1.3,20.7
WHITE HAKE,WHITE HAKE_Survey_0_100,Survey_0_100,1976,2,0,1.3,20.7
WHITE HAKE,WHITE HAKE_Survey_0_100,Survey_0_100,1977,2,0,1.3,20.7
WHITE HAKE,WHITE HAKE_Survey_0_100,Survey_0_100,1978,2,0,1.3,20.7
WHITE HAKE,WHITE HAKE_Survey_0_100,Survey_0_100,1979,2,0,1.3,20.7
WHITE HAKE,WHITE HAKE_Survey_0_100,Survey_0_100,1980,2,0,1.3,20.7
WHITE HAKE,WHITE HAKE_Survey_0_100,Survey_0_100,1981,2,0,1.3,20.7
WHITE HAKE,WHITE HAKE_Survey_0_100,Survey_0_100,1982,2,0,1.3,20.7
WHITE HAKE,WHITE HAKE_Survey_0_100,Survey_0_100,1983,2,0,1.3,20.7
WHITE HAKE,WHITE HAKE_Survey_0_100,Survey_0_100,1984,2,0,1.3,20.7
WHITE HAKE,WHITE HAKE_Survey_0_100,Survey_0_100,1985,2,0,1.3,20.7
WHITE HAKE,WHITE HAKE_Survey_0_100,Survey_0_100,1986,2,0,1.3,20.7
WHITE HAKE,WHITE HAKE_Survey_0_100,Survey_0_100,1987,2,0,1.3,20.7
WHITE HAKE,WHITE HAKE_Survey_0_100,Survey_0_100,1988,2,0,1.3,20.7
WHITE HAKE,WHITE HAKE_Survey_0_100,Survey_0_100,1989,2,0,1.3,20.7
WHITE HAKE,WHITE HAKE_Survey_0_100,Survey_0_100,1990,2,-5.1634661573984886e-5,1.3,20.7
WHITE HAKE,WHITE HAKE_Survey_0_100,Survey_0_100,1991,2,0,1.3,20.7
WHITE HAKE,WHITE HAKE_Survey_0_100,Survey_0_100,1992,2,0,1.3,20.7
WHITE HAKE,WHITE HAKE_Survey_0_100,Survey_0_100,1993,2,-0.08172313421401611,1.3,20.7
WHITE HAKE,WHITE HAKE_Survey_0_100,Survey_0_100,1994,2,0,1.3,20.7
WHITE HAKE,WHITE HAKE_Survey_0_100,Survey_0_100,1995,2,-0.044430906938103476,1.3,20.7
WHITE HAKE,WHITE HAKE_Survey_0_100,Survey_0_100,1996,2,-0.006279407478800181,1.3,20.7
WHITE HAKE,WHITE HAKE_Survey_0_100,Survey_0_100,1997,2,-0.018209210960407063,1.3,20.7
WHITE HAKE,WHITE HAKE_Survey_0_100,Survey_0_100,1998,2,-0.023568637484373767,1.3,20.7
WHITE HAKE,WHITE HAKE_Survey_0_100,Survey_0_100,1999,2,-0.077423173255454,1.3,20.7
WHITE HAKE,WHITE HAKE_Survey_0_100,Survey_0_100,2000,2,-0.02798686144556939,1.3,20.7
WHITE HAKE,WHITE HAKE_Survey_0_100,Survey_0_100,2001,2,-0.036258699574119646,1.3,20.7
WHITE HAKE,WHITE HAKE_Survey_0_100,Survey_0_100,2002,2,-0.02169842393911381,1.3,20.7
WHITE HAKE,WHITE HAKE_Survey_0_100,Survey_0_100,2003,2,-0.017702298092828528,1.3,20.7
WHITE HAKE,WHITE HAKE_Survey_0_100,Survey_0_100,2004,2,-0.0023481348084004594,1.3,20.7
WHITE HAKE,WHITE HAKE_Survey_0_100,Survey_0_100,2005,2,-0.07527169622464669,1.3,20.7
WHITE HAKE,WHITE HAKE_Survey_0_100,Survey_0_100,2006,2,0,1.3,20.7
WHITE HAKE,WHITE HAKE_Survey_0_100,Survey_0_100,2007,2,-0.02856680835863301,1.3,20.7
WHITE HAKE,WHITE HAKE_Survey_0_100,Survey_0_100,2008,2,-0.058969329011659966,1.3,20.7
WHITE HAKE,WHITE HAKE_Survey_0_100,Survey_0_100,2009,2,-0.04659053689107395,1.3,20.7
WHITE HAKE,WHITE HAKE_Survey_0_100,Survey_0_100,2010,2,-0.051676871746764164,1.3,20.7
WHITE HAKE,WHITE HAKE_Survey_0_100,Survey_0_100,2011,2,0,1.3,20.7
WHITE HAKE,WHITE HAKE_Survey_0_100,Survey_0_100,2012,2,-0.1029617567160841,1.3,20.7
WHITE HAKE,WHITE HAKE_Survey_0_100,Survey_0_100,2013,2,-0.0414064433658865,1.3,20.7
WHITE HAKE,WHITE HAKE_Survey_0_100,Survey_0_100,2014,2,-0.09692926589679018,1.3,20.7
WHITE HAKE,WHITE HAKE_Survey_0_100,Survey_0_100,2015,2,-0.22961307978745538,1.3,20.7
WHITE HAKE,WHITE HAKE_Survey_0_100,Survey_0_100,2016,2,-0.27293568106910016,1.3,20.7
WHITE HAKE,WHITE HAKE_Survey_0_100,Survey_0_100,2017,2,0,1.3,20.7
WHITE HAKE,WHITE HAKE_Survey_0_100,Survey_0_100,2018,2,-0.15445271404824723,1.3,20.7
WHITE HAKE,WHITE HAKE_Survey_0_100,Survey_0_100,2019,2,-0.020084429058456976,1.3,20.7
WHITE HAKE,WHITE HAKE_Survey_0_100,Survey_0_100,2020,2,-0.07368968036510637,1.3,20.7
WHITE HAKE,WHITE HAKE_Survey_0_100,Survey_0_100,2022,2,-0.3637903171853907,1.3,20.7
WHITE HAKE,WHITE HAKE_Survey_0_100,Survey_0_100,2023,2,-0.10587445022011366,1.3,20.7
WHITE HAKE,WHITE HAKE_Survey_0_100,Survey_0_100,2024,2,-0.07741822288143396,1.3,20.7
WHITE HAKE,WHITE HAKE_Survey_10_90,Survey_10_90,1959,2,0,5.3,11.09
WHITE HAKE,WHITE HAKE_Survey_10_90,Survey_10_90,1960,2,-13.585655944811414,5.3,11.09
WHITE HAKE,WHITE HAKE_Survey_10_90,Survey_10_90,1961,2,-12.127152363407212,5.3,11.09
WHITE HAKE,WHITE HAKE_Survey_10_90,Survey_10_90,1962,2,-17.67890801659265,5.3,11.09
WHITE HAKE,WHITE HAKE_Survey_10_90,Survey_10_90,1963,2,1.4147368737849462,5.3,11.09
WHITE HAKE,WHITE HAKE_Survey_10_90,Survey_10_90,1964,2,10.136249102764893,5.3,11.09
WHITE HAKE,WHITE HAKE_Survey_10_90,Survey_10_90,1965,2,6.765883939713731,5.3,11.09
WHITE HAKE,WHITE HAKE_Survey_10_90,Survey_10_90,1966,2,10.030420423268922,5.3,11.09
WHITE HAKE,WHITE HAKE_Survey_10_90,Survey_10_90,1967,2,2.3978088721722273,5.3,11.09
WHITE HAKE,WHITE HAKE_Survey_10_90,Survey_10_90,1968,2,-6.27117124150967,5.3,11.09
WHITE HAKE,WHITE HAKE_Survey_10_90,Survey_10_90,1969,2,-26.910363617653083,5.3,11.09
WHITE HAKE,WHITE HAKE_Survey_10_90,Survey_10_90,1970,2,7.3395181673587615,5.3,11.09
WHITE HAKE,WHITE HAKE_Survey_10_90,Survey_10_90,1971,2,-3.901978197582622,5.3,11.09
WHITE HAKE,WHITE HAKE_Survey_10_90,Survey_10_90,1972,2,-0.5126231754891322,5.3,11.09
WHITE HAKE,WHITE HAKE_Survey_10_90,Survey_10_90,1973,2,-3.397091590430776,5.3,11.09
WHITE HAKE,WHITE HAKE_Survey_10_90,Survey_10_90,1974,2,2.808072255913423,5.3,11.09
WHITE HAKE,WHITE HAKE_Survey_10_90,Survey_10_90,1975,2,5.9398758052033145,5.3,11.09
WHITE HAKE,WHITE HAKE_Survey_10_90,Survey_10_90,1976,2,14.500832909227924,5.3,11.09
WHITE HAKE,WHITE HAKE_Survey_10_90,Survey_10_90,1977,2,-3.8365773067123214,5.3,11.09
WHITE HAKE,WHITE HAKE_Survey_10_90,Survey_10_90,1978,2,-14.58209193193467,5.3,11.09
WHITE HAKE,WHITE HAKE_Survey_10_90,Survey_10_90,1979,2,-7.631023811624132,5.3,11.09
WHITE HAKE,WHITE HAKE_Survey_10_90,Survey_10_90,1980,2,-4.091108539333391,5.3,11.09
WHITE HAKE,WHITE HAKE_Survey_10_90,Survey_10_90,1981,2,-8.764083277615264,5.3,11.09
WHITE HAKE,WHITE HAKE_Survey_10_90,Survey_10_90,1982,2,-17.79278979926808,5.3,11.09
WHITE HAKE,WHITE HAKE_Survey_10_90,Survey_10_90,1983,2,5.864690424714382,5.3,11.09
WHITE HAKE,WHITE HAKE_Survey_10_90,Survey_10_90,1984,2,13.186658708844945,5.3,11.09
WHITE HAKE,WHITE HAKE_Survey_10_90,Survey_10_90,1985,2,-3.0822643887286887,5.3,11.09
WHITE HAKE,WHITE HAKE_Survey_10_90,Survey_10_90,1986,2,-3.9223515318551776,5.3,11.09
WHITE HAKE,WHITE HAKE_Survey_10_90,Survey_10_90,1987,2,-2.2722331004327145,5.3,11.09
WHITE HAKE,WHITE HAKE_Survey_10_90,Survey_10_90,1988,2,10.964523642198927,5.3,11.09
WHITE HAKE,WHITE HAKE_Survey_10_90,Survey_10_90,1989,2,-3.137219795355904,5.3,11.09
WHITE HAKE,WHITE HAKE_Survey_10_90,Survey_10_90,1990,2,9.225185979692398,5.3,11.09
WHITE HAKE,WHITE HAKE_Survey_10_90,Survey_10_90,1991,2,4.995991774655259,5.3,11.09
WHITE HAKE,WHITE HAKE_Survey_10_90,Survey_10_90,1992,2,-11.702431299224422,5.3,11.09
WHITE HAKE,WHITE HAKE_Survey_10_90,Survey_10_90,1993,2,-10.668684304736566,5.3,11.09
WHITE HAKE,WHITE HAKE_Survey_10_90,Survey_10_90,1994,2,-5.145228885491882,5.3,11.09
WHITE HAKE,WHITE HAKE_Survey_10_90,Survey_10_90,1995,2,0.9719535925821319,5.3,11.09
WHITE HAKE,WHITE HAKE_Survey_10_90,Survey_10_90,1996,2,25.12381896851187,5.3,11.09
WHITE HAKE,WHITE HAKE_Survey_10_90,Survey_10_90,1997,2,11.092467847781393,5.3,11.09
WHITE HAKE,WHITE HAKE_Survey_10_90,Survey_10_90,1998,2,24.345131554454,5.3,11.09
WHITE HAKE,WHITE HAKE_Survey_10_90,Survey_10_90,1999,2,-2.6542101081759597,5.3,11.09
WHITE HAKE,WHITE HAKE_Survey_10_90,Survey_10_90,2000,2,18.207901766089606,5.3,11.09
WHITE HAKE,WHITE HAKE_Survey_10_90,Survey_10_90,2001,2,0.8639457429539306,5.3,11.09
WHITE HAKE,WHITE HAKE_Survey_10_90,Survey_10_90,2002,2,16.708106327632755,5.3,11.09
WHITE HAKE,WHITE HAKE_Survey_10_90,Survey_10_90,2003,2,-6.776118333083275,5.3,11.09
WHITE HAKE,WHITE HAKE_Survey_10_90,Survey_10_90,2004,2,-7.80744546135675,5.3,11.09
WHITE HAKE,WHITE HAKE_Survey_10_90,Survey_10_90,2005,2,-5.491011029627927,5.3,11.09
WHITE HAKE,WHITE HAKE_Survey_10_90,Survey_10_90,2006,2,5.505466921284523,5.3,11.09
WHITE HAKE,WHITE HAKE_Survey_10_90,Survey_10_90,2007,2,21.03119506376305,5.3,11.09
WHITE HAKE,WHITE HAKE_Survey_10_90,Survey_10_90,2008,2,14.246364783461644,5.3,11.09
WHITE HAKE,WHITE HAKE_Survey_10_90,Survey_10_90,2009,2,-12.014606321637245,5.3,11.09
WHITE HAKE,WHITE HAKE_Survey_10_90,Survey_10_90,2010,2,9.34249994076734,5.3,11.09
WHITE HAKE,WHITE HAKE_Survey_10_90,Survey_10_90,2011,2,10.06451683831591,5.3,11.09
WHITE HAKE,WHITE HAKE_Survey_10_90,Survey_10_90,2012,2,7.287372478385045,5.3,11.09
WHITE HAKE,WHITE HAKE_Survey_10_90,Survey_10_90,2013,2,9.415347381515758,5.3,11.09
WHITE HAKE,WHITE HAKE_Survey_10_90,Survey_10_90,2014,2,-3.021524554058651,5.3,11.09
WHITE HAKE,WHITE HAKE_Survey_10_90,Survey_10_90,2015,2,1.5874409126482476,5.3,11.09
WHITE HAKE,WHITE HAKE_Survey_10_90,Survey_10_90,2016,2,4.3404498768226105,5.3,11.09
WHITE HAKE,WHITE HAKE_Survey_10_90,Survey_10_90,2017,2,2.6733031272034395,5.3,11.09
WHITE HAKE,WHITE HAKE_Survey_10_90,Survey_10_90,2018,2,10.71918257182,5.3,11.09
WHITE HAKE,WHITE HAKE_Survey_10_90,Survey_10_90,2019,2,4.380232564817739,5.3,11.09
WHITE HAKE,WHITE HAKE_Survey_10_90,Survey_10_90,2020,2,17.75522806872349,5.3,11.09
WHITE HAKE,WHITE HAKE_Survey_10_90,Survey_10_90,2022,2,3.6170730564674685,5.3,11.09
WHITE HAKE,WHITE HAKE_Survey_10_90,Survey_10_90,2023,2,23.250922352729873,5.3,11.09
WHITE HAKE,WHITE HAKE_Survey_10_90,Survey_10_90,2024,2,21.245440082175136,5.3,11.09
WINDOWPANE,WINDOWPANE_Survey_0_100,Survey_0_100,1959,2,0,0,27.7
WINDOWPANE,WINDOWPANE_Survey_0_100,Survey_0_100,1960,2,0,0,27.7
WINDOWPANE,WINDOWPANE_Survey_0_100,Survey_0_100,1961,2,0,0,27.7
WINDOWPANE,WINDOWPANE_Survey_0_100,Survey_0_100,1962,2,0,0,27.7
WINDOWPANE,WINDOWPANE_Survey_0_100,Survey_0_100,1963,2,0,0,27.7
WINDOWPANE,WINDOWPANE_Survey_0_100,Survey_0_100,1964,2,0,0,27.7
WINDOWPANE,WINDOWPANE_Survey_0_100,Survey_0_100,1965,2,0,0,27.7
WINDOWPANE,WINDOWPANE_Survey_0_100,Survey_0_100,1966,2,0,0,27.7
WINDOWPANE,WINDOWPANE_Survey_0_100,Survey_0_100,1967,2,0,0,27.7
WINDOWPANE,WINDOWPANE_Survey_0_100,Survey_0_100,1968,2,0,0,27.7
WINDOWPANE,WINDOWPANE_Survey_0_100,Survey_0_100,1969,2,0,0,27.7
WINDOWPANE,WINDOWPANE_Survey_0_100,Survey_0_100,1970,2,0,0,27.7
WINDOWPANE,WINDOWPANE_Survey_0_100,Survey_0_100,1971,2,0,0,27.7
WINDOWPANE,WINDOWPANE_Survey_0_100,Survey_0_100,1972,2,0,0,27.7
WINDOWPANE,WINDOWPANE_Survey_0_100,Survey_0_100,1973,2,0,0,27.7
WINDOWPANE,WINDOWPANE_Survey_0_100,Survey_0_100,1974,2,0,0,27.7
WINDOWPANE,WINDOWPANE_Survey_0_100,Survey_0_100,1975,2,0,0,27.7
WINDOWPANE,WINDOWPANE_Survey_0_100,Survey_0_100,1976,2,0,0,27.7
WINDOWPANE,WINDOWPANE_Survey_0_100,Survey_0_100,1977,2,0,0,27.7
WINDOWPANE,WINDOWPANE_Survey_0_100,Survey_0_100,1978,2,0,0,27.7
WINDOWPANE,WINDOWPANE_Survey_0_100,Survey_0_100,1979,2,0,0,27.7
WINDOWPANE,WINDOWPANE_Survey_0_100,Survey_0_100,1980,2,0,0,27.7
WINDOWPANE,WINDOWPANE_Survey_0_100,Survey_0_100,1981,2,0,0,27.7
WINDOWPANE,WINDOWPANE_Survey_0_100,Survey_0_100,1982,2,0,0,27.7
WINDOWPANE,WINDOWPANE_Survey_0_100,Survey_0_100,1983,2,0,0,27.7
WINDOWPANE,WINDOWPANE_Survey_0_100,Survey_0_100,1984,2,0,0,27.7
WINDOWPANE,WINDOWPANE_Survey_0_100,Survey_0_100,1985,2,0,0,27.7
WINDOWPANE,WINDOWPANE_Survey_0_100,Survey_0_100,1986,2,0,0,27.7
WINDOWPANE,WINDOWPANE_Survey_0_100,Survey_0_100,1987,2,0,0,27.7
WINDOWPANE,WINDOWPANE_Survey_0_100,Survey_0_100,1988,2,0,0,27.7
WINDOWPANE,WINDOWPANE_Survey_0_100,Survey_0_100,1989,2,0,0,27.7
WINDOWPANE,WINDOWPANE_Survey_0_100,Survey_0_100,1990,2,0,0,27.7
WINDOWPANE,WINDOWPANE_Survey_0_100,Survey_0_100,1991,2,0,0,27.7
WINDOWPANE,WINDOWPANE_Survey_0_100,Survey_0_100,1992,2,0,0,27.7
WINDOWPANE,WINDOWPANE_Survey_0_100,Survey_0_100,1993,2,-0.009401560312596757,0,27.7
WINDOWPANE,WINDOWPANE_Survey_0_100,Survey_0_100,1994,2,0,0,27.7
WINDOWPANE,WINDOWPANE_Survey_0_100,Survey_0_100,1995,2,0,0,27.7
WINDOWPANE,WINDOWPANE_Survey_0_100,Survey_0_100,1996,2,-0.001958801054868786,0,27.7
WINDOWPANE,WINDOWPANE_Survey_0_100,Survey_0_100,1997,2,0,0,27.7
WINDOWPANE,WINDOWPANE_Survey_0_100,Survey_0_100,1998,2,0,0,27.7
WINDOWPANE,WINDOWPANE_Survey_0_100,Survey_0_100,1999,2,0,0,27.7
WINDOWPANE,WINDOWPANE_Survey_0_100,Survey_0_100,2000,2,0,0,27.7
WINDOWPANE,WINDOWPANE_Survey_0_100,Survey_0_100,2001,2,0,0,27.7
WINDOWPANE,WINDOWPANE_Survey_0_100,Survey_0_100,2002,2,-0.0012919672889921685,0,27.7
WINDOWPANE,WINDOWPANE_Survey_0_100,Survey_0_100,2003,2,0,0,27.7
WINDOWPANE,WINDOWPANE_Survey_0_100,Survey_0_100,2004,2,0,0,27.7
WINDOWPANE,WINDOWPANE_Survey_0_100,Survey_0_100,2005,2,-4.420849830921725e-4,0,27.7
WINDOWPANE,WINDOWPANE_Survey_0_100,Survey_0_100,2006,2,0,0,27.7
WINDOWPANE,WINDOWPANE_Survey_0_100,Survey_0_100,2007,2,0,0,27.7
WINDOWPANE,WINDOWPANE_Survey_0_100,Survey_0_100,2008,2,0,0,27.7
WINDOWPANE,WINDOWPANE_Survey_0_100,Survey_0_100,2009,2,0,0,27.7
WINDOWPANE,WINDOWPANE_Survey_0_100,Survey_0_100,2010,2,-0.014512380998411345,0,27.7
WINDOWPANE,WINDOWPANE_Survey_0_100,Survey_0_100,2011,2,0,0,27.7
WINDOWPANE,WINDOWPANE_Survey_0_100,Survey_0_100,2012,2,-0.006427288046921831,0,27.7
WINDOWPANE,WINDOWPANE_Survey_0_100,Survey_0_100,2013,2,0,0,27.7
WINDOWPANE,WINDOWPANE_Survey_0_100,Survey_0_100,2014,2,0,0,27.7
WINDOWPANE,WINDOWPANE_Survey_0_100,Survey_0_100,2015,2,0,0,27.7
WINDOWPANE,WINDOWPANE_Survey_0_100,Survey_0_100,2016,2,-0.08106346334781733,0,27.7
WINDOWPANE,WINDOWPANE_Survey_0_100,Survey_0_100,2017,2,0,0,27.7
WINDOWPANE,WINDOWPANE_Survey_0_100,Survey_0_100,2018,2,-0.021871409862868063,0,27.7
WINDOWPANE,WINDOWPANE_Survey_0_100,Survey_0_100,2019,2,0,0,27.7
WINDOWPANE,WINDOWPANE_Survey_0_100,Survey_0_100,2020,2,-0.009482365319129826,0,27.7
WINDOWPANE,WINDOWPANE_Survey_0_100,Survey_0_100,2022,2,-0.2512857557734236,0,27.7
WINDOWPANE,WINDOWPANE_Survey_0_100,Survey_0_100,2023,2,-0.3919888927242994,0,27.7
WINDOWPANE,WINDOWPANE_Survey_0_100,Survey_0_100,2024,2,-0.06354761764158923,0,27.7
WINDOWPANE,WINDOWPANE_Survey_10_90,Survey_10_90,1959,2,0,4.37,19.16
WINDOWPANE,WINDOWPANE_Survey_10_90,Survey_10_90,1960,2,-1.7970046633230652,4.37,19.16
WINDOWPANE,WINDOWPANE_Survey_10_90,Survey_10_90,1961,2,0.3100913580399407,4.37,19.16
WINDOWPANE,WINDOWPANE_Survey_10_90,Survey_10_90,1962,2,0.9224763782101206,4.37,19.16
WINDOWPANE,WINDOWPANE_Survey_10_90,Survey_10_90,1963,2,4.365343113029397,4.37,19.16
WINDOWPANE,WINDOWPANE_Survey_10_90,Survey_10_90,1964,2,2.3985952144938665,4.37,19.16
WINDOWPANE,WINDOWPANE_Survey_10_90,Survey_10_90,1965,2,-14.464633477754958,4.37,19.16
WINDOWPANE,WINDOWPANE_Survey_10_90,Survey_10_90,1966,2,-5.997521107894414,4.37,19.16
WINDOWPANE,WINDOWPANE_Survey_10_90,Survey_10_90,1967,2,-7.848148100051034,4.37,19.16
WINDOWPANE,WINDOWPANE_Survey_10_90,Survey_10_90,1968,2,-11.502888630355102,4.37,19.16
WINDOWPANE,WINDOWPANE_Survey_10_90,Survey_10_90,1969,2,-5.629087209429969,4.37,19.16
WINDOWPANE,WINDOWPANE_Survey_10_90,Survey_10_90,1970,2,2.6105451141852427,4.37,19.16
WINDOWPANE,WINDOWPANE_Survey_10_90,Survey_10_90,1971,2,-0.3867224504296871,4.37,19.16
WINDOWPANE,WINDOWPANE_Survey_10_90,Survey_10_90,1972,2,8.655277872680585,4.37,19.16
WINDOWPANE,WINDOWPANE_Survey_10_90,Survey_10_90,1973,2,6.325103635733996,4.37,19.16
WINDOWPANE,WINDOWPANE_Survey_10_90,Survey_10_90,1974,2,15.869726269647842,4.37,19.16
WINDOWPANE,WINDOWPANE_Survey_10_90,Survey_10_90,1975,2,16.483124332542317,4.37,19.16
WINDOWPANE,WINDOWPANE_Survey_10_90,Survey_10_90,1976,2,18.775109239789884,4.37,19.16
WINDOWPANE,WINDOWPANE_Survey_10_90,Survey_10_90,1977,2,0.9760190255223335,4.37,19.16
WINDOWPANE,WINDOWPANE_Survey_10_90,Survey_10_90,1978,2,2.0752488559433004,4.37,19.16
WINDOWPANE,WINDOWPANE_Survey_10_90,Survey_10_90,1979,2,-2.8025143845328273,4.37,19.16
WINDOWPANE,WINDOWPANE_Survey_10_90,Survey_10_90,1980,2,-2.403791293409,4.37,19.16
WINDOWPANE,WINDOWPANE_Survey_10_90,Survey_10_90,1981,2,-0.7492565253821368,4.37,19.16
WINDOWPANE,WINDOWPANE_Survey_10_90,Survey_10_90,1982,2,-3.1154580306166224,4.37,19.16
WINDOWPANE,WINDOWPANE_Survey_10_90,Survey_10_90,1983,2,11.344267587867193,4.37,19.16
WINDOWPANE,WINDOWPANE_Survey_10_90,Survey_10_90,1984,2,10.076702718008136,4.37,19.16
WINDOWPANE,WINDOWPANE_Survey_10_90,Survey_10_90,1985,2,10.420471123037899,4.37,19.16
WINDOWPANE,WINDOWPANE_Survey_10_90,Survey_10_90,1986,2,11.921883067668986,4.37,19.16
WINDOWPANE,WINDOWPANE_Survey_10_90,Survey_10_90,1987,2,-1.699533708929664,4.37,19.16
WINDOWPANE,WINDOWPANE_Survey_10_90,Survey_10_90,1988,2,3.9538113781397044,4.37,19.16
WINDOWPANE,WINDOWPANE_Survey_10_90,Survey_10_90,1989,2,1.4702672216410804,4.37,19.16
WINDOWPANE,WINDOWPANE_Survey_10_90,Survey_10_90,1990,2,12.027979403292875,4.37,19.16
WINDOWPANE,WINDOWPANE_Survey_10_90,Survey_10_90,1991,2,17.580382469703537,4.37,19.16
WINDOWPANE,WINDOWPANE_Survey_10_90,Survey_10_90,1992,2,8.366409165097323,4.37,19.16
WINDOWPANE,WINDOWPANE_Survey_10_90,Survey_10_90,1993,2,-7.7895708396766,4.37,19.16
WINDOWPANE,WINDOWPANE_Survey_10_90,Survey_10_90,1994,2,2.4684642428689187,4.37,19.16
WINDOWPANE,WINDOWPANE_Survey_10_90,Survey_10_90,1995,2,10.801777196629445,4.37,19.16
WINDOWPANE,WINDOWPANE_Survey_10_90,Survey_10_90,1996,2,2.7683815366902422,4.37,19.16
WINDOWPANE,WINDOWPANE_Survey_10_90,Survey_10_90,1997,2,16.603329867704645,4.37,19.16
WINDOWPANE,WINDOWPANE_Survey_10_90,Survey_10_90,1998,2,18.17305620151538,4.37,19.16
WINDOWPANE,WINDOWPANE_Survey_10_90,Survey_10_90,1999,2,12.002963279267576,4.37,19.16
WINDOWPANE,WINDOWPANE_Survey_10_90,Survey_10_90,2000,2,20.09693131131793,4.37,19.16
WINDOWPANE,WINDOWPANE_Survey_10_90,Survey_10_90,2001,2,14.456581324118105,4.37,19.16
WINDOWPANE,WINDOWPANE_Survey_10_90,Survey_10_90,2002,2,18.231899596833273,4.37,19.16
WINDOWPANE,WINDOWPANE_Survey_10_90,Survey_10_90,2003,2,-3.2912562634463285,4.37,19.16
WINDOWPANE,WINDOWPANE_Survey_10_90,Survey_10_90,2004,2,-15.87845246426322,4.37,19.16
WINDOWPANE,WINDOWPANE_Survey_10_90,Survey_10_90,2005,2,-7.908715944916764,4.37,19.16
WINDOWPANE,WINDOWPANE_Survey_10_90,Survey_10_90,2006,2,16.089185614679707,4.37,19.16
WINDOWPANE,WINDOWPANE_Survey_10_90,Survey_10_90,2007,2,7.711414309781546,4.37,19.16
WINDOWPANE,WINDOWPANE_Survey_10_90,Survey_10_90,2008,2,15.932548831744768,4.37,19.16
WINDOWPANE,WINDOWPANE_Survey_10_90,Survey_10_90,2009,2,6.072922739131414,4.37,19.16
WINDOWPANE,WINDOWPANE_Survey_10_90,Survey_10_90,2010,2,13.204895055013807,4.37,19.16
WINDOWPANE,WINDOWPANE_Survey_10_90,Survey_10_90,2011,2,11.139204467271199,4.37,19.16
WINDOWPANE,WINDOWPANE_Survey_10_90,Survey_10_90,2012,2,17.360236390456663,4.37,19.16
WINDOWPANE,WINDOWPANE_Survey_10_90,Survey_10_90,2013,2,18.786324440293342,4.37,19.16
WINDOWPANE,WINDOWPANE_Survey_10_90,Survey_10_90,2014,2,3.514076702952238,4.37,19.16
WINDOWPANE,WINDOWPANE_Survey_10_90,Survey_10_90,2015,2,3.084384964225549,4.37,19.16
WINDOWPANE,WINDOWPANE_Survey_10_90,Survey_10_90,2016,2,14.576347324519432,4.37,19.16
WINDOWPANE,WINDOWPANE_Survey_10_90,Survey_10_90,2017,2,12.945927311943194,4.37,19.16
WINDOWPANE,WINDOWPANE_Survey_10_90,Survey_10_90,2018,2,15.704845181600263,4.37,19.16
WINDOWPANE,WINDOWPANE_Survey_10_90,Survey_10_90,2019,2,10.359421781753753,4.37,19.16
WINDOWPANE,WINDOWPANE_Survey_10_90,Survey_10_90,2020,2,15.96452859959767,4.37,19.16
WINDOWPANE,WINDOWPANE_Survey_10_90,Survey_10_90,2022,2,15.337025421968335,4.37,19.16
WINDOWPANE,WINDOWPANE_Survey_10_90,Survey_10_90,2023,2,14.186252828525738,4.37,19.16
WINDOWPANE,WINDOWPANE_Survey_10_90,Survey_10_90,2024,2,9.868943899790509,4.37,19.16
WINTER FLOUNDER,WINTER FLOUNDER_Lit_Opt_1,Lit_Opt_1,1959,2,0,5,15
WINTER FLOUNDER,WINTER FLOUNDER_Lit_Opt_1,Lit_Opt_1,1960,2,-2.935986940293958,5,15
WINTER FLOUNDER,WINTER FLOUNDER_Lit_Opt_1,Lit_Opt_1,1961,2,-10.34327434683609,5,15
WINTER FLOUNDER,WINTER FLOUNDER_Lit_Opt_1,Lit_Opt_1,1962,2,-0.5533681525776473,5,15
WINTER FLOUNDER,WINTER FLOUNDER_Lit_Opt_1,Lit_Opt_1,1963,2,4.026194070508531,5,15
WINTER FLOUNDER,WINTER FLOUNDER_Lit_Opt_1,Lit_Opt_1,1964,2,3.6205882026076424,5,15
WINTER FLOUNDER,WINTER FLOUNDER_Lit_Opt_1,Lit_Opt_1,1965,2,-10.76410373422437,5,15
WINTER FLOUNDER,WINTER FLOUNDER_Lit_Opt_1,Lit_Opt_1,1966,2,-2.9805337525750204,5,15
WINTER FLOUNDER,WINTER FLOUNDER_Lit_Opt_1,Lit_Opt_1,1967,2,-9.576455197311631,5,15
WINTER FLOUNDER,WINTER FLOUNDER_Lit_Opt_1,Lit_Opt_1,1968,2,-8.119812251708574,5,15
WINTER FLOUNDER,WINTER FLOUNDER_Lit_Opt_1,Lit_Opt_1,1969,2,-4.483458183542631,5,15
WINTER FLOUNDER,WINTER FLOUNDER_Lit_Opt_1,Lit_Opt_1,1970,2,10.588393105538081,5,15
WINTER FLOUNDER,WINTER FLOUNDER_Lit_Opt_1,Lit_Opt_1,1971,2,-2.509842610242238,5,15
WINTER FLOUNDER,WINTER FLOUNDER_Lit_Opt_1,Lit_Opt_1,1972,2,12.92759431002748,5,15
WINTER FLOUNDER,WINTER FLOUNDER_Lit_Opt_1,Lit_Opt_1,1973,2,7.795003958671963,5,15
WINTER FLOUNDER,WINTER FLOUNDER_Lit_Opt_1,Lit_Opt_1,1974,2,29.153298283074854,5,15
WINTER FLOUNDER,WINTER FLOUNDER_Lit_Opt_1,Lit_Opt_1,1975,2,13.371906679545553,5,15
WINTER FLOUNDER,WINTER FLOUNDER_Lit_Opt_1,Lit_Opt_1,1976,2,34.99723907173547,5,15
WINTER FLOUNDER,WINTER FLOUNDER_Lit_Opt_1,Lit_Opt_1,1977,2,0.524126101026873,5,15
WINTER FLOUNDER,WINTER FLOUNDER_Lit_Opt_1,Lit_Opt_1,1978,2,1.1557060560492687,5,15
WINTER FLOUNDER,WINTER FLOUNDER_Lit_Opt_1,Lit_Opt_1,1979,2,-2.8928064448853874,5,15
WINTER FLOUNDER,WINTER FLOUNDER_Lit_Opt_1,Lit_Opt_1,1980,2,2.8811017433382986,5,15
WINTER FLOUNDER,WINTER FLOUNDER_Lit_Opt_1,Lit_Opt_1,1981,2,4.947782305431247,5,15
WINTER FLOUNDER,WINTER FLOUNDER_Lit_Opt_1,Lit_Opt_1,1982,2,-1.2589343829236554,5,15
WINTER FLOUNDER,WINTER FLOUNDER_Lit_Opt_1,Lit_Opt_1,1983,2,17.529362759666107,5,15
WINTER FLOUNDER,WINTER FLOUNDER_Lit_Opt_1,Lit_Opt_1,1984,2,11.57966611281784,5,15
WINTER FLOUNDER,WINTER FLOUNDER_Lit_Opt_1,Lit_Opt_1,1985,2,11.457161782567233,5,15
WINTER FLOUNDER,WINTER FLOUNDER_Lit_Opt_1,Lit_Opt_1,1986,2,17.88867257354513,5,15
WINTER FLOUNDER,WINTER FLOUNDER_Lit_Opt_1,Lit_Opt_1,1987,2,1.4155820511547503,5,15
WINTER FLOUNDER,WINTER FLOUNDER_Lit_Opt_1,Lit_Opt_1,1988,2,11.74420697592523,5,15
WINTER FLOUNDER,WINTER FLOUNDER_Lit_Opt_1,Lit_Opt_1,1989,2,4.656192148863141,5,15
WINTER FLOUNDER,WINTER FLOUNDER_Lit_Opt_1,Lit_Opt_1,1990,2,19.898034568290704,5,15
WINTER FLOUNDER,WINTER FLOUNDER_Lit_Opt_1,Lit_Opt_1,1991,2,26.44115756123052,5,15
WINTER FLOUNDER,WINTER FLOUNDER_Lit_Opt_1,Lit_Opt_1,1992,2,6.90230705861056,5,15
WINTER FLOUNDER,WINTER FLOUNDER_Lit_Opt_1,Lit_Opt_1,1993,2,-6.038893839007599,5,15
WINTER FLOUNDER,WINTER FLOUNDER_Lit_Opt_1,Lit_Opt_1,1994,2,7.613264900929693,5,15
WINTER FLOUNDER,WINTER FLOUNDER_Lit_Opt_1,Lit_Opt_1,1995,2,20.886889907013263,5,15
WINTER FLOUNDER,WINTER FLOUNDER_Lit_Opt_1,Lit_Opt_1,1996,2,3.492423162232953,5,15
WINTER FLOUNDER,WINTER FLOUNDER_Lit_Opt_1,Lit_Opt_1,1997,2,27.98552775103824,5,15
WINTER FLOUNDER,WINTER FLOUNDER_Lit_Opt_1,Lit_Opt_1,1998,2,31.771982363369126,5,15
WINTER FLOUNDER,WINTER FLOUNDER_Lit_Opt_1,Lit_Opt_1,1999,2,15.988950129809233,5,15
WINTER FLOUNDER,WINTER FLOUNDER_Lit_Opt_1,Lit_Opt_1,2000,2,39.501400456537574,5,15
WINTER FLOUNDER,WINTER FLOUNDER_Lit_Opt_1,Lit_Opt_1,2001,2,16.763004922630778,5,15
WINTER FLOUNDER,WINTER FLOUNDER_Lit_Opt_1,Lit_Opt_1,2002,2,38.57175333112212,5,15
WINTER FLOUNDER,WINTER FLOUNDER_Lit_Opt_1,Lit_Opt_1,2003,2,1.4046712816894598,5,15
WINTER FLOUNDER,WINTER FLOUNDER_Lit_Opt_1,Lit_Opt_1,2004,2,-14.324465140305108,5,15
WINTER FLOUNDER,WINTER FLOUNDER_Lit_Opt_1,Lit_Opt_1,2005,2,-4.496697006266437,5,15
WINTER FLOUNDER,WINTER FLOUNDER_Lit_Opt_1,Lit_Opt_1,2006,2,26.91650614917301,5,15
WINTER FLOUNDER,WINTER FLOUNDER_Lit_Opt_1,Lit_Opt_1,2007,2,14.01251169448333,5,15
WINTER FLOUNDER,WINTER FLOUNDER_Lit_Opt_1,Lit_Opt_1,2008,2,23.09573292158462,5,15
WINTER FLOUNDER,WINTER FLOUNDER_Lit_Opt_1,Lit_Opt_1,2009,2,3.4127006715311907,5,15
WINTER FLOUNDER,WINTER FLOUNDER_Lit_Opt_1,Lit_Opt_1,2010,2,26.056701828710565,5,15
WINTER FLOUNDER,WINTER FLOUNDER_Lit_Opt_1,Lit_Opt_1,2011,2,22.33939484279535,5,15
WINTER FLOUNDER,WINTER FLOUNDER_Lit_Opt_1,Lit_Opt_1,2012,2,32.383853077743275,5,15
WINTER FLOUNDER,WINTER FLOUNDER_Lit_Opt_1,Lit_Opt_1,2013,2,24.820131242725147,5,15
WINTER FLOUNDER,WINTER FLOUNDER_Lit_Opt_1,Lit_Opt_1,2014,2,-5.408673546222566,5,15
WINTER FLOUNDER,WINTER FLOUNDER_Lit_Opt_1,Lit_Opt_1,2015,2,-3.2198770120299613,5,15
WINTER FLOUNDER,WINTER FLOUNDER_Lit_Opt_1,Lit_Opt_1,2016,2,27.7184154949962,5,15
WINTER FLOUNDER,WINTER FLOUNDER_Lit_Opt_1,Lit_Opt_1,2017,2,16.627254309337893,5,15
WINTER FLOUNDER,WINTER FLOUNDER_Lit_Opt_1,Lit_Opt_1,2018,2,22.65536569062379,5,15
WINTER FLOUNDER,WINTER FLOUNDER_Lit_Opt_1,Lit_Opt_1,2019,2,6.445332669092387,5,15
WINTER FLOUNDER,WINTER FLOUNDER_Lit_Opt_1,Lit_Opt_1,2020,2,36.05150766522684,5,15
WINTER FLOUNDER,WINTER FLOUNDER_Lit_Opt_1,Lit_Opt_1,2022,2,26.060654397946628,5,15
WINTER FLOUNDER,WINTER FLOUNDER_Lit_Opt_1,Lit_Opt_1,2023,2,32.194562465019196,5,15
WINTER FLOUNDER,WINTER FLOUNDER_Lit_Opt_1,Lit_Opt_1,2024,2,12.27368711154643,5,15
WINTER FLOUNDER,WINTER FLOUNDER_Lit_Stress_1,Lit_Stress_1,1959,2,0,22,37
WINTER FLOUNDER,WINTER FLOUNDER_Lit_Stress_1,Lit_Stress_1,1960,2,0,22,37
WINTER FLOUNDER,WINTER FLOUNDER_Lit_Stress_1,Lit_Stress_1,1961,2,0,22,37
WINTER FLOUNDER,WINTER FLOUNDER_Lit_Stress_1,Lit_Stress_1,1962,2,0.0012214049715760001,22,37
WINTER FLOUNDER,WINTER FLOUNDER_Lit_Stress_1,Lit_Stress_1,1963,2,0,22,37
WINTER FLOUNDER,WINTER FLOUNDER_Lit_Stress_1,Lit_Stress_1,1964,2,0,22,37
WINTER FLOUNDER,WINTER FLOUNDER_Lit_Stress_1,Lit_Stress_1,1965,2,0,22,37
WINTER FLOUNDER,WINTER FLOUNDER_Lit_Stress_1,Lit_Stress_1,1966,2,0,22,37
WINTER FLOUNDER,WINTER FLOUNDER_Lit_Stress_1,Lit_Stress_1,1967,2,0,22,37
WINTER FLOUNDER,WINTER FLOUNDER_Lit_Stress_1,Lit_Stress_1,1968,2,0,22,37
WINTER FLOUNDER,WINTER FLOUNDER_Lit_Stress_1,Lit_Stress_1,1969,2,0,22,37
WINTER FLOUNDER,WINTER FLOUNDER_Lit_Stress_1,Lit_Stress_1,1970,2,0,22,37
WINTER FLOUNDER,WINTER FLOUNDER_Lit_Stress_1,Lit_Stress_1,1971,2,0,22,37
WINTER FLOUNDER,WINTER FLOUNDER_Lit_Stress_1,Lit_Stress_1,1972,2,0.002304780111348568,22,37
WINTER FLOUNDER,WINTER FLOUNDER_Lit_Stress_1,Lit_Stress_1,1973,2,1.1523900556742842e-4,22,37
WINTER FLOUNDER,WINTER FLOUNDER_Lit_Stress_1,Lit_Stress_1,1974,2,0.0017016643119528837,22,37
WINTER FLOUNDER,WINTER FLOUNDER_Lit_Stress_1,Lit_Stress_1,1975,2,0,22,37
WINTER FLOUNDER,WINTER FLOUNDER_Lit_Stress_1,Lit_Stress_1,1976,2,0,22,37
WINTER FLOUNDER,WINTER FLOUNDER_Lit_Stress_1,Lit_Stress_1,1977,2,0,22,37
WINTER FLOUNDER,WINTER FLOUNDER_Lit_Stress_1,Lit_Stress_1,1978,2,0,22,37
WINTER FLOUNDER,WINTER FLOUNDER_Lit_Stress_1,Lit_Stress_1,1979,2,0,22,37
WINTER FLOUNDER,WINTER FLOUNDER_Lit_Stress_1,Lit_Stress_1,1980,2,0,22,37
WINTER FLOUNDER,WINTER FLOUNDER_Lit_Stress_1,Lit_Stress_1,1981,2,0.003589316943854428,22,37
WINTER FLOUNDER,WINTER FLOUNDER_Lit_Stress_1,Lit_Stress_1,1982,2,0,22,37
WINTER FLOUNDER,WINTER FLOUNDER_Lit_Stress_1,Lit_Stress_1,1983,2,0.002954005916733356,22,37
WINTER FLOUNDER,WINTER FLOUNDER_Lit_Stress_1,Lit_Stress_1,1984,2,0,22,37
WINTER FLOUNDER,WINTER FLOUNDER_Lit_Stress_1,Lit_Stress_1,1985,2,0.01925622625620181,22,37
WINTER FLOUNDER,WINTER FLOUNDER_Lit_Stress_1,Lit_Stress_1,1986,2,0.003710965382910956,22,37
WINTER FLOUNDER,WINTER FLOUNDER_Lit_Stress_1,Lit_Stress_1,1987,2,0,22,37
WINTER FLOUNDER,WINTER FLOUNDER_Lit_Stress_1,Lit_Stress_1,1988,2,0,22,37
WINTER FLOUNDER,WINTER FLOUNDER_Lit_Stress_1,Lit_Stress_1,1989,2,7.259305026178278e-4,22,37
WINTER FLOUNDER,WINTER FLOUNDER_Lit_Stress_1,Lit_Stress_1,1990,2,0.01722273889295588,22,37
WINTER FLOUNDER,WINTER FLOUNDER_Lit_Stress_1,Lit_Stress_1,1991,2,0.0022265792297465736,22,37
WINTER FLOUNDER,WINTER FLOUNDER_Lit_Stress_1,Lit_Stress_1,1992,2,0.001113020862954481,22,37
WINTER FLOUNDER,WINTER FLOUNDER_Lit_Stress_1,Lit_Stress_1,1993,2,0.032766681990310485,22,37
WINTER FLOUNDER,WINTER FLOUNDER_Lit_Stress_1,Lit_Stress_1,1994,2,0,22,37
WINTER FLOUNDER,WINTER FLOUNDER_Lit_Stress_1,Lit_Stress_1,1995,2,0.25743886902982394,22,37
WINTER FLOUNDER,WINTER FLOUNDER_Lit_Stress_1,Lit_Stress_1,1996,2,8.0836285351204e-4,22,37
WINTER FLOUNDER,WINTER FLOUNDER_Lit_Stress_1,Lit_Stress_1,1997,2,0,22,37
WINTER FLOUNDER,WINTER FLOUNDER_Lit_Stress_1,Lit_Stress_1,1998,2,0,22,37
WINTER FLOUNDER,WINTER FLOUNDER_Lit_Stress_1,Lit_Stress_1,1999,2,0.20161742076583575,22,37
WINTER FLOUNDER,WINTER FLOUNDER_Lit_Stress_1,Lit_Stress_1,2000,2,0.0075598933385715985,22,37
WINTER FLOUNDER,WINTER FLOUNDER_Lit_Stress_1,Lit_Stress_1,2001,2,0,22,37
WINTER FLOUNDER,WINTER FLOUNDER_Lit_Stress_1,Lit_Stress_1,2002,2,0.03567962036011143,22,37
WINTER FLOUNDER,WINTER FLOUNDER_Lit_Stress_1,Lit_Stress_1,2003,2,0.002214700511101953,22,37
WINTER FLOUNDER,WINTER FLOUNDER_Lit_Stress_1,Lit_Stress_1,2004,2,0,22,37
WINTER FLOUNDER,WINTER FLOUNDER_Lit_Stress_1,Lit_Stress_1,2005,2,0.005573352748776332,22,37
WINTER FLOUNDER,WINTER FLOUNDER_Lit_Stress_1,Lit_Stress_1,2006,2,0.07270718081386618,22,37
WINTER FLOUNDER,WINTER FLOUNDER_Lit_Stress_1,Lit_Stress_1,2007,2,6.950258985998285e-4,22,37
WINTER FLOUNDER,WINTER FLOUNDER_Lit_Stress_1,Lit_Stress_1,2008,2,0.003917061271812914,22,37
WINTER FLOUNDER,WINTER FLOUNDER_Lit_Stress_1,Lit_Stress_1,2009,2,0.07990782208096125,22,37
WINTER FLOUNDER,WINTER FLOUNDER_Lit_Stress_1,Lit_Stress_1,2010,2,0.025340147186349263,22,37
WINTER FLOUNDER,WINTER FLOUNDER_Lit_Stress_1,Lit_Stress_1,2011,2,0,22,37
WINTER FLOUNDER,WINTER FLOUNDER_Lit_Stress_1,Lit_Stress_1,2012,2,0.056518897074020205,22,37
WINTER FLOUNDER,WINTER FLOUNDER_Lit_Stress_1,Lit_Stress_1,2013,2,0,22,37
WINTER FLOUNDER,WINTER FLOUNDER_Lit_Stress_1,Lit_Stress_1,2014,2,0.3020502318379939,22,37
WINTER FLOUNDER,WINTER FLOUNDER_Lit_Stress_1,Lit_Stress_1,2015,2,0.5447608832393649,22,37
WINTER FLOUNDER,WINTER FLOUNDER_Lit_Stress_1,Lit_Stress_1,2016,2,0.4255047181838288,22,37
WINTER FLOUNDER,WINTER FLOUNDER_Lit_Stress_1,Lit_Stress_1,2017,2,0.011233541385931285,22,37
WINTER FLOUNDER,WINTER FLOUNDER_Lit_Stress_1,Lit_Stress_1,2018,2,0.35574349259228827,22,37
WINTER FLOUNDER,WINTER FLOUNDER_Lit_Stress_1,Lit_Stress_1,2019,2,0.12256762298591375,22,37
WINTER FLOUNDER,WINTER FLOUNDER_Lit_Stress_1,Lit_Stress_1,2020,2,0.17922571486436598,22,37
WINTER FLOUNDER,WINTER FLOUNDER_Lit_Stress_1,Lit_Stress_1,2022,2,0.3622154517446529,22,37
WINTER FLOUNDER,WINTER FLOUNDER_Lit_Stress_1,Lit_Stress_1,2023,2,0.0826935579448249,22,37
WINTER FLOUNDER,WINTER FLOUNDER_Lit_Stress_1,Lit_Stress_1,2024,2,0.011942842768157639,22,37
WINTER FLOUNDER,WINTER FLOUNDER_Survey_0_100,Survey_0_100,1959,2,0,1.23,23.6
WINTER FLOUNDER,WINTER FLOUNDER_Survey_0_100,Survey_0_100,1960,2,0,1.23,23.6
WINTER FLOUNDER,WINTER FLOUNDER_Survey_0_100,Survey_0_100,1961,2,0,1.23,23.6
WINTER FLOUNDER,WINTER FLOUNDER_Survey_0_100,Survey_0_100,1962,2,0,1.23,23.6
WINTER FLOUNDER,WINTER FLOUNDER_Survey_0_100,Survey_0_100,1963,2,0,1.23,23.6
WINTER FLOUNDER,WINTER FLOUNDER_Survey_0_100,Survey_0_100,1964,2,0,1.23,23.6
WINTER FLOUNDER,WINTER FLOUNDER_Survey_0_100,Survey_0_100,1965,2,0,1.23,23.6
WINTER FLOUNDER,WINTER FLOUNDER_Survey_0_100,Survey_0_100,1966,2,0,1.23,23.6
WINTER FLOUNDER,WINTER FLOUNDER_Survey_0_100,Survey_0_100,1967,2,0,1.23,23.6
WINTER FLOUNDER,WINTER FLOUNDER_Survey_0_100,Survey_0_100,1968,2,0,1.23,23.6
WINTER FLOUNDER,WINTER FLOUNDER_Survey_0_100,Survey_0_100,1969,2,0,1.23,23.6
WINTER FLOUNDER,WINTER FLOUNDER_Survey_0_100,Survey_0_100,1970,2,0,1.23,23.6
WINTER FLOUNDER,WINTER FLOUNDER_Survey_0_100,Survey_0_100,1971,2,0,1.23,23.6
WINTER FLOUNDER,WINTER FLOUNDER_Survey_0_100,Survey_0_100,1972,2,0,1.23,23.6
WINTER FLOUNDER,WINTER FLOUNDER_Survey_0_100,Survey_0_100,1973,2,0,1.23,23.6
WINTER FLOUNDER,WINTER FLOUNDER_Survey_0_100,Survey_0_100,1974,2,0,1.23,23.6
WINTER FLOUNDER,WINTER FLOUNDER_Survey_0_100,Survey_0_100,1975,2,0,1.23,23.6
WINTER FLOUNDER,WINTER FLOUNDER_Survey_0_100,Survey_0_100,1976,2,0,1.23,23.6
WINTER FLOUNDER,WINTER FLOUNDER_Survey_0_100,Survey_0_100,1977,2,0,1.23,23.6
WINTER FLOUNDER,WINTER FLOUNDER_Survey_0_100,Survey_0_100,1978,2,0,1.23,23.6
WINTER FLOUNDER,WINTER FLOUNDER_Survey_0_100,Survey_0_100,1979,2,0,1.23,23.6
WINTER FLOUNDER,WINTER FLOUNDER_Survey_0_100,Survey_0_100,1980,2,0,1.23,23.6
WINTER FLOUNDER,WINTER FLOUNDER_Survey_0_100,Survey_0_100,1981,2,0,1.23,23.6
WINTER FLOUNDER,WINTER FLOUNDER_Survey_0_100,Survey_0_100,1982,2,0,1.23,23.6
WINTER FLOUNDER,WINTER FLOUNDER_Survey_0_100,Survey_0_100,1983,2,0,1.23,23.6
WINTER FLOUNDER,WINTER FLOUNDER_Survey_0_100,Survey_0_100,1984,2,0,1.23,23.6
WINTER FLOUNDER,WINTER FLOUNDER_Survey_0_100,Survey_0_100,1985,2,-0.002595667140525393,1.23,23.6
WINTER FLOUNDER,WINTER FLOUNDER_Survey_0_100,Survey_0_100,1986,2,0,1.23,23.6
WINTER FLOUNDER,WINTER FLOUNDER_Survey_0_100,Survey_0_100,1987,2,0,1.23,23.6
WINTER FLOUNDER,WINTER FLOUNDER_Survey_0_100,Survey_0_100,1988,2,0,1.23,23.6
WINTER FLOUNDER,WINTER FLOUNDER_Survey_0_100,Survey_0_100,1989,2,0,1.23,23.6
WINTER FLOUNDER,WINTER FLOUNDER_Survey_0_100,Survey_0_100,1990,2,-7.416191830031948e-4,1.23,23.6
WINTER FLOUNDER,WINTER FLOUNDER_Survey_0_100,Survey_0_100,1991,2,0,1.23,23.6
WINTER FLOUNDER,WINTER FLOUNDER_Survey_0_100,Survey_0_100,1992,2,0,1.23,23.6
WINTER FLOUNDER,WINTER FLOUNDER_Survey_0_100,Survey_0_100,1993,2,0,1.23,23.6
WINTER FLOUNDER,WINTER FLOUNDER_Survey_0_100,Survey_0_100,1994,2,0,1.23,23.6
WINTER FLOUNDER,WINTER FLOUNDER_Survey_0_100,Survey_0_100,1995,2,-0.0527914791122015,1.23,23.6
WINTER FLOUNDER,WINTER FLOUNDER_Survey_0_100,Survey_0_100,1996,2,0,1.23,23.6
WINTER FLOUNDER,WINTER FLOUNDER_Survey_0_100,Survey_0_100,1997,2,0,1.23,23.6
WINTER FLOUNDER,WINTER FLOUNDER_Survey_0_100,Survey_0_100,1998,2,0,1.23,23.6
WINTER FLOUNDER,WINTER FLOUNDER_Survey_0_100,Survey_0_100,1999,2,0,1.23,23.6
WINTER FLOUNDER,WINTER FLOUNDER_Survey_0_100,Survey_0_100,2000,2,0,1.23,23.6
WINTER FLOUNDER,WINTER FLOUNDER_Survey_0_100,Survey_0_100,2001,2,0,1.23,23.6
WINTER FLOUNDER,WINTER FLOUNDER_Survey_0_100,Survey_0_100,2002,2,0,1.23,23.6
WINTER FLOUNDER,WINTER FLOUNDER_Survey_0_100,Survey_0_100,2003,2,0,1.23,23.6
WINTER FLOUNDER,WINTER FLOUNDER_Survey_0_100,Survey_0_100,2004,2,0,1.23,23.6
WINTER FLOUNDER,WINTER FLOUNDER_Survey_0_100,Survey_0_100,2005,2,0,1.23,23.6
WINTER FLOUNDER,WINTER FLOUNDER_Survey_0_100,Survey_0_100,2006,2,0,1.23,23.6
WINTER FLOUNDER,WINTER FLOUNDER_Survey_0_100,Survey_0_100,2007,2,0,1.23,23.6
WINTER FLOUNDER,WINTER FLOUNDER_Survey_0_100,Survey_0_100,2008,2,0,1.23,23.6
WINTER FLOUNDER,WINTER FLOUNDER_Survey_0_100,Survey_0_100,2009,2,0,1.23,23.6
WINTER FLOUNDER,WINTER FLOUNDER_Survey_0_100,Survey_0_100,2010,2,0,1.23,23.6
WINTER FLOUNDER,WINTER FLOUNDER_Survey_0_100,Survey_0_100,2011,2,0,1.23,23.6
WINTER FLOUNDER,WINTER FLOUNDER_Survey_0_100,Survey_0_100,2012,2,0,1.23,23.6
WINTER FLOUNDER,WINTER FLOUNDER_Survey_0_100,Survey_0_100,2013,2,0,1.23,23.6
WINTER FLOUNDER,WINTER FLOUNDER_Survey_0_100,Survey_0_100,2014,2,-0.004785571653613374,1.23,23.6
WINTER FLOUNDER,WINTER FLOUNDER_Survey_0_100,Survey_0_100,2015,2,-0.07025394683267905,1.23,23.6
WINTER FLOUNDER,WINTER FLOUNDER_Survey_0_100,Survey_0_100,2016,2,-0.06409364661445238,1.23,23.6
WINTER FLOUNDER,WINTER FLOUNDER_Survey_0_100,Survey_0_100,2017,2,0,1.23,23.6
WINTER FLOUNDER,WINTER FLOUNDER_Survey_0_100,Survey_0_100,2018,2,-0.02744856702527443,1.23,23.6
WINTER FLOUNDER,WINTER FLOUNDER_Survey_0_100,Survey_0_100,2019,2,0,1.23,23.6
WINTER FLOUNDER,WINTER FLOUNDER_Survey_0_100,Survey_0_100,2020,2,-0.036994104765369684,1.23,23.6
WINTER FLOUNDER,WINTER FLOUNDER_Survey_0_100,Survey_0_100,2022,2,-0.030308521210812955,1.23,23.6
WINTER FLOUNDER,WINTER FLOUNDER_Survey_0_100,Survey_0_100,2023,2,-0.0015350905407132132,1.23,23.6
WINTER FLOUNDER,WINTER FLOUNDER_Survey_0_100,Survey_0_100,2024,2,-0.00849804053598291,1.23,23.6
WINTER FLOUNDER,WINTER FLOUNDER_Survey_10_90,Survey_10_90,1959,2,0,3.9,14.506999999999998
WINTER FLOUNDER,WINTER FLOUNDER_Survey_10_90,Survey_10_90,1960,2,0.24875823633699667,3.9,14.506999999999998
WINTER FLOUNDER,WINTER FLOUNDER_Survey_10_90,Survey_10_90,1961,2,-8.590756221437061,3.9,14.506999999999998
WINTER FLOUNDER,WINTER FLOUNDER_Survey_10_90,Survey_10_90,1962,2,-3.670135813613129,3.9,14.506999999999998
WINTER FLOUNDER,WINTER FLOUNDER_Survey_10_90,Survey_10_90,1963,2,-2.7236343922250796,3.9,14.506999999999998
WINTER FLOUNDER,WINTER FLOUNDER_Survey_10_90,Survey_10_90,1964,2,-0.3833020282361872,3.9,14.506999999999998
WINTER FLOUNDER,WINTER FLOUNDER_Survey_10_90,Survey_10_90,1965,2,-12.310589145057605,3.9,14.506999999999998
WINTER FLOUNDER,WINTER FLOUNDER_Survey_10_90,Survey_10_90,1966,2,-0.2358103476495046,3.9,14.506999999999998
WINTER FLOUNDER,WINTER FLOUNDER_Survey_10_90,Survey_10_90,1967,2,-7.510436342584086,3.9,14.506999999999998
WINTER FLOUNDER,WINTER FLOUNDER_Survey_10_90,Survey_10_90,1968,2,-9.592198911371739,3.9,14.506999999999998
WINTER FLOUNDER,WINTER FLOUNDER_Survey_10_90,Survey_10_90,1969,2,-9.248974714305618,3.9,14.506999999999998
WINTER FLOUNDER,WINTER FLOUNDER_Survey_10_90,Survey_10_90,1970,2,6.992472383099155,3.9,14.506999999999998
WINTER FLOUNDER,WINTER FLOUNDER_Survey_10_90,Survey_10_90,1971,2,-4.039332359050562,3.9,14.506999999999998
WINTER FLOUNDER,WINTER FLOUNDER_Survey_10_90,Survey_10_90,1972,2,5.583713341366561,3.9,14.506999999999998
WINTER FLOUNDER,WINTER FLOUNDER_Survey_10_90,Survey_10_90,1973,2,1.8525058474123313,3.9,14.506999999999998
WINTER FLOUNDER,WINTER FLOUNDER_Survey_10_90,Survey_10_90,1974,2,11.28906077863148,3.9,14.506999999999998
WINTER FLOUNDER,WINTER FLOUNDER_Survey_10_90,Survey_10_90,1975,2,-1.2822725112407767,3.9,14.506999999999998
WINTER FLOUNDER,WINTER FLOUNDER_Survey_10_90,Survey_10_90,1976,2,17.234210178839675,3.9,14.506999999999998
WINTER FLOUNDER,WINTER FLOUNDER_Survey_10_90,Survey_10_90,1977,2,-8.434947991753603,3.9,14.506999999999998
WINTER FLOUNDER,WINTER FLOUNDER_Survey_10_90,Survey_10_90,1978,2,-1.6346083920135897,3.9,14.506999999999998
WINTER FLOUNDER,WINTER FLOUNDER_Survey_10_90,Survey_10_90,1979,2,-3.4483639281914975,3.9,14.506999999999998
WINTER FLOUNDER,WINTER FLOUNDER_Survey_10_90,Survey_10_90,1980,2,-1.1141377584266081,3.9,14.506999999999998
WINTER FLOUNDER,WINTER FLOUNDER_Survey_10_90,Survey_10_90,1981,2,2.5269536788556763,3.9,14.506999999999998
WINTER FLOUNDER,WINTER FLOUNDER_Survey_10_90,Survey_10_90,1982,2,-5.011321651589199,3.9,14.506999999999998
WINTER FLOUNDER,WINTER FLOUNDER_Survey_10_90,Survey_10_90,1983,2,3.5107519427006935,3.9,14.506999999999998
WINTER FLOUNDER,WINTER FLOUNDER_Survey_10_90,Survey_10_90,1984,2,5.754975918563801,3.9,14.506999999999998
WINTER FLOUNDER,WINTER FLOUNDER_Survey_10_90,Survey_10_90,1985,2,-2.428639051125373,3.9,14.506999999999998
WINTER FLOUNDER,WINTER FLOUNDER_Survey_10_90,Survey_10_90,1986,2,-0.29747963544119216,3.9,14.506999999999998
WINTER FLOUNDER,WINTER FLOUNDER_Survey_10_90,Survey_10_90,1987,2,-7.534791945868676,3.9,14.506999999999998
WINTER FLOUNDER,WINTER FLOUNDER_Survey_10_90,Survey_10_90,1988,2,5.915002950253054,3.9,14.506999999999998
WINTER FLOUNDER,WINTER FLOUNDER_Survey_10_90,Survey_10_90,1989,2,-6.817212070104645,3.9,14.506999999999998
WINTER FLOUNDER,WINTER FLOUNDER_Survey_10_90,Survey_10_90,1990,2,6.424941339480142,3.9,14.506999999999998
WINTER FLOUNDER,WINTER FLOUNDER_Survey_10_90,Survey_10_90,1991,2,5.8164347288018945,3.9,14.506999999999998
WINTER FLOUNDER,WINTER FLOUNDER_Survey_10_90,Survey_10_90,1992,2,1.982563687410405,3.9,14.506999999999998
WINTER FLOUNDER,WINTER FLOUNDER_Survey_10_90,Survey_10_90,1993,2,-4.557923749703164,3.9,14.506999999999998
WINTER FLOUNDER,WINTER FLOUNDER_Survey_10_90,Survey_10_90,1994,2,2.697038803755092,3.9,14.506999999999998
WINTER FLOUNDER,WINTER FLOUNDER_Survey_10_90,Survey_10_90,1995,2,2.1279061551886684,3.9,14.506999999999998
WINTER FLOUNDER,WINTER FLOUNDER_Survey_10_90,Survey_10_90,1996,2,8.019125625611835,3.9,14.506999999999998
WINTER FLOUNDER,WINTER FLOUNDER_Survey_10_90,Survey_10_90,1997,2,14.207118378792629,3.9,14.506999999999998
WINTER FLOUNDER,WINTER FLOUNDER_Survey_10_90,Survey_10_90,1998,2,15.821950950972536,3.9,14.506999999999998
WINTER FLOUNDER,WINTER FLOUNDER_Survey_10_90,Survey_10_90,1999,2,-4.203861488210009,3.9,14.506999999999998
WINTER FLOUNDER,WINTER FLOUNDER_Survey_10_90,Survey_10_90,2000,2,13.713768663658712,3.9,14.506999999999998
WINTER FLOUNDER,WINTER FLOUNDER_Survey_10_90,Survey_10_90,2001,2,4.254813660089951,3.9,14.506999999999998
WINTER FLOUNDER,WINTER FLOUNDER_Survey_10_90,Survey_10_90,2002,2,8.399154390618037,3.9,14.506999999999998
WINTER FLOUNDER,WINTER FLOUNDER_Survey_10_90,Survey_10_90,2003,2,1.3632068996055438,3.9,14.506999999999998
WINTER FLOUNDER,WINTER FLOUNDER_Survey_10_90,Survey_10_90,2004,2,-9.30701951753872,3.9,14.506999999999998
WINTER FLOUNDER,WINTER FLOUNDER_Survey_10_90,Survey_10_90,2005,2,-0.8550436033695519,3.9,14.506999999999998
WINTER FLOUNDER,WINTER FLOUNDER_Survey_10_90,Survey_10_90,2006,2,11.620732354232771,3.9,14.506999999999998
WINTER FLOUNDER,WINTER FLOUNDER_Survey_10_90,Survey_10_90,2007,2,9.899397215046108,3.9,14.506999999999998
WINTER FLOUNDER,WINTER FLOUNDER_Survey_10_90,Survey_10_90,2008,2,11.40224740056614,3.9,14.506999999999998
WINTER FLOUNDER,WINTER FLOUNDER_Survey_10_90,Survey_10_90,2009,2,-1.836482308591897,3.9,14.506999999999998
WINTER FLOUNDER,WINTER FLOUNDER_Survey_10_90,Survey_10_90,2010,2,12.543694011349146,3.9,14.506999999999998
WINTER FLOUNDER,WINTER FLOUNDER_Survey_10_90,Survey_10_90,2011,2,6.2527844590591855,3.9,14.506999999999998
WINTER FLOUNDER,WINTER FLOUNDER_Survey_10_90,Survey_10_90,2012,2,-0.16916620553651285,3.9,14.506999999999998
WINTER FLOUNDER,WINTER FLOUNDER_Survey_10_90,Survey_10_90,2013,2,-3.04832174191786,3.9,14.506999999999998
WINTER FLOUNDER,WINTER FLOUNDER_Survey_10_90,Survey_10_90,2014,2,-19.0063667714212,3.9,14.506999999999998
WINTER FLOUNDER,WINTER FLOUNDER_Survey_10_90,Survey_10_90,2015,2,-23.68385744535913,3.9,14.506999999999998
WINTER FLOUNDER,WINTER FLOUNDER_Survey_10_90,Survey_10_90,2016,2,-3.9188667310438916,3.9,14.506999999999998
WINTER FLOUNDER,WINTER FLOUNDER_Survey_10_90,Survey_10_90,2017,2,-5.853603260913829,3.9,14.506999999999998
WINTER FLOUNDER,WINTER FLOUNDER_Survey_10_90,Survey_10_90,2018,2,4.898010995420563,3.9,14.506999999999998
WINTER FLOUNDER,WINTER FLOUNDER_Survey_10_90,Survey_10_90,2019,2,-12.451469065474868,3.9,14.506999999999998
WINTER FLOUNDER,WINTER FLOUNDER_Survey_10_90,Survey_10_90,2020,2,6.1407972180199835,3.9,14.506999999999998
WINTER FLOUNDER,WINTER FLOUNDER_Survey_10_90,Survey_10_90,2022,2,-3.4796755472959973,3.9,14.506999999999998
WINTER FLOUNDER,WINTER FLOUNDER_Survey_10_90,Survey_10_90,2023,2,4.210849291145905,3.9,14.506999999999998
WINTER FLOUNDER,WINTER FLOUNDER_Survey_10_90,Survey_10_90,2024,2,-0.452595835583935,3.9,14.506999999999998
WINTER SKATE,WINTER SKATE_Survey_0_100,Survey_0_100,1959,2,0,0,23.6
WINTER SKATE,WINTER SKATE_Survey_0_100,Survey_0_100,1960,2,0,0,23.6
WINTER SKATE,WINTER SKATE_Survey_0_100,Survey_0_100,1961,2,0,0,23.6
WINTER SKATE,WINTER SKATE_Survey_0_100,Survey_0_100,1962,2,0,0,23.6
WINTER SKATE,WINTER SKATE_Survey_0_100,Survey_0_100,1963,2,0,0,23.6
WINTER SKATE,WINTER SKATE_Survey_0_100,Survey_0_100,1964,2,0,0,23.6
WINTER SKATE,WINTER SKATE_Survey_0_100,Survey_0_100,1965,2,0,0,23.6
WINTER SKATE,WINTER SKATE_Survey_0_100,Survey_0_100,1966,2,0,0,23.6
WINTER SKATE,WINTER SKATE_Survey_0_100,Survey_0_100,1967,2,0,0,23.6
WINTER SKATE,WINTER SKATE_Survey_0_100,Survey_0_100,1968,2,0,0,23.6
WINTER SKATE,WINTER SKATE_Survey_0_100,Survey_0_100,1969,2,0,0,23.6
WINTER SKATE,WINTER SKATE_Survey_0_100,Survey_0_100,1970,2,0,0,23.6
WINTER SKATE,WINTER SKATE_Survey_0_100,Survey_0_100,1971,2,0,0,23.6
WINTER SKATE,WINTER SKATE_Survey_0_100,Survey_0_100,1972,2,0,0,23.6
WINTER SKATE,WINTER SKATE_Survey_0_100,Survey_0_100,1973,2,0,0,23.6
WINTER SKATE,WINTER SKATE_Survey_0_100,Survey_0_100,1974,2,0,0,23.6
WINTER SKATE,WINTER SKATE_Survey_0_100,Survey_0_100,1975,2,0,0,23.6
WINTER SKATE,WINTER SKATE_Survey_0_100,Survey_0_100,1976,2,0,0,23.6
WINTER SKATE,WINTER SKATE_Survey_0_100,Survey_0_100,1977,2,0,0,23.6
WINTER SKATE,WINTER SKATE_Survey_0_100,Survey_0_100,1978,2,0,0,23.6
WINTER SKATE,WINTER SKATE_Survey_0_100,Survey_0_100,1979,2,0,0,23.6
WINTER SKATE,WINTER SKATE_Survey_0_100,Survey_0_100,1980,2,0,0,23.6
WINTER SKATE,WINTER SKATE_Survey_0_100,Survey_0_100,1981,2,0,0,23.6
WINTER SKATE,WINTER SKATE_Survey_0_100,Survey_0_100,1982,2,0,0,23.6
WINTER SKATE,WINTER SKATE_Survey_0_100,Survey_0_100,1983,2,0,0,23.6
WINTER SKATE,WINTER SKATE_Survey_0_100,Survey_0_100,1984,2,0,0,23.6
WINTER SKATE,WINTER SKATE_Survey_0_100,Survey_0_100,1985,2,0,0,23.6
WINTER SKATE,WINTER SKATE_Survey_0_100,Survey_0_100,1986,2,0,0,23.6
WINTER SKATE,WINTER SKATE_Survey_0_100,Survey_0_100,1987,2,0,0,23.6
WINTER SKATE,WINTER SKATE_Survey_0_100,Survey_0_100,1988,2,0,0,23.6
WINTER SKATE,WINTER SKATE_Survey_0_100,Survey_0_100,1989,2,0,0,23.6
WINTER SKATE,WINTER SKATE_Survey_0_100,Survey_0_100,1990,2,0,0,23.6
WINTER SKATE,WINTER SKATE_Survey_0_100,Survey_0_100,1991,2,0,0,23.6
WINTER SKATE,WINTER SKATE_Survey_0_100,Survey_0_100,1992,2,0,0,23.6
WINTER SKATE,WINTER SKATE_Survey_0_100,Survey_0_100,1993,2,0,0,23.6
WINTER SKATE,WINTER SKATE_Survey_0_100,Survey_0_100,1994,2,-0.0012719163774619346,0,23.6
WINTER SKATE,WINTER SKATE_Survey_0_100,Survey_0_100,1995,2,0,0,23.6
WINTER SKATE,WINTER SKATE_Survey_0_100,Survey_0_100,1996,2,0,0,23.6
WINTER SKATE,WINTER SKATE_Survey_0_100,Survey_0_100,1997,2,0,0,23.6
WINTER SKATE,WINTER SKATE_Survey_0_100,Survey_0_100,1998,2,0,0,23.6
WINTER SKATE,WINTER SKATE_Survey_0_100,Survey_0_100,1999,2,0,0,23.6
WINTER SKATE,WINTER SKATE_Survey_0_100,Survey_0_100,2000,2,0,0,23.6
WINTER SKATE,WINTER SKATE_Survey_0_100,Survey_0_100,2001,2,0,0,23.6
WINTER SKATE,WINTER SKATE_Survey_0_100,Survey_0_100,2002,2,-4.233387290213386e-4,0,23.6
WINTER SKATE,WINTER SKATE_Survey_0_100,Survey_0_100,2003,2,0,0,23.6
WINTER SKATE,WINTER SKATE_Survey_0_100,Survey_0_100,2004,2,0,0,23.6
WINTER SKATE,WINTER SKATE_Survey_0_100,Survey_0_100,2005,2,0,0,23.6
WINTER SKATE,WINTER SKATE_Survey_0_100,Survey_0_100,2006,2,0,0,23.6
WINTER SKATE,WINTER SKATE_Survey_0_100,Survey_0_100,2007,2,0,0,23.6
WINTER SKATE,WINTER SKATE_Survey_0_100,Survey_0_100,2008,2,0,0,23.6
WINTER SKATE,WINTER SKATE_Survey_0_100,Survey_0_100,2009,2,0,0,23.6
WINTER SKATE,WINTER SKATE_Survey_0_100,Survey_0_100,2010,2,0,0,23.6
WINTER SKATE,WINTER SKATE_Survey_0_100,Survey_0_100,2011,2,0,0,23.6
WINTER SKATE,WINTER SKATE_Survey_0_100,Survey_0_100,2012,2,-0.0011273346539582008,0,23.6
WINTER SKATE,WINTER SKATE_Survey_0_100,Survey_0_100,2013,2,0,0,23.6
WINTER SKATE,WINTER SKATE_Survey_0_100,Survey_0_100,2014,2,0,0,23.6
WINTER SKATE,WINTER SKATE_Survey_0_100,Survey_0_100,2015,2,-0.0482032893840767,0,23.6
WINTER SKATE,WINTER SKATE_Survey_0_100,Survey_0_100,2016,2,0,0,23.6
WINTER SKATE,WINTER SKATE_Survey_0_100,Survey_0_100,2017,2,0,0,23.6
WINTER SKATE,WINTER SKATE_Survey_0_100,Survey_0_100,2018,2,-0.023558607574926782,0,23.6
WINTER SKATE,WINTER SKATE_Survey_0_100,Survey_0_100,2019,2,-0.002963451542314033,0,23.6
WINTER SKATE,WINTER SKATE_Survey_0_100,Survey_0_100,2020,2,0,0,23.6
WINTER SKATE,WINTER SKATE_Survey_0_100,Survey_0_100,2022,2,-0.06228325335494844,0,23.6
WINTER SKATE,WINTER SKATE_Survey_0_100,Survey_0_100,2023,2,-0.020658593883467802,0,23.6
WINTER SKATE,WINTER SKATE_Survey_0_100,Survey_0_100,2024,2,-0.035806786176777905,0,23.6
WINTER SKATE,WINTER SKATE_Survey_10_90,Survey_10_90,1959,2,0,4.272000000000001,15.200000000000001
WINTER SKATE,WINTER SKATE_Survey_10_90,Survey_10_90,1960,2,-1.5088153332730485,4.272000000000001,15.200000000000001
WINTER SKATE,WINTER SKATE_Survey_10_90,Survey_10_90,1961,2,-3.9897477416893565,4.272000000000001,15.200000000000001
WINTER SKATE,WINTER SKATE_Survey_10_90,Survey_10_90,1962,2,-0.2639157749575105,4.272000000000001,15.200000000000001
WINTER SKATE,WINTER SKATE_Survey_10_90,Survey_10_90,1963,2,-0.7328366388341863,4.272000000000001,15.200000000000001
WINTER SKATE,WINTER SKATE_Survey_10_90,Survey_10_90,1964,2,0.1914449214097118,4.272000000000001,15.200000000000001
WINTER SKATE,WINTER SKATE_Survey_10_90,Survey_10_90,1965,2,-11.799059922434466,4.272000000000001,15.200000000000001
WINTER SKATE,WINTER SKATE_Survey_10_90,Survey_10_90,1966,2,-3.331569559878062,4.272000000000001,15.200000000000001
WINTER SKATE,WINTER SKATE_Survey_10_90,Survey_10_90,1967,2,-6.266161761417763,4.272000000000001,15.200000000000001
WINTER SKATE,WINTER SKATE_Survey_10_90,Survey_10_90,1968,2,-11.626639716675044,4.272000000000001,15.200000000000001
WINTER SKATE,WINTER SKATE_Survey_10_90,Survey_10_90,1969,2,-6.593756370600275,4.272000000000001,15.200000000000001
WINTER SKATE,WINTER SKATE_Survey_10_90,Survey_10_90,1970,2,3.544896321573745,4.272000000000001,15.200000000000001
WINTER SKATE,WINTER SKATE_Survey_10_90,Survey_10_90,1971,2,-2.101313103911167,4.272000000000001,15.200000000000001
WINTER SKATE,WINTER SKATE_Survey_10_90,Survey_10_90,1972,2,7.164911762214217,4.272000000000001,15.200000000000001
WINTER SKATE,WINTER SKATE_Survey_10_90,Survey_10_90,1973,2,4.972748236566275,4.272000000000001,15.200000000000001
WINTER SKATE,WINTER SKATE_Survey_10_90,Survey_10_90,1974,2,11.998066222392751,4.272000000000001,15.200000000000001
WINTER SKATE,WINTER SKATE_Survey_10_90,Survey_10_90,1975,2,2.815328572632481,4.272000000000001,15.200000000000001
WINTER SKATE,WINTER SKATE_Survey_10_90,Survey_10_90,1976,2,15.061476245020302,4.272000000000001,15.200000000000001
WINTER SKATE,WINTER SKATE_Survey_10_90,Survey_10_90,1977,2,-4.548308398379106,4.272000000000001,15.200000000000001
WINTER SKATE,WINTER SKATE_Survey_10_90,Survey_10_90,1978,2,-1.3153705928563681,4.272000000000001,15.200000000000001
WINTER SKATE,WINTER SKATE_Survey_10_90,Survey_10_90,1979,2,-3.493954448653966,4.272000000000001,15.200000000000001
WINTER SKATE,WINTER SKATE_Survey_10_90,Survey_10_90,1980,2,-2.5957430433304154,4.272000000000001,15.200000000000001
WINTER SKATE,WINTER SKATE_Survey_10_90,Survey_10_90,1981,2,-0.3368869258813447,4.272000000000001,15.200000000000001
WINTER SKATE,WINTER SKATE_Survey_10_90,Survey_10_90,1982,2,-4.483704396530186,4.272000000000001,15.200000000000001
WINTER SKATE,WINTER SKATE_Survey_10_90,Survey_10_90,1983,2,8.040845946015963,4.272000000000001,15.200000000000001
WINTER SKATE,WINTER SKATE_Survey_10_90,Survey_10_90,1984,2,5.8967498664278395,4.272000000000001,15.200000000000001
WINTER SKATE,WINTER SKATE_Survey_10_90,Survey_10_90,1985,2,0.9536733439689584,4.272000000000001,15.200000000000001
WINTER SKATE,WINTER SKATE_Survey_10_90,Survey_10_90,1986,2,5.167815907317703,4.272000000000001,15.200000000000001
WINTER SKATE,WINTER SKATE_Survey_10_90,Survey_10_90,1987,2,-3.1729484458966937,4.272000000000001,15.200000000000001
WINTER SKATE,WINTER SKATE_Survey_10_90,Survey_10_90,1988,2,3.9680857887329353,4.272000000000001,15.200000000000001
WINTER SKATE,WINTER SKATE_Survey_10_90,Survey_10_90,1989,2,0.8060763563105837,4.272000000000001,15.200000000000001
WINTER SKATE,WINTER SKATE_Survey_10_90,Survey_10_90,1990,2,7.755477639940992,4.272000000000001,15.200000000000001
WINTER SKATE,WINTER SKATE_Survey_10_90,Survey_10_90,1991,2,10.034166559905955,4.272000000000001,15.200000000000001
WINTER SKATE,WINTER SKATE_Survey_10_90,Survey_10_90,1992,2,4.681164924054414,4.272000000000001,15.200000000000001
WINTER SKATE,WINTER SKATE_Survey_10_90,Survey_10_90,1993,2,-5.878095281100997,4.272000000000001,15.200000000000001
WINTER SKATE,WINTER SKATE_Survey_10_90,Survey_10_90,1994,2,0.5829920790916532,4.272000000000001,15.200000000000001
WINTER SKATE,WINTER SKATE_Survey_10_90,Survey_10_90,1995,2,5.202058424188337,4.272000000000001,15.200000000000001
WINTER SKATE,WINTER SKATE_Survey_10_90,Survey_10_90,1996,2,2.7809902140067067,4.272000000000001,15.200000000000001
WINTER SKATE,WINTER SKATE_Survey_10_90,Survey_10_90,1997,2,10.728854985453466,4.272000000000001,15.200000000000001
WINTER SKATE,WINTER SKATE_Survey_10_90,Survey_10_90,1998,2,12.808676164919802,4.272000000000001,15.200000000000001
WINTER SKATE,WINTER SKATE_Survey_10_90,Survey_10_90,1999,2,3.8396636986047383,4.272000000000001,15.200000000000001
WINTER SKATE,WINTER SKATE_Survey_10_90,Survey_10_90,2000,2,13.606653625530157,4.272000000000001,15.200000000000001
WINTER SKATE,WINTER SKATE_Survey_10_90,Survey_10_90,2001,2,6.974099542238818,4.272000000000001,15.200000000000001
WINTER SKATE,WINTER SKATE_Survey_10_90,Survey_10_90,2002,2,10.029418008457966,4.272000000000001,15.200000000000001
WINTER SKATE,WINTER SKATE_Survey_10_90,Survey_10_90,2003,2,0.7061969548350646,4.272000000000001,15.200000000000001
WINTER SKATE,WINTER SKATE_Survey_10_90,Survey_10_90,2004,2,-11.519298480562938,4.272000000000001,15.200000000000001
WINTER SKATE,WINTER SKATE_Survey_10_90,Survey_10_90,2005,2,-5.040732392791313,4.272000000000001,15.200000000000001
WINTER SKATE,WINTER SKATE_Survey_10_90,Survey_10_90,2006,2,11.781313913957703,4.272000000000001,15.200000000000001
WINTER SKATE,WINTER SKATE_Survey_10_90,Survey_10_90,2007,2,6.641394178592023,4.272000000000001,15.200000000000001
WINTER SKATE,WINTER SKATE_Survey_10_90,Survey_10_90,2008,2,12.145548240780599,4.272000000000001,15.200000000000001
WINTER SKATE,WINTER SKATE_Survey_10_90,Survey_10_90,2009,2,-0.29858823736918794,4.272000000000001,15.200000000000001
WINTER SKATE,WINTER SKATE_Survey_10_90,Survey_10_90,2010,2,9.732085283058524,4.272000000000001,15.200000000000001
WINTER SKATE,WINTER SKATE_Survey_10_90,Survey_10_90,2011,2,6.05841212193495,4.272000000000001,15.200000000000001
WINTER SKATE,WINTER SKATE_Survey_10_90,Survey_10_90,2012,2,2.7883457834180376,4.272000000000001,15.200000000000001
WINTER SKATE,WINTER SKATE_Survey_10_90,Survey_10_90,2013,2,1.7594306374311515,4.272000000000001,15.200000000000001
WINTER SKATE,WINTER SKATE_Survey_10_90,Survey_10_90,2014,2,-13.40922396432677,4.272000000000001,15.200000000000001
WINTER SKATE,WINTER SKATE_Survey_10_90,Survey_10_90,2015,2,-15.663633606231443,4.272000000000001,15.200000000000001
WINTER SKATE,WINTER SKATE_Survey_10_90,Survey_10_90,2016,2,-0.11136616232963092,4.272000000000001,15.200000000000001
WINTER SKATE,WINTER SKATE_Survey_10_90,Survey_10_90,2017,2,0.46155593163044273,4.272000000000001,15.200000000000001
WINTER SKATE,WINTER SKATE_Survey_10_90,Survey_10_90,2018,2,6.997962253121443,4.272000000000001,15.200000000000001
WINTER SKATE,WINTER SKATE_Survey_10_90,Survey_10_90,2019,2,-7.8198633314881505,4.272000000000001,15.200000000000001
WINTER SKATE,WINTER SKATE_Survey_10_90,Survey_10_90,2020,2,7.768844952858956,4.272000000000001,15.200000000000001
WINTER SKATE,WINTER SKATE_Survey_10_90,Survey_10_90,2022,2,-1.1201690741865917,4.272000000000001,15.200000000000001
WINTER SKATE,WINTER SKATE_Survey_10_90,Survey_10_90,2023,2,6.262622085723649,4.272000000000001,15.200000000000001
WINTER SKATE,WINTER SKATE_Survey_10_90,Survey_10_90,2024,2,0.09623976300777315,4.272000000000001,15.200000000000001
WITCH FLOUNDER,WITCH FLOUNDER_Survey_0_100,Survey_0_100,1959,2,0,0,19.1
WITCH FLOUNDER,WITCH FLOUNDER_Survey_0_100,Survey_0_100,1960,2,0,0,19.1
WITCH FLOUNDER,WITCH FLOUNDER_Survey_0_100,Survey_0_100,1961,2,0,0,19.1
WITCH FLOUNDER,WITCH FLOUNDER_Survey_0_100,Survey_0_100,1962,2,0,0,19.1
WITCH FLOUNDER,WITCH FLOUNDER_Survey_0_100,Survey_0_100,1963,2,0,0,19.1
WITCH FLOUNDER,WITCH FLOUNDER_Survey_0_100,Survey_0_100,1964,2,0,0,19.1
WITCH FLOUNDER,WITCH FLOUNDER_Survey_0_100,Survey_0_100,1965,2,0,0,19.1
WITCH FLOUNDER,WITCH FLOUNDER_Survey_0_100,Survey_0_100,1966,2,0,0,19.1
WITCH FLOUNDER,WITCH FLOUNDER_Survey_0_100,Survey_0_100,1967,2,0,0,19.1
WITCH FLOUNDER,WITCH FLOUNDER_Survey_0_100,Survey_0_100,1968,2,0,0,19.1
WITCH FLOUNDER,WITCH FLOUNDER_Survey_0_100,Survey_0_100,1969,2,0,0,19.1
WITCH FLOUNDER,WITCH FLOUNDER_Survey_0_100,Survey_0_100,1970,2,0,0,19.1
WITCH FLOUNDER,WITCH FLOUNDER_Survey_0_100,Survey_0_100,1971,2,0,0,19.1
WITCH FLOUNDER,WITCH FLOUNDER_Survey_0_100,Survey_0_100,1972,2,0,0,19.1
WITCH FLOUNDER,WITCH FLOUNDER_Survey_0_100,Survey_0_100,1973,2,0,0,19.1
WITCH FLOUNDER,WITCH FLOUNDER_Survey_0_100,Survey_0_100,1974,2,0,0,19.1
WITCH FLOUNDER,WITCH FLOUNDER_Survey_0_100,Survey_0_100,1975,2,-0.009673156555635387,0,19.1
WITCH FLOUNDER,WITCH FLOUNDER_Survey_0_100,Survey_0_100,1976,2,0,0,19.1
WITCH FLOUNDER,WITCH FLOUNDER_Survey_0_100,Survey_0_100,1977,2,0,0,19.1
WITCH FLOUNDER,WITCH FLOUNDER_Survey_0_100,Survey_0_100,1978,2,0,0,19.1
WITCH FLOUNDER,WITCH FLOUNDER_Survey_0_100,Survey_0_100,1979,2,0,0,19.1
WITCH FLOUNDER,WITCH FLOUNDER_Survey_0_100,Survey_0_100,1980,2,0,0,19.1
WITCH FLOUNDER,WITCH FLOUNDER_Survey_0_100,Survey_0_100,1981,2,0,0,19.1
WITCH FLOUNDER,WITCH FLOUNDER_Survey_0_100,Survey_0_100,1982,2,0,0,19.1
WITCH FLOUNDER,WITCH FLOUNDER_Survey_0_100,Survey_0_100,1983,2,0,0,19.1
WITCH FLOUNDER,WITCH FLOUNDER_Survey_0_100,Survey_0_100,1984,2,0,0,19.1
WITCH FLOUNDER,WITCH FLOUNDER_Survey_0_100,Survey_0_100,1985,2,-0.005541064944054597,0,19.1
WITCH FLOUNDER,WITCH FLOUNDER_Survey_0_100,Survey_0_100,1986,2,0,0,19.1
WITCH FLOUNDER,WITCH FLOUNDER_Survey_0_100,Survey_0_100,1987,2,0,0,19.1
WITCH FLOUNDER,WITCH FLOUNDER_Survey_0_100,Survey_0_100,1988,2,0,0,19.1
WITCH FLOUNDER,WITCH FLOUNDER_Survey_0_100,Survey_0_100,1989,2,0,0,19.1
WITCH FLOUNDER,WITCH FLOUNDER_Survey_0_100,Survey_0_100,1990,2,0,0,19.1
WITCH FLOUNDER,WITCH FLOUNDER_Survey_0_100,Survey_0_100,1991,2,-0.008573484925108232,0,19.1
WITCH FLOUNDER,WITCH FLOUNDER_Survey_0_100,Survey_0_100,1992,2,0,0,19.1
WITCH FLOUNDER,WITCH FLOUNDER_Survey_0_100,Survey_0_100,1993,2,0,0,19.1
WITCH FLOUNDER,WITCH FLOUNDER_Survey_0_100,Survey_0_100,1994,2,0,0,19.1
WITCH FLOUNDER,WITCH FLOUNDER_Survey_0_100,Survey_0_100,1995,2,0,0,19.1
WITCH FLOUNDER,WITCH FLOUNDER_Survey_0_100,Survey_0_100,1996,2,0,0,19.1
WITCH FLOUNDER,WITCH FLOUNDER_Survey_0_100,Survey_0_100,1997,2,0,0,19.1
WITCH FLOUNDER,WITCH FLOUNDER_Survey_0_100,Survey_0_100,1998,2,0,0,19.1
WITCH FLOUNDER,WITCH FLOUNDER_Survey_0_100,Survey_0_100,1999,2,0,0,19.1
WITCH FLOUNDER,WITCH FLOUNDER_Survey_0_100,Survey_0_100,2000,2,0,0,19.1
WITCH FLOUNDER,WITCH FLOUNDER_Survey_0_100,Survey_0_100,2001,2,0,0,19.1
WITCH FLOUNDER,WITCH FLOUNDER_Survey_0_100,Survey_0_100,2002,2,0,0,19.1
WITCH FLOUNDER,WITCH FLOUNDER_Survey_0_100,Survey_0_100,2003,2,0,0,19.1
WITCH FLOUNDER,WITCH FLOUNDER_Survey_0_100,Survey_0_100,2004,2,0,0,19.1
WITCH FLOUNDER,WITCH FLOUNDER_Survey_0_100,Survey_0_100,2005,2,0,0,19.1
WITCH FLOUNDER,WITCH FLOUNDER_Survey_0_100,Survey_0_100,2006,2,0,0,19.1
WITCH FLOUNDER,WITCH FLOUNDER_Survey_0_100,Survey_0_100,2007,2,0,0,19.1
WITCH FLOUNDER,WITCH FLOUNDER_Survey_0_100,Survey_0_100,2008,2,0,0,19.1
WITCH FLOUNDER,WITCH FLOUNDER_Survey_0_100,Survey_0_100,2009,2,-0.01362687805067253,0,19.1
WITCH FLOUNDER,WITCH FLOUNDER_Survey_0_100,Survey_0_100,2010,2,0,0,19.1
WITCH FLOUNDER,WITCH FLOUNDER_Survey_0_100,Survey_0_100,2011,2,0,0,19.1
WITCH FLOUNDER,WITCH FLOUNDER_Survey_0_100,Survey_0_100,2012,2,0,0,19.1
WITCH FLOUNDER,WITCH FLOUNDER_Survey_0_100,Survey_0_100,2013,2,0,0,19.1
WITCH FLOUNDER,WITCH FLOUNDER_Survey_0_100,Survey_0_100,2014,2,-0.12661267846695523,0,19.1
WITCH FLOUNDER,WITCH FLOUNDER_Survey_0_100,Survey_0_100,2015,2,-9.344243389648454e-4,0,19.1
WITCH FLOUNDER,WITCH FLOUNDER_Survey_0_100,Survey_0_100,2016,2,-0.2868149548826011,0,19.1
WITCH FLOUNDER,WITCH FLOUNDER_Survey_0_100,Survey_0_100,2017,2,0,0,19.1
WITCH FLOUNDER,WITCH FLOUNDER_Survey_0_100,Survey_0_100,2018,2,0,0,19.1
WITCH FLOUNDER,WITCH FLOUNDER_Survey_0_100,Survey_0_100,2019,2,-0.10290905719749333,0,19.1
WITCH FLOUNDER,WITCH FLOUNDER_Survey_0_100,Survey_0_100,2020,2,0,0,19.1
WITCH FLOUNDER,WITCH FLOUNDER_Survey_0_100,Survey_0_100,2022,2,0,0,19.1
WITCH FLOUNDER,WITCH FLOUNDER_Survey_0_100,Survey_0_100,2023,2,0,0,19.1
WITCH FLOUNDER,WITCH FLOUNDER_Survey_0_100,Survey_0_100,2024,2,-4.2402395466467624e-4,0,19.1
WITCH FLOUNDER,WITCH FLOUNDER_Survey_10_90,Survey_10_90,1959,2,0,4.79,10.370000000000001
WITCH FLOUNDER,WITCH FLOUNDER_Survey_10_90,Survey_10_90,1960,2,-9.83176279397641,4.79,10.370000000000001
WITCH FLOUNDER,WITCH FLOUNDER_Survey_10_90,Survey_10_90,1961,2,-6.630933157483511,4.79,10.370000000000001
WITCH FLOUNDER,WITCH FLOUNDER_Survey_10_90,Survey_10_90,1962,2,-20.249321341659154,4.79,10.370000000000001
WITCH FLOUNDER,WITCH FLOUNDER_Survey_10_90,Survey_10_90,1963,2,-1.8127600955969854,4.79,10.370000000000001
WITCH FLOUNDER,WITCH FLOUNDER_Survey_10_90,Survey_10_90,1964,2,3.1919739071814632,4.79,10.370000000000001
WITCH FLOUNDER,WITCH FLOUNDER_Survey_10_90,Survey_10_90,1965,2,-1.6611836077203321,4.79,10.370000000000001
WITCH FLOUNDER,WITCH FLOUNDER_Survey_10_90,Survey_10_90,1966,2,8.32712304389949,4.79,10.370000000000001
WITCH FLOUNDER,WITCH FLOUNDER_Survey_10_90,Survey_10_90,1967,2,-5.087000993026564,4.79,10.370000000000001
WITCH FLOUNDER,WITCH FLOUNDER_Survey_10_90,Survey_10_90,1968,2,-9.507663811101487,4.79,10.370000000000001
WITCH FLOUNDER,WITCH FLOUNDER_Survey_10_90,Survey_10_90,1969,2,-29.384303620468287,4.79,10.370000000000001
WITCH FLOUNDER,WITCH FLOUNDER_Survey_10_90,Survey_10_90,1970,2,6.431171058111744,4.79,10.370000000000001
WITCH FLOUNDER,WITCH FLOUNDER_Survey_10_90,Survey_10_90,1971,2,-5.823296186938634,4.79,10.370000000000001
WITCH FLOUNDER,WITCH FLOUNDER_Survey_10_90,Survey_10_90,1972,2,-2.8145903569533175,4.79,10.370000000000001
WITCH FLOUNDER,WITCH FLOUNDER_Survey_10_90,Survey_10_90,1973,2,-8.621843673490915,4.79,10.370000000000001
WITCH FLOUNDER,WITCH FLOUNDER_Survey_10_90,Survey_10_90,1974,2,-4.62236258553871,4.79,10.370000000000001
WITCH FLOUNDER,WITCH FLOUNDER_Survey_10_90,Survey_10_90,1975,2,1.3521941883163322,4.79,10.370000000000001
WITCH FLOUNDER,WITCH FLOUNDER_Survey_10_90,Survey_10_90,1976,2,0.889701907970661,4.79,10.370000000000001
WITCH FLOUNDER,WITCH FLOUNDER_Survey_10_90,Survey_10_90,1977,2,-11.078000851968,4.79,10.370000000000001
WITCH FLOUNDER,WITCH FLOUNDER_Survey_10_90,Survey_10_90,1978,2,-11.54818542002873,4.79,10.370000000000001
WITCH FLOUNDER,WITCH FLOUNDER_Survey_10_90,Survey_10_90,1979,2,-11.211155502374169,4.79,10.370000000000001
WITCH FLOUNDER,WITCH FLOUNDER_Survey_10_90,Survey_10_90,1980,2,-11.164889629433631,4.79,10.370000000000001
WITCH FLOUNDER,WITCH FLOUNDER_Survey_10_90,Survey_10_90,1981,2,-10.212937452435483,4.79,10.370000000000001
WITCH FLOUNDER,WITCH FLOUNDER_Survey_10_90,Survey_10_90,1982,2,-13.365544856016868,4.79,10.370000000000001
WITCH FLOUNDER,WITCH FLOUNDER_Survey_10_90,Survey_10_90,1983,2,-1.8132208566170078,4.79,10.370000000000001
WITCH FLOUNDER,WITCH FLOUNDER_Survey_10_90,Survey_10_90,1984,2,4.288753578291406,4.79,10.370000000000001
WITCH FLOUNDER,WITCH FLOUNDER_Survey_10_90,Survey_10_90,1985,2,-7.145188500205862,4.79,10.370000000000001
WITCH FLOUNDER,WITCH FLOUNDER_Survey_10_90,Survey_10_90,1986,2,-7.987158372676774,4.79,10.370000000000001
WITCH FLOUNDER,WITCH FLOUNDER_Survey_10_90,Survey_10_90,1987,2,-10.467445638894617,4.79,10.370000000000001
WITCH FLOUNDER,WITCH FLOUNDER_Survey_10_90,Survey_10_90,1988,2,3.927276741704304,4.79,10.370000000000001
WITCH FLOUNDER,WITCH FLOUNDER_Survey_10_90,Survey_10_90,1989,2,-7.971128138303541,4.79,10.370000000000001
WITCH FLOUNDER,WITCH FLOUNDER_Survey_10_90,Survey_10_90,1990,2,-0.13781059071564528,4.79,10.370000000000001
WITCH FLOUNDER,WITCH FLOUNDER_Survey_10_90,Survey_10_90,1991,2,-4.9534981413193435,4.79,10.370000000000001
WITCH FLOUNDER,WITCH FLOUNDER_Survey_10_90,Survey_10_90,1992,2,-14.33211405420893,4.79,10.370000000000001
WITCH FLOUNDER,WITCH FLOUNDER_Survey_10_90,Survey_10_90,1993,2,-17.34034119026633,4.79,10.370000000000001
WITCH FLOUNDER,WITCH FLOUNDER_Survey_10_90,Survey_10_90,1994,2,-11.390466396364019,4.79,10.370000000000001
WITCH FLOUNDER,WITCH FLOUNDER_Survey_10_90,Survey_10_90,1995,2,-2.530340786003933,4.79,10.370000000000001
WITCH FLOUNDER,WITCH FLOUNDER_Survey_10_90,Survey_10_90,1996,2,16.119232099860213,4.79,10.370000000000001
WITCH FLOUNDER,WITCH FLOUNDER_Survey_10_90,Survey_10_90,1997,2,3.2642955188669163,4.79,10.370000000000001
WITCH FLOUNDER,WITCH FLOUNDER_Survey_10_90,Survey_10_90,1998,2,17.480846550839473,4.79,10.370000000000001
WITCH FLOUNDER,WITCH FLOUNDER_Survey_10_90,Survey_10_90,1999,2,-5.997978387544634,4.79,10.370000000000001
WITCH FLOUNDER,WITCH FLOUNDER_Survey_10_90,Survey_10_90,2000,2,3.7896208048648816,4.79,10.370000000000001
WITCH FLOUNDER,WITCH FLOUNDER_Survey_10_90,Survey_10_90,2001,2,-1.9545789482428972,4.79,10.370000000000001
WITCH FLOUNDER,WITCH FLOUNDER_Survey_10_90,Survey_10_90,2002,2,4.138997772047048,4.79,10.370000000000001
WITCH FLOUNDER,WITCH FLOUNDER_Survey_10_90,Survey_10_90,2003,2,-7.324500952770379,4.79,10.370000000000001
WITCH FLOUNDER,WITCH FLOUNDER_Survey_10_90,Survey_10_90,2004,2,-9.498386598244181,4.79,10.370000000000001
WITCH FLOUNDER,WITCH FLOUNDER_Survey_10_90,Survey_10_90,2005,2,-10.815991635271828,4.79,10.370000000000001
WITCH FLOUNDER,WITCH FLOUNDER_Survey_10_90,Survey_10_90,2006,2,0.017573920167478718,4.79,10.370000000000001
WITCH FLOUNDER,WITCH FLOUNDER_Survey_10_90,Survey_10_90,2007,2,18.97386440113327,4.79,10.370000000000001
WITCH FLOUNDER,WITCH FLOUNDER_Survey_10_90,Survey_10_90,2008,2,6.270193911730601,4.79,10.370000000000001
WITCH FLOUNDER,WITCH FLOUNDER_Survey_10_90,Survey_10_90,2009,2,-12.823327699404075,4.79,10.370000000000001
WITCH FLOUNDER,WITCH FLOUNDER_Survey_10_90,Survey_10_90,2010,2,0.45262034687047503,4.79,10.370000000000001
WITCH FLOUNDER,WITCH FLOUNDER_Survey_10_90,Survey_10_90,2011,2,3.7084024121492547,4.79,10.370000000000001
WITCH FLOUNDER,WITCH FLOUNDER_Survey_10_90,Survey_10_90,2012,2,-13.898224261241722,4.79,10.370000000000001
WITCH FLOUNDER,WITCH FLOUNDER_Survey_10_90,Survey_10_90,2013,2,-8.715758181495126,4.79,10.370000000000001
WITCH FLOUNDER,WITCH FLOUNDER_Survey_10_90,Survey_10_90,2014,2,-10.18324501192106,4.79,10.370000000000001
WITCH FLOUNDER,WITCH FLOUNDER_Survey_10_90,Survey_10_90,2015,2,-5.439524605799306,4.79,10.370000000000001
WITCH FLOUNDER,WITCH FLOUNDER_Survey_10_90,Survey_10_90,2016,2,-7.284453803048777,4.79,10.370000000000001
WITCH FLOUNDER,WITCH FLOUNDER_Survey_10_90,Survey_10_90,2017,2,-4.638890012899253,4.79,10.370000000000001
WITCH FLOUNDER,WITCH FLOUNDER_Survey_10_90,Survey_10_90,2018,2,-1.2828850565993264,4.79,10.370000000000001
WITCH FLOUNDER,WITCH FLOUNDER_Survey_10_90,Survey_10_90,2019,2,-13.05343408305923,4.79,10.370000000000001
WITCH FLOUNDER,WITCH FLOUNDER_Survey_10_90,Survey_10_90,2020,2,-0.9330887670464136,4.79,10.370000000000001
WITCH FLOUNDER,WITCH FLOUNDER_Survey_10_90,Survey_10_90,2022,2,-10.952680102630069,4.79,10.370000000000001
WITCH FLOUNDER,WITCH FLOUNDER_Survey_10_90,Survey_10_90,2023,2,0.48523881922531586,4.79,10.370000000000001
WITCH FLOUNDER,WITCH FLOUNDER_Survey_10_90,Survey_10_90,2024,2,13.563839112539426,4.79,10.370000000000001
YELLOWTAIL FLOUNDER,YELLOWTAIL FLOUNDER_Survey_0_100,Survey_0_100,1959,2,0,0,19.6
YELLOWTAIL FLOUNDER,YELLOWTAIL FLOUNDER_Survey_0_100,Survey_0_100,1960,2,-0.0012058259975447072,0,19.6
YELLOWTAIL FLOUNDER,YELLOWTAIL FLOUNDER_Survey_0_100,Survey_0_100,1961,2,1.278683896543953e-7,0,19.6
YELLOWTAIL FLOUNDER,YELLOWTAIL FLOUNDER_Survey_0_100,Survey_0_100,1962,2,-0.0021063772552594173,0,19.6
YELLOWTAIL FLOUNDER,YELLOWTAIL FLOUNDER_Survey_0_100,Survey_0_100,1963,2,-0.003616199308595469,0,19.6
YELLOWTAIL FLOUNDER,YELLOWTAIL FLOUNDER_Survey_0_100,Survey_0_100,1964,2,-0.001204803050327996,0,19.6
YELLOWTAIL FLOUNDER,YELLOWTAIL FLOUNDER_Survey_0_100,Survey_0_100,1965,2,-6.195894781342304e-4,0,19.6
YELLOWTAIL FLOUNDER,YELLOWTAIL FLOUNDER_Survey_0_100,Survey_0_100,1966,2,-0.007659884610916379,0,19.6
YELLOWTAIL FLOUNDER,YELLOWTAIL FLOUNDER_Survey_0_100,Survey_0_100,1967,2,-0.003186354187320717,0,19.6
YELLOWTAIL FLOUNDER,YELLOWTAIL FLOUNDER_Survey_0_100,Survey_0_100,1968,2,-0.03881473530458379,0,19.6
YELLOWTAIL FLOUNDER,YELLOWTAIL FLOUNDER_Survey_0_100,Survey_0_100,1969,2,-0.03620545494480609,0,19.6
YELLOWTAIL FLOUNDER,YELLOWTAIL FLOUNDER_Survey_0_100,Survey_0_100,1970,2,-0.0011315604131851842,0,19.6
YELLOWTAIL FLOUNDER,YELLOWTAIL FLOUNDER_Survey_0_100,Survey_0_100,1971,2,-0.03315079156278955,0,19.6
YELLOWTAIL FLOUNDER,YELLOWTAIL FLOUNDER_Survey_0_100,Survey_0_100,1972,2,-0.18822070942589164,0,19.6
YELLOWTAIL FLOUNDER,YELLOWTAIL FLOUNDER_Survey_0_100,Survey_0_100,1973,2,-0.12032216383029493,0,19.6
YELLOWTAIL FLOUNDER,YELLOWTAIL FLOUNDER_Survey_0_100,Survey_0_100,1974,2,-0.09321118945990747,0,19.6
YELLOWTAIL FLOUNDER,YELLOWTAIL FLOUNDER_Survey_0_100,Survey_0_100,1975,2,-0.04960054522589985,0,19.6
YELLOWTAIL FLOUNDER,YELLOWTAIL FLOUNDER_Survey_0_100,Survey_0_100,1976,2,-0.06249106538056992,0,19.6
YELLOWTAIL FLOUNDER,YELLOWTAIL FLOUNDER_Survey_0_100,Survey_0_100,1977,2,-0.011676504189750858,0,19.6
YELLOWTAIL FLOUNDER,YELLOWTAIL FLOUNDER_Survey_0_100,Survey_0_100,1978,2,-0.1730981574097683,0,19.6
YELLOWTAIL FLOUNDER,YELLOWTAIL FLOUNDER_Survey_0_100,Survey_0_100,1979,2,-0.002567316033761813,0,19.6
YELLOWTAIL FLOUNDER,YELLOWTAIL FLOUNDER_Survey_0_100,Survey_0_100,1980,2,-0.006992647681727249,0,19.6
YELLOWTAIL FLOUNDER,YELLOWTAIL FLOUNDER_Survey_0_100,Survey_0_100,1981,2,-0.08721126616937624,0,19.6
YELLOWTAIL FLOUNDER,YELLOWTAIL FLOUNDER_Survey_0_100,Survey_0_100,1982,2,-0.0043314516079533405,0,19.6
YELLOWTAIL FLOUNDER,YELLOWTAIL FLOUNDER_Survey_0_100,Survey_0_100,1983,2,-0.13417126062201135,0,19.6
YELLOWTAIL FLOUNDER,YELLOWTAIL FLOUNDER_Survey_0_100,Survey_0_100,1984,2,-0.01202733517500576,0,19.6
YELLOWTAIL FLOUNDER,YELLOWTAIL FLOUNDER_Survey_0_100,Survey_0_100,1985,2,-0.3634016112769416,0,19.6
YELLOWTAIL FLOUNDER,YELLOWTAIL FLOUNDER_Survey_0_100,Survey_0_100,1986,2,-0.09728663845783103,0,19.6
YELLOWTAIL FLOUNDER,YELLOWTAIL FLOUNDER_Survey_0_100,Survey_0_100,1987,2,-0.025174101216990152,0,19.6
YELLOWTAIL FLOUNDER,YELLOWTAIL FLOUNDER_Survey_0_100,Survey_0_100,1988,2,-0.026104278810862525,0,19.6
YELLOWTAIL FLOUNDER,YELLOWTAIL FLOUNDER_Survey_0_100,Survey_0_100,1989,2,-0.05087563899542147,0,19.6
YELLOWTAIL FLOUNDER,YELLOWTAIL FLOUNDER_Survey_0_100,Survey_0_100,1990,2,-0.25073628260504677,0,19.6
YELLOWTAIL FLOUNDER,YELLOWTAIL FLOUNDER_Survey_0_100,Survey_0_100,1991,2,-0.06513106708941052,0,19.6
YELLOWTAIL FLOUNDER,YELLOWTAIL FLOUNDER_Survey_0_100,Survey_0_100,1992,2,-0.08731740622391726,0,19.6
YELLOWTAIL FLOUNDER,YELLOWTAIL FLOUNDER_Survey_0_100,Survey_0_100,1993,2,-0.022277266690622355,0,19.6
YELLOWTAIL FLOUNDER,YELLOWTAIL FLOUNDER_Survey_0_100,Survey_0_100,1994,2,-0.020649815192456344,0,19.6
YELLOWTAIL FLOUNDER,YELLOWTAIL FLOUNDER_Survey_0_100,Survey_0_100,1995,2,-1.226122411546143,0,19.6
YELLOWTAIL FLOUNDER,YELLOWTAIL FLOUNDER_Survey_0_100,Survey_0_100,1996,2,-0.07688025286839206,0,19.6
YELLOWTAIL FLOUNDER,YELLOWTAIL FLOUNDER_Survey_0_100,Survey_0_100,1997,2,-0.14998518843563602,0,19.6
YELLOWTAIL FLOUNDER,YELLOWTAIL FLOUNDER_Survey_0_100,Survey_0_100,1998,2,-0.005589385991186191,0,19.6
YELLOWTAIL FLOUNDER,YELLOWTAIL FLOUNDER_Survey_0_100,Survey_0_100,1999,2,-0.8875036012830577,0,19.6
YELLOWTAIL FLOUNDER,YELLOWTAIL FLOUNDER_Survey_0_100,Survey_0_100,2000,2,-0.24615732982447014,0,19.6
YELLOWTAIL FLOUNDER,YELLOWTAIL FLOUNDER_Survey_0_100,Survey_0_100,2001,2,-0.09043913217099941,0,19.6
YELLOWTAIL FLOUNDER,YELLOWTAIL FLOUNDER_Survey_0_100,Survey_0_100,2002,2,-0.4410552907239236,0,19.6
YELLOWTAIL FLOUNDER,YELLOWTAIL FLOUNDER_Survey_0_100,Survey_0_100,2003,2,-0.15157387481777107,0,19.6
YELLOWTAIL FLOUNDER,YELLOWTAIL FLOUNDER_Survey_0_100,Survey_0_100,2004,2,-0.28447033242747466,0,19.6
YELLOWTAIL FLOUNDER,YELLOWTAIL FLOUNDER_Survey_0_100,Survey_0_100,2005,2,-0.037110599306032555,0,19.6
YELLOWTAIL FLOUNDER,YELLOWTAIL FLOUNDER_Survey_0_100,Survey_0_100,2006,2,-0.6107844075167179,0,19.6
YELLOWTAIL FLOUNDER,YELLOWTAIL FLOUNDER_Survey_0_100,Survey_0_100,2007,2,-0.12221412050790548,0,19.6
YELLOWTAIL FLOUNDER,YELLOWTAIL FLOUNDER_Survey_0_100,Survey_0_100,2008,2,-0.43551370186375493,0,19.6
YELLOWTAIL FLOUNDER,YELLOWTAIL FLOUNDER_Survey_0_100,Survey_0_100,2009,2,-0.6158896059438632,0,19.6
YELLOWTAIL FLOUNDER,YELLOWTAIL FLOUNDER_Survey_0_100,Survey_0_100,2010,2,-0.057616044207037476,0,19.6
YELLOWTAIL FLOUNDER,YELLOWTAIL FLOUNDER_Survey_0_100,Survey_0_100,2011,2,-0.48820481138523064,0,19.6
YELLOWTAIL FLOUNDER,YELLOWTAIL FLOUNDER_Survey_0_100,Survey_0_100,2012,2,-0.6175304051611903,0,19.6
YELLOWTAIL FLOUNDER,YELLOWTAIL FLOUNDER_Survey_0_100,Survey_0_100,2013,2,-0.21472597701415452,0,19.6
YELLOWTAIL FLOUNDER,YELLOWTAIL FLOUNDER_Survey_0_100,Survey_0_100,2014,2,-1.8310246270086878,0,19.6
YELLOWTAIL FLOUNDER,YELLOWTAIL FLOUNDER_Survey_0_100,Survey_0_100,2015,2,-1.288091325713708,0,19.6
YELLOWTAIL FLOUNDER,YELLOWTAIL FLOUNDER_Survey_0_100,Survey_0_100,2016,2,-1.6788589671984653,0,19.6
YELLOWTAIL FLOUNDER,YELLOWTAIL FLOUNDER_Survey_0_100,Survey_0_100,2017,2,-1.0447511523679651,0,19.6
YELLOWTAIL FLOUNDER,YELLOWTAIL FLOUNDER_Survey_0_100,Survey_0_100,2018,2,-0.7021170001378323,0,19.6
YELLOWTAIL FLOUNDER,YELLOWTAIL FLOUNDER_Survey_0_100,Survey_0_100,2019,2,-1.1249356191373039,0,19.6
YELLOWTAIL FLOUNDER,YELLOWTAIL FLOUNDER_Survey_0_100,Survey_0_100,2020,2,-1.2511689686058247,0,19.6
YELLOWTAIL FLOUNDER,YELLOWTAIL FLOUNDER_Survey_0_100,Survey_0_100,2022,2,-0.5931689712915897,0,19.6
YELLOWTAIL FLOUNDER,YELLOWTAIL FLOUNDER_Survey_0_100,Survey_0_100,2023,2,-0.6987028019973422,0,19.6
YELLOWTAIL FLOUNDER,YELLOWTAIL FLOUNDER_Survey_0_100,Survey_0_100,2024,2,-0.8021583498900071,0,19.6
YELLOWTAIL FLOUNDER,YELLOWTAIL FLOUNDER_Survey_10_90,Survey_10_90,1959,2,0,4.08,12.8
YELLOWTAIL FLOUNDER,YELLOWTAIL FLOUNDER_Survey_10_90,Survey_10_90,1960,2,-3.01495752559174,4.08,12.8
YELLOWTAIL FLOUNDER,YELLOWTAIL FLOUNDER_Survey_10_90,Survey_10_90,1961,2,-5.266973513240401,4.08,12.8
YELLOWTAIL FLOUNDER,YELLOWTAIL FLOUNDER_Survey_10_90,Survey_10_90,1962,2,-6.222549784902526,4.08,12.8
YELLOWTAIL FLOUNDER,YELLOWTAIL FLOUNDER_Survey_10_90,Survey_10_90,1963,2,-6.210203209574551,4.08,12.8
YELLOWTAIL FLOUNDER,YELLOWTAIL FLOUNDER_Survey_10_90,Survey_10_90,1964,2,-0.8605953287451484,4.08,12.8
YELLOWTAIL FLOUNDER,YELLOWTAIL FLOUNDER_Survey_10_90,Survey_10_90,1965,2,-0.06992936820256546,4.08,12.8
YELLOWTAIL FLOUNDER,YELLOWTAIL FLOUNDER_Survey_10_90,Survey_10_90,1966,2,8.823030519332804,4.08,12.8
YELLOWTAIL FLOUNDER,YELLOWTAIL FLOUNDER_Survey_10_90,Survey_10_90,1967,2,4.566454314312978,4.08,12.8
YELLOWTAIL FLOUNDER,YELLOWTAIL FLOUNDER_Survey_10_90,Survey_10_90,1968,2,1.6583060054027214,4.08,12.8
YELLOWTAIL FLOUNDER,YELLOWTAIL FLOUNDER_Survey_10_90,Survey_10_90,1969,2,-11.864313256494597,4.08,12.8
YELLOWTAIL FLOUNDER,YELLOWTAIL FLOUNDER_Survey_10_90,Survey_10_90,1970,2,11.676317050479383,4.08,12.8
YELLOWTAIL FLOUNDER,YELLOWTAIL FLOUNDER_Survey_10_90,Survey_10_90,1971,2,-5.356627093122398,4.08,12.8
YELLOWTAIL FLOUNDER,YELLOWTAIL FLOUNDER_Survey_10_90,Survey_10_90,1972,2,1.8868228224416725,4.08,12.8
YELLOWTAIL FLOUNDER,YELLOWTAIL FLOUNDER_Survey_10_90,Survey_10_90,1973,2,-6.899033871797506,4.08,12.8
YELLOWTAIL FLOUNDER,YELLOWTAIL FLOUNDER_Survey_10_90,Survey_10_90,1974,2,-2.00228320249213,4.08,12.8
YELLOWTAIL FLOUNDER,YELLOWTAIL FLOUNDER_Survey_10_90,Survey_10_90,1975,2,-6.581375411086881,4.08,12.8
YELLOWTAIL FLOUNDER,YELLOWTAIL FLOUNDER_Survey_10_90,Survey_10_90,1976,2,20.405273953943947,4.08,12.8
YELLOWTAIL FLOUNDER,YELLOWTAIL FLOUNDER_Survey_10_90,Survey_10_90,1977,2,-14.540897008313266,4.08,12.8
YELLOWTAIL FLOUNDER,YELLOWTAIL FLOUNDER_Survey_10_90,Survey_10_90,1978,2,-8.278235934906732,4.08,12.8
YELLOWTAIL FLOUNDER,YELLOWTAIL FLOUNDER_Survey_10_90,Survey_10_90,1979,2,3.0508121939264186,4.08,12.8
YELLOWTAIL FLOUNDER,YELLOWTAIL FLOUNDER_Survey_10_90,Survey_10_90,1980,2,7.339986750442208,4.08,12.8
YELLOWTAIL FLOUNDER,YELLOWTAIL FLOUNDER_Survey_10_90,Survey_10_90,1981,2,7.576221183366059,4.08,12.8
YELLOWTAIL FLOUNDER,YELLOWTAIL FLOUNDER_Survey_10_90,Survey_10_90,1982,2,-13.63753572407331,4.08,12.8
YELLOWTAIL FLOUNDER,YELLOWTAIL FLOUNDER_Survey_10_90,Survey_10_90,1983,2,-2.694494711938404,4.08,12.8
YELLOWTAIL FLOUNDER,YELLOWTAIL FLOUNDER_Survey_10_90,Survey_10_90,1984,2,6.967540697455689,4.08,12.8
YELLOWTAIL FLOUNDER,YELLOWTAIL FLOUNDER_Survey_10_90,Survey_10_90,1985,2,-11.164144009048428,4.08,12.8
YELLOWTAIL FLOUNDER,YELLOWTAIL FLOUNDER_Survey_10_90,Survey_10_90,1986,2,-14.907215840417834,4.08,12.8
YELLOWTAIL FLOUNDER,YELLOWTAIL FLOUNDER_Survey_10_90,Survey_10_90,1987,2,-6.754101860352321,4.08,12.8
YELLOWTAIL FLOUNDER,YELLOWTAIL FLOUNDER_Survey_10_90,Survey_10_90,1988,2,6.840481316974987,4.08,12.8
YELLOWTAIL FLOUNDER,YELLOWTAIL FLOUNDER_Survey_10_90,Survey_10_90,1989,2,-10.777379654507882,4.08,12.8
YELLOWTAIL FLOUNDER,YELLOWTAIL FLOUNDER_Survey_10_90,Survey_10_90,1990,2,6.535164324947488,4.08,12.8
YELLOWTAIL FLOUNDER,YELLOWTAIL FLOUNDER_Survey_10_90,Survey_10_90,1991,2,-5.318846775951485,4.08,12.8
YELLOWTAIL FLOUNDER,YELLOWTAIL FLOUNDER_Survey_10_90,Survey_10_90,1992,2,3.1542306113391305,4.08,12.8
YELLOWTAIL FLOUNDER,YELLOWTAIL FLOUNDER_Survey_10_90,Survey_10_90,1993,2,-3.7172473385201243,4.08,12.8
YELLOWTAIL FLOUNDER,YELLOWTAIL FLOUNDER_Survey_10_90,Survey_10_90,1994,2,-10.814144632352829,4.08,12.8
YELLOWTAIL FLOUNDER,YELLOWTAIL FLOUNDER_Survey_10_90,Survey_10_90,1995,2,-10.419811514410391,4.08,12.8
YELLOWTAIL FLOUNDER,YELLOWTAIL FLOUNDER_Survey_10_90,Survey_10_90,1996,2,21.912106075607085,4.08,12.8
YELLOWTAIL FLOUNDER,YELLOWTAIL FLOUNDER_Survey_10_90,Survey_10_90,1997,2,9.280412287282672,4.08,12.8
YELLOWTAIL FLOUNDER,YELLOWTAIL FLOUNDER_Survey_10_90,Survey_10_90,1998,2,29.589876778406463,4.08,12.8
YELLOWTAIL FLOUNDER,YELLOWTAIL FLOUNDER_Survey_10_90,Survey_10_90,1999,2,-23.496191306280934,4.08,12.8
YELLOWTAIL FLOUNDER,YELLOWTAIL FLOUNDER_Survey_10_90,Survey_10_90,2000,2,17.627474952683528,4.08,12.8
YELLOWTAIL FLOUNDER,YELLOWTAIL FLOUNDER_Survey_10_90,Survey_10_90,2001,2,-7.437150559925975,4.08,12.8
YELLOWTAIL FLOUNDER,YELLOWTAIL FLOUNDER_Survey_10_90,Survey_10_90,2002,2,-4.213076834968845,4.08,12.8
YELLOWTAIL FLOUNDER,YELLOWTAIL FLOUNDER_Survey_10_90,Survey_10_90,2003,2,6.051226259551285,4.08,12.8
YELLOWTAIL FLOUNDER,YELLOWTAIL FLOUNDER_Survey_10_90,Survey_10_90,2004,2,-2.1658591001715592,4.08,12.8
YELLOWTAIL FLOUNDER,YELLOWTAIL FLOUNDER_Survey_10_90,Survey_10_90,2005,2,-0.10570102027980965,4.08,12.8
YELLOWTAIL FLOUNDER,YELLOWTAIL FLOUNDER_Survey_10_90,Survey_10_90,2006,2,4.921704332582443,4.08,12.8
YELLOWTAIL FLOUNDER,YELLOWTAIL FLOUNDER_Survey_10_90,Survey_10_90,2007,2,21.710009659063488,4.08,12.8
YELLOWTAIL FLOUNDER,YELLOWTAIL FLOUNDER_Survey_10_90,Survey_10_90,2008,2,14.578632344401555,4.08,12.8
YELLOWTAIL FLOUNDER,YELLOWTAIL FLOUNDER_Survey_10_90,Survey_10_90,2009,2,-13.500582483224463,4.08,12.8
YELLOWTAIL FLOUNDER,YELLOWTAIL FLOUNDER_Survey_10_90,Survey_10_90,2010,2,0.406608204941314,4.08,12.8
YELLOWTAIL FLOUNDER,YELLOWTAIL FLOUNDER_Survey_10_90,Survey_10_90,2011,2,-2.0477376274824337,4.08,12.8
YELLOWTAIL FLOUNDER,YELLOWTAIL FLOUNDER_Survey_10_90,Survey_10_90,2012,2,-12.69195863102518,4.08,12.8
YELLOWTAIL FLOUNDER,YELLOWTAIL FLOUNDER_Survey_10_90,Survey_10_90,2013,2,-13.432551604121741,4.08,12.8
YELLOWTAIL FLOUNDER,YELLOWTAIL FLOUNDER_Survey_10_90,Survey_10_90,2014,2,-25.863047440110257,4.08,12.8
YELLOWTAIL FLOUNDER,YELLOWTAIL FLOUNDER_Survey_10_90,Survey_10_90,2015,2,-34.82855627378672,4.08,12.8
YELLOWTAIL FLOUNDER,YELLOWTAIL FLOUNDER_Survey_10_90,Survey_10_90,2016,2,-22.119291265507336,4.08,12.8
YELLOWTAIL FLOUNDER,YELLOWTAIL FLOUNDER_Survey_10_90,Survey_10_90,2017,2,-15.073508706539442,4.08,12.8
YELLOWTAIL FLOUNDER,YELLOWTAIL FLOUNDER_Survey_10_90,Survey_10_90,2018,2,2.471750313216191,4.08,12.8
YELLOWTAIL FLOUNDER,YELLOWTAIL FLOUNDER_Survey_10_90,Survey_10_90,2019,2,-22.322001806727087,4.08,12.8
YELLOWTAIL FLOUNDER,YELLOWTAIL FLOUNDER_Survey_10_90,Survey_10_90,2020,2,-0.8143965279286363,4.08,12.8
YELLOWTAIL FLOUNDER,YELLOWTAIL FLOUNDER_Survey_10_90,Survey_10_90,2022,2,-13.294427397363926,4.08,12.8
YELLOWTAIL FLOUNDER,YELLOWTAIL FLOUNDER_Survey_10_90,Survey_10_90,2023,2,10.451381204837773,4.08,12.8
YELLOWTAIL FLOUNDER,YELLOWTAIL FLOUNDER_Survey_10_90,Survey_10_90,2024,2,10.35184217499237,4.08,12.8
