species,year,n_seasons,annual_anomaly,tmin_used,tmax_used
ACADIAN REDFISH,1959,2,0,4.7,9.6
ACADIAN REDFISH,1960,2,0.4778548232763882,4.7,9.6
ACADIAN REDFISH,1961,2,-4.895438524003254,4.7,9.6
ACADIAN REDFISH,1962,2,-10.169927909155717,4.7,9.6
ACADIAN REDFISH,1963,2,11.89791428652751,4.7,9.6
ACADIAN REDFISH,1964,2,11.088509718667723,4.7,9.6
ACADIAN REDFISH,1965,2,7.725116995478459,4.7,9.6
ACADIAN REDFISH,1966,2,7.422844186016221,4.7,9.6
ACADIAN REDFISH,1967,2,-0.5249772886982953,4.7,9.6
ACADIAN REDFISH,1968,2,-13.023830377158333,4.7,9.6
ACADIAN REDFISH,1969,2,-23.278838626403264,4.7,9.6
ACADIAN REDFISH,1970,2,6.5891415352841705,4.7,9.6
ACADIAN REDFISH,1971,2,0.9964021369228533,4.7,9.6
ACADIAN REDFISH,1972,2,6.426577531327439,4.7,9.6
ACADIAN REDFISH,1973,2,0.42000227234167653,4.7,9.6
ACADIAN REDFISH,1974,2,-1.509570710031383,4.7,9.6
ACADIAN REDFISH,1975,2,-3.2692307205469575,4.7,9.6
ACADIAN REDFISH,1976,2,-2.38225348694354,4.7,9.6
ACADIAN REDFISH,1977,2,-6.899551690468769,4.7,9.6
ACADIAN REDFISH,1978,2,-1.1677977348441573,4.7,9.6
ACADIAN REDFISH,1979,2,-4.3051355977500805,4.7,9.6
ACADIAN REDFISH,1980,2,-13.08049233518716,4.7,9.6
ACADIAN REDFISH,1981,2,-10.9551977637407,4.7,9.6
ACADIAN REDFISH,1982,2,-1.5736166021038258,4.7,9.6
ACADIAN REDFISH,1983,2,4.354052743713041,4.7,9.6
ACADIAN REDFISH,1984,2,5.087663474942801,4.7,9.6
ACADIAN REDFISH,1985,2,0.3733006647425725,4.7,9.6
ACADIAN REDFISH,1986,2,11.157075368788,4.7,9.6
ACADIAN REDFISH,1987,2,-1.976869109742907,4.7,9.6
ACADIAN REDFISH,1988,2,16.310304643271934,4.7,9.6
ACADIAN REDFISH,1989,2,-5.795557023781498,4.7,9.6
ACADIAN REDFISH,1990,2,4.205345432754086,4.7,9.6
ACADIAN REDFISH,1991,2,1.1537400966000035,4.7,9.6
ACADIAN REDFISH,1992,2,-6.638006154080486,4.7,9.6
ACADIAN REDFISH,1993,2,-5.76208648078287,4.7,9.6
ACADIAN REDFISH,1994,2,8.489407105172177,4.7,9.6
ACADIAN REDFISH,1995,2,8.55884927294305,4.7,9.6
ACADIAN REDFISH,1996,2,22.502713339044547,4.7,9.6
ACADIAN REDFISH,1997,2,16.23040970877689,4.7,9.6
ACADIAN REDFISH,1998,2,17.58238083074012,4.7,9.6
ACADIAN REDFISH,1999,2,-4.333713309756362,4.7,9.6
ACADIAN REDFISH,2000,2,17.926651350178872,4.7,9.6
ACADIAN REDFISH,2001,2,12.37734389904486,4.7,9.6
ACADIAN REDFISH,2002,2,11.678799511120687,4.7,9.6
ACADIAN REDFISH,2003,2,2.030221758577511,4.7,9.6
ACADIAN REDFISH,2004,2,2.032528924484936,4.7,9.6
ACADIAN REDFISH,2005,2,6.284683465953293,4.7,9.6
ACADIAN REDFISH,2006,2,15.706423146446852,4.7,9.6
ACADIAN REDFISH,2007,2,14.273058542602044,4.7,9.6
ACADIAN REDFISH,2008,2,14.550550953348989,4.7,9.6
ACADIAN REDFISH,2009,2,0.8554394737484188,4.7,9.6
ACADIAN REDFISH,2010,2,8.63240322635555,4.7,9.6
ACADIAN REDFISH,2011,2,14.998720410373068,4.7,9.6
ACADIAN REDFISH,2012,2,1.8953900067863856,4.7,9.6
ACADIAN REDFISH,2013,2,-15.999832889231165,4.7,9.6
ACADIAN REDFISH,2014,2,-20.498425087426718,4.7,9.6
ACADIAN REDFISH,2015,2,-23.122378683279564,4.7,9.6
ACADIAN REDFISH,2016,2,-19.96051260385422,4.7,9.6
ACADIAN REDFISH,2017,2,-6.894886786797599,4.7,9.6
ACADIAN REDFISH,2018,2,-23.695368860619524,4.7,9.6
ACADIAN REDFISH,2019,2,-47.054838579131946,4.7,9.6
ACADIAN REDFISH,2020,2,-17.10684311535846,4.7,9.6
ACADIAN REDFISH,2022,2,-12.85553482617506,4.7,9.6
ACADIAN REDFISH,2023,2,-31.565376256454094,4.7,9.6
ACADIAN REDFISH,2024,2,18.868619968932308,4.7,9.6
ALEWIFE,1959,2,0,4.2,10.932000000000006
ALEWIFE,1960,2,-3.005923241959948,4.2,10.932000000000006
ALEWIFE,1961,2,1.2115431405612895,4.2,10.932000000000006
ALEWIFE,1962,2,-6.746915929731813,4.2,10.932000000000006
ALEWIFE,1963,2,-0.5723344693127643,4.2,10.932000000000006
ALEWIFE,1964,2,3.980909738557571,4.2,10.932000000000006
ALEWIFE,1965,2,-2.3673500733780486,4.2,10.932000000000006
ALEWIFE,1966,2,5.975472199872172,4.2,10.932000000000006
ALEWIFE,1967,2,-2.731273282663949,4.2,10.932000000000006
ALEWIFE,1968,2,-6.228806647516933,4.2,10.932000000000006
ALEWIFE,1969,2,-17.87535534461118,4.2,10.932000000000006
ALEWIFE,1970,2,1.3859720927996477,4.2,10.932000000000006
ALEWIFE,1971,2,-6.274732504719324,4.2,10.932000000000006
ALEWIFE,1972,2,-3.869437684133331,4.2,10.932000000000006
ALEWIFE,1973,2,-6.72790285227417,4.2,10.932000000000006
ALEWIFE,1974,2,-12.114075139196778,4.2,10.932000000000006
ALEWIFE,1975,2,-5.4687556620105795,4.2,10.932000000000006
ALEWIFE,1976,2,-2.7084816456226974,4.2,10.932000000000006
ALEWIFE,1977,2,-13.930269142477613,4.2,10.932000000000006
ALEWIFE,1978,2,-14.949472530481628,4.2,10.932000000000006
ALEWIFE,1979,2,-8.31862100770897,4.2,10.932000000000006
ALEWIFE,1980,2,-5.644461422845396,4.2,10.932000000000006
ALEWIFE,1981,2,-4.348373442037655,4.2,10.932000000000006
ALEWIFE,1982,2,-11.885637008129123,4.2,10.932000000000006
ALEWIFE,1983,2,-3.952828211020517,4.2,10.932000000000006
ALEWIFE,1984,2,3.46883297372446,4.2,10.932000000000006
ALEWIFE,1985,2,-11.725275887383397,4.2,10.932000000000006
ALEWIFE,1986,2,-14.545917972197898,4.2,10.932000000000006
ALEWIFE,1987,2,-9.457724199774574,4.2,10.932000000000006
ALEWIFE,1988,2,-0.5180211553674923,4.2,10.932000000000006
ALEWIFE,1989,2,-12.368595469530973,4.2,10.932000000000006
ALEWIFE,1990,2,-1.8852721118569633,4.2,10.932000000000006
ALEWIFE,1991,2,-10.53203950588555,4.2,10.932000000000006
ALEWIFE,1992,2,-7.697457788853313,4.2,10.932000000000006
ALEWIFE,1993,2,-13.98956420351918,4.2,10.932000000000006
ALEWIFE,1994,2,-16.740889941062278,4.2,10.932000000000006
ALEWIFE,1995,2,-7.886535210612699,4.2,10.932000000000006
ALEWIFE,1996,2,17.86201547621006,4.2,10.932000000000006
ALEWIFE,1997,2,-1.6519818006932638,4.2,10.932000000000006
ALEWIFE,1998,2,20.88783083269105,4.2,10.932000000000006
ALEWIFE,1999,2,-12.64604656654825,4.2,10.932000000000006
ALEWIFE,2000,2,-1.015111288174566,4.2,10.932000000000006
ALEWIFE,2001,2,-6.239380006633731,4.2,10.932000000000006
ALEWIFE,2002,2,-7.89187796211116,4.2,10.932000000000006
ALEWIFE,2003,2,-5.980165993012747,4.2,10.932000000000006
ALEWIFE,2004,2,-2.221656856239477,4.2,10.932000000000006
ALEWIFE,2005,2,-5.440396044218161,4.2,10.932000000000006
ALEWIFE,2006,2,-5.611776856579439,4.2,10.932000000000006
ALEWIFE,2007,2,17.670580688324307,4.2,10.932000000000006
ALEWIFE,2008,2,3.625079251848618,4.2,10.932000000000006
ALEWIFE,2009,2,-13.405405167063435,4.2,10.932000000000006
ALEWIFE,2010,2,-4.755831293968697,4.2,10.932000000000006
ALEWIFE,2011,2,0.13618837607026535,4.2,10.932000000000006
ALEWIFE,2012,2,-18.583529100901586,4.2,10.932000000000006
ALEWIFE,2013,2,-8.814419426362392,4.2,10.932000000000006
ALEWIFE,2014,2,-12.82613782032903,4.2,10.932000000000006
ALEWIFE,2015,2,-15.595916912021153,4.2,10.932000000000006
ALEWIFE,2016,2,-16.31030481955554,4.2,10.932000000000006
ALEWIFE,2017,2,-8.84910387866043,4.2,10.932000000000006
ALEWIFE,2018,2,-1.2416422738987052,4.2,10.932000000000006
ALEWIFE,2019,2,-4.407396842160267,4.2,10.932000000000006
ALEWIFE,2020,2,-5.30271378262664,4.2,10.932000000000006
ALEWIFE,2022,2,-19.160834832013272,4.2,10.932000000000006
ALEWIFE,2023,2,1.6617216525707903,4.2,10.932000000000006
ALEWIFE,2024,2,11.300277313024736,4.2,10.932000000000006
AMERICAN PLAICE,1959,2,0,4.2,9.51
AMERICAN PLAICE,1960,2,0.4123151785053665,4.2,9.51
AMERICAN PLAICE,1961,2,-0.8530260954584321,4.2,9.51
AMERICAN PLAICE,1962,2,-8.400949481918403,4.2,9.51
AMERICAN PLAICE,1963,2,2.7469330790600566,4.2,9.51
AMERICAN PLAICE,1964,2,5.492412436116211,4.2,9.51
AMERICAN PLAICE,1965,2,-3.394167334424637,4.2,9.51
AMERICAN PLAICE,1966,2,5.5751537192887355,4.2,9.51
AMERICAN PLAICE,1967,2,-5.440935596020523,4.2,9.51
AMERICAN PLAICE,1968,2,-5.788272184419384,4.2,9.51
AMERICAN PLAICE,1969,2,-16.084772356307184,4.2,9.51
AMERICAN PLAICE,1970,2,0.3404525687282529,4.2,9.51
AMERICAN PLAICE,1971,2,-3.1574176882025853,4.2,9.51
AMERICAN PLAICE,1972,2,-1.2135331408588854,4.2,9.51
AMERICAN PLAICE,1973,2,-3.8806981391785627,4.2,9.51
AMERICAN PLAICE,1974,2,-12.772672489104409,4.2,9.51
AMERICAN PLAICE,1975,2,-9.292084710761344,4.2,9.51
AMERICAN PLAICE,1976,2,-13.570255656658794,4.2,9.51
AMERICAN PLAICE,1977,2,-10.450595598052857,4.2,9.51
AMERICAN PLAICE,1978,2,-8.565501875357398,4.2,9.51
AMERICAN PLAICE,1979,2,-6.758461117910969,4.2,9.51
AMERICAN PLAICE,1980,2,-14.249634881236183,4.2,9.51
AMERICAN PLAICE,1981,2,-6.723491731663415,4.2,9.51
AMERICAN PLAICE,1982,2,-5.910940264676057,4.2,9.51
AMERICAN PLAICE,1983,2,-2.7146324136079585,4.2,9.51
AMERICAN PLAICE,1984,2,0.7522098673870801,4.2,9.51
AMERICAN PLAICE,1985,2,-12.274066411941092,4.2,9.51
AMERICAN PLAICE,1986,2,-7.189417487484604,4.2,9.51
AMERICAN PLAICE,1987,2,-9.611931204514164,4.2,9.51
AMERICAN PLAICE,1988,2,1.315276388435663,4.2,9.51
AMERICAN PLAICE,1989,2,-12.820189211158983,4.2,9.51
AMERICAN PLAICE,1990,2,-5.430644255304671,4.2,9.51
AMERICAN PLAICE,1991,2,-11.639807998375339,4.2,9.51
AMERICAN PLAICE,1992,2,-5.802591711979716,4.2,9.51
AMERICAN PLAICE,1993,2,-18.288569157389176,4.2,9.51
AMERICAN PLAICE,1994,2,-7.910475478967399,4.2,9.51
AMERICAN PLAICE,1995,2,-1.5507803855078919,4.2,9.51
AMERICAN PLAICE,1996,2,24.108144526793737,4.2,9.51
AMERICAN PLAICE,1997,2,5.709877913006636,4.2,9.51
AMERICAN PLAICE,1998,2,16.731344392645013,4.2,9.51
AMERICAN PLAICE,1999,2,-12.404961375535557,4.2,9.51
AMERICAN PLAICE,2000,2,2.2868380059785665,4.2,9.51
AMERICAN PLAICE,2001,2,3.293219010719909,4.2,9.51
AMERICAN PLAICE,2002,2,1.275265607848013,4.2,9.51
AMERICAN PLAICE,2003,2,-8.07014449511562,4.2,9.51
AMERICAN PLAICE,2004,2,-4.691252373805341,4.2,9.51
AMERICAN PLAICE,2005,2,-6.105256151518105,4.2,9.51
AMERICAN PLAICE,2006,2,3.1486872795072003,4.2,9.51
AMERICAN PLAICE,2007,2,15.873385369503723,4.2,9.51
AMERICAN PLAICE,2008,2,9.38406802030677,4.2,9.51
AMERICAN PLAICE,2009,2,-11.663968403288266,4.2,9.51
AMERICAN PLAICE,2010,2,-1.4861960006762516,4.2,9.51
AMERICAN PLAICE,2011,2,4.527977310248048,4.2,9.51
AMERICAN PLAICE,2012,2,-16.614206917595112,4.2,9.51
AMERICAN PLAICE,2013,2,-22.63043291862288,4.2,9.51
AMERICAN PLAICE,2014,2,-26.84916582525875,4.2,9.51
AMERICAN PLAICE,2015,2,-30.539139096458882,4.2,9.51
AMERICAN PLAICE,2016,2,-31.637389764265336,4.2,9.51
AMERICAN PLAICE,2017,2,-11.104676311433792,4.2,9.51
AMERICAN PLAICE,2018,2,-25.487593056642588,4.2,9.51
AMERICAN PLAICE,2019,2,-43.92607151368172,4.2,9.51
AMERICAN PLAICE,2020,2,-28.19701850048355,4.2,9.51
AMERICAN PLAICE,2022,2,-26.65570551713332,4.2,9.51
AMERICAN PLAICE,2023,2,-28.55150733543791,4.2,9.51
AMERICAN PLAICE,2024,2,17.883300001067568,4.2,9.51
AMERICAN SHAD,1959,2,0,4.59,12.073000000000002
AMERICAN SHAD,1960,2,-8.198016784333063,4.59,12.073000000000002
AMERICAN SHAD,1961,2,-4.067395107844078,4.59,12.073000000000002
AMERICAN SHAD,1962,2,-10.568520339611027,4.59,12.073000000000002
AMERICAN SHAD,1963,2,-0.2553078834409206,4.59,12.073000000000002
AMERICAN SHAD,1964,2,3.066938155323328,4.59,12.073000000000002
AMERICAN SHAD,1965,2,-1.5327169444502715,4.59,12.073000000000002
AMERICAN SHAD,1966,2,6.856846106253414,4.59,12.073000000000002
AMERICAN SHAD,1967,2,1.1807404017512368,4.59,12.073000000000002
AMERICAN SHAD,1968,2,-7.238376844790409,4.59,12.073000000000002
AMERICAN SHAD,1969,2,-24.992850303614816,4.59,12.073000000000002
AMERICAN SHAD,1970,2,11.21774443020098,4.59,12.073000000000002
AMERICAN SHAD,1971,2,-3.7453219488419904,4.59,12.073000000000002
AMERICAN SHAD,1972,2,-0.9583634291395526,4.59,12.073000000000002
AMERICAN SHAD,1973,2,-7.583520042117627,4.59,12.073000000000002
AMERICAN SHAD,1974,2,2.17262596850847,4.59,12.073000000000002
AMERICAN SHAD,1975,2,1.3021745796972084,4.59,12.073000000000002
AMERICAN SHAD,1976,2,13.352806809878516,4.59,12.073000000000002
AMERICAN SHAD,1977,2,-12.813506275251484,4.59,12.073000000000002
AMERICAN SHAD,1978,2,-7.673486921153753,4.59,12.073000000000002
AMERICAN SHAD,1979,2,-4.92457122811355,4.59,12.073000000000002
AMERICAN SHAD,1980,2,-0.7641501815684961,4.59,12.073000000000002
AMERICAN SHAD,1981,2,-4.083698680879252,4.59,12.073000000000002
AMERICAN SHAD,1982,2,-14.190909491231807,4.59,12.073000000000002
AMERICAN SHAD,1983,2,-2.298764437061152,4.59,12.073000000000002
AMERICAN SHAD,1984,2,7.083546411809266,4.59,12.073000000000002
AMERICAN SHAD,1985,2,-3.23504631255706,4.59,12.073000000000002
AMERICAN SHAD,1986,2,-5.851463566602746,4.59,12.073000000000002
AMERICAN SHAD,1987,2,-7.764175756704432,4.59,12.073000000000002
AMERICAN SHAD,1988,2,7.105957170392344,4.59,12.073000000000002
AMERICAN SHAD,1989,2,-5.7614821670604925,4.59,12.073000000000002
AMERICAN SHAD,1990,2,8.908459692429801,4.59,12.073000000000002
AMERICAN SHAD,1991,2,4.847774120336425,4.59,12.073000000000002
AMERICAN SHAD,1992,2,-2.1527320203290117,4.59,12.073000000000002
AMERICAN SHAD,1993,2,-2.371481246088365,4.59,12.073000000000002
AMERICAN SHAD,1994,2,-10.052323648527064,4.59,12.073000000000002
AMERICAN SHAD,1995,2,1.516705809973928,4.59,12.073000000000002
AMERICAN SHAD,1996,2,14.318372223205088,4.59,12.073000000000002
AMERICAN SHAD,1997,2,7.079633415737916,4.59,12.073000000000002
AMERICAN SHAD,1998,2,25.39941780998157,4.59,12.073000000000002
AMERICAN SHAD,1999,2,-1.8429547844993692,4.59,12.073000000000002
AMERICAN SHAD,2000,2,16.86689764508904,4.59,12.073000000000002
AMERICAN SHAD,2001,2,-0.349759445855625,4.59,12.073000000000002
AMERICAN SHAD,2002,2,8.312049870702424,4.59,12.073000000000002
AMERICAN SHAD,2003,2,3.847146192611177,4.59,12.073000000000002
AMERICAN SHAD,2004,2,-3.6130816688381486,4.59,12.073000000000002
AMERICAN SHAD,2005,2,-0.43753819883625056,4.59,12.073000000000002
AMERICAN SHAD,2006,2,4.039143617361475,4.59,12.073000000000002
AMERICAN SHAD,2007,2,20.8745171131104,4.59,12.073000000000002
AMERICAN SHAD,2008,2,17.220456434366895,4.59,12.073000000000002
AMERICAN SHAD,2009,2,-3.329506385131964,4.59,12.073000000000002
AMERICAN SHAD,2010,2,3.912020721490478,4.59,12.073000000000002
AMERICAN SHAD,2011,2,6.7899373908825424,4.59,12.073000000000002
AMERICAN SHAD,2012,2,3.579196898997992,4.59,12.073000000000002
AMERICAN SHAD,2013,2,2.4115097761739577,4.59,12.073000000000002
AMERICAN SHAD,2014,2,-1.2720462917993132,4.59,12.073000000000002
AMERICAN SHAD,2015,2,-8.586958104848875,4.59,12.073000000000002
AMERICAN SHAD,2016,2,-3.3491679734472655,4.59,12.073000000000002
AMERICAN SHAD,2017,2,1.6281928470524178,4.59,12.073000000000002
AMERICAN SHAD,2018,2,10.980851945579914,4.59,12.073000000000002
AMERICAN SHAD,2019,2,-3.4133157019776803,4.59,12.073000000000002
AMERICAN SHAD,2020,2,16.86169268377597,4.59,12.073000000000002
AMERICAN SHAD,2022,2,-6.797065031164607,4.59,12.073000000000002
AMERICAN SHAD,2023,2,11.043826469134174,4.59,12.073000000000002
AMERICAN SHAD,2024,2,13.0511903550927,4.59,12.073000000000002
ATLANTIC COD,1959,2,0,4.291000000000001,11.36
ATLANTIC COD,1960,2,0.06666149575562486,4.291000000000001,11.36
ATLANTIC COD,1961,2,0.965197240037881,4.291000000000001,11.36
ATLANTIC COD,1962,2,-1.6463466113931702,4.291000000000001,11.36
ATLANTIC COD,1963,2,4.009367061106033,4.291000000000001,11.36
ATLANTIC COD,1964,2,5.0013774259898724,4.291000000000001,11.36
ATLANTIC COD,1965,2,-0.40541746769721954,4.291000000000001,11.36
ATLANTIC COD,1966,2,6.084760260234219,4.291000000000001,11.36
ATLANTIC COD,1967,2,-1.4591078810277622,4.291000000000001,11.36
ATLANTIC COD,1968,2,-5.728531381345192,4.291000000000001,11.36
ATLANTIC COD,1969,2,-14.051572868621221,4.291000000000001,11.36
ATLANTIC COD,1970,2,7.328971109442108,4.291000000000001,11.36
ATLANTIC COD,1971,2,-2.487041538495518,4.291000000000001,11.36
ATLANTIC COD,1972,2,5.522992031227886,4.291000000000001,11.36
ATLANTIC COD,1973,2,0.8073902612511858,4.291000000000001,11.36
ATLANTIC COD,1974,2,2.1189920025103532,4.291000000000001,11.36
ATLANTIC COD,1975,2,4.6032920944249724,4.291000000000001,11.36
ATLANTIC COD,1976,2,11.072301137745654,4.291000000000001,11.36
ATLANTIC COD,1977,2,-6.255215660511766,4.291000000000001,11.36
ATLANTIC COD,1978,2,-2.8739126296031543,4.291000000000001,11.36
ATLANTIC COD,1979,2,-2.6102539027772167,4.291000000000001,11.36
ATLANTIC COD,1980,2,0.11981139554536924,4.291000000000001,11.36
ATLANTIC COD,1981,2,0.11337262472166287,4.291000000000001,11.36
ATLANTIC COD,1982,2,-6.194891150510202,4.291000000000001,11.36
ATLANTIC COD,1983,2,4.9725949182614215,4.291000000000001,11.36
ATLANTIC COD,1984,2,6.92912963191597,4.291000000000001,11.36
ATLANTIC COD,1985,2,1.5121103883988525,4.291000000000001,11.36
ATLANTIC COD,1986,2,0.6117022541486392,4.291000000000001,11.36
ATLANTIC COD,1987,2,-2.9086659825513834,4.291000000000001,11.36
ATLANTIC COD,1988,2,7.267497603744886,4.291000000000001,11.36
ATLANTIC COD,1989,2,-5.020906119714809,4.291000000000001,11.36
ATLANTIC COD,1990,2,7.255600965423284,4.291000000000001,11.36
ATLANTIC COD,1991,2,3.766655257908411,4.291000000000001,11.36
ATLANTIC COD,1992,2,-0.6795093462315123,4.291000000000001,11.36
ATLANTIC COD,1993,2,-5.473803490815953,4.291000000000001,11.36
ATLANTIC COD,1994,2,-3.899559952017853,4.291000000000001,11.36
ATLANTIC COD,1995,2,4.567070490172597,4.291000000000001,11.36
ATLANTIC COD,1996,2,17.48232468058987,4.291000000000001,11.36
ATLANTIC COD,1997,2,9.718309095367644,4.291000000000001,11.36
ATLANTIC COD,1998,2,25.005839836722046,4.291000000000001,11.36
ATLANTIC COD,1999,2,-0.3376120067827202,4.291000000000001,11.36
ATLANTIC COD,2000,2,12.069851065875056,4.291000000000001,11.36
ATLANTIC COD,2001,2,4.664422588030277,4.291000000000001,11.36
ATLANTIC COD,2002,2,8.28491624747943,4.291000000000001,11.36
ATLANTIC COD,2003,2,-0.10323707466385201,4.291000000000001,11.36
ATLANTIC COD,2004,2,-1.8309727364252097,4.291000000000001,11.36
ATLANTIC COD,2005,2,1.042409878669659,4.291000000000001,11.36
ATLANTIC COD,2006,2,8.086599064634242,4.291000000000001,11.36
ATLANTIC COD,2007,2,17.288140828446572,4.291000000000001,11.36
ATLANTIC COD,2008,2,14.551747455070497,4.291000000000001,11.36
ATLANTIC COD,2009,2,-1.7749427082372051,4.291000000000001,11.36
ATLANTIC COD,2010,2,6.186579741859816,4.291000000000001,11.36
ATLANTIC COD,2011,2,11.50739115820761,4.291000000000001,11.36
ATLANTIC COD,2012,2,-0.18859936928761556,4.291000000000001,11.36
ATLANTIC COD,2013,2,4.862440810893318,4.291000000000001,11.36
ATLANTIC COD,2014,2,-2.7858590540773633,4.291000000000001,11.36
ATLANTIC COD,2015,2,-5.102479124398187,4.291000000000001,11.36
ATLANTIC COD,2016,2,-0.2655597290549423,4.291000000000001,11.36
ATLANTIC COD,2017,2,3.794365750032483,4.291000000000001,11.36
ATLANTIC COD,2018,2,11.604081913843245,4.291000000000001,11.36
ATLANTIC COD,2019,2,8.13754281393443,4.291000000000001,11.36
ATLANTIC COD,2020,2,6.979003720436495,4.291000000000001,11.36
ATLANTIC COD,2022,2,-1.5397740917310614,4.291000000000001,11.36
ATLANTIC COD,2023,2,15.275290817497165,4.291000000000001,11.36
ATLANTIC COD,2024,2,16.463970897885716,4.291000000000001,11.36
ATLANTIC CROAKER,1959,2,0,13.497,25.173000000000005
ATLANTIC CROAKER,1960,2,0.4275864887961247,13.497,25.173000000000005
ATLANTIC CROAKER,1961,2,1.542232297436322,13.497,25.173000000000005
ATLANTIC CROAKER,1962,2,-0.19553083326338871,13.497,25.173000000000005
ATLANTIC CROAKER,1963,2,8.135429337156495,13.497,25.173000000000005
ATLANTIC CROAKER,1964,2,10.212757951728094,13.497,25.173000000000005
ATLANTIC CROAKER,1965,2,-27.593467913858714,13.497,25.173000000000005
ATLANTIC CROAKER,1966,2,-21.80640793878778,13.497,25.173000000000005
ATLANTIC CROAKER,1967,2,-23.921378349388704,13.497,25.173000000000005
ATLANTIC CROAKER,1968,2,-7.3638822777737625,13.497,25.173000000000005
ATLANTIC CROAKER,1969,2,-15.633119178627961,13.497,25.173000000000005
ATLANTIC CROAKER,1970,2,-8.235912899049316,13.497,25.173000000000005
ATLANTIC CROAKER,1971,2,-13.135312700845986,13.497,25.173000000000005
ATLANTIC CROAKER,1972,2,-10.681568971796594,13.497,25.173000000000005
ATLANTIC CROAKER,1973,2,-7.548318301860081,13.497,25.173000000000005
ATLANTIC CROAKER,1974,2,6.512534378208808,13.497,25.173000000000005
ATLANTIC CROAKER,1975,2,3.080586886393127,13.497,25.173000000000005
ATLANTIC CROAKER,1976,2,-0.9507728335051411,13.497,25.173000000000005
ATLANTIC CROAKER,1977,2,3.6104533805546097,13.497,25.173000000000005
ATLANTIC CROAKER,1978,2,15.116962136417683,13.497,25.173000000000005
ATLANTIC CROAKER,1979,2,-12.138313873133225,13.497,25.173000000000005
ATLANTIC CROAKER,1980,2,-36.76669019709051,13.497,25.173000000000005
ATLANTIC CROAKER,1981,2,-23.096101916065738,13.497,25.173000000000005
ATLANTIC CROAKER,1982,2,3.2435407486128645,13.497,25.173000000000005
ATLANTIC CROAKER,1983,2,19.506947812274543,13.497,25.173000000000005
ATLANTIC CROAKER,1984,2,-11.112674334449196,13.497,25.173000000000005
ATLANTIC CROAKER,1985,2,23.253620318791825,13.497,25.173000000000005
ATLANTIC CROAKER,1986,2,20.415128247975378,13.497,25.173000000000005
ATLANTIC CROAKER,1987,2,-1.0070839664808,13.497,25.173000000000005
ATLANTIC CROAKER,1988,2,-3.176663434516737,13.497,25.173000000000005
ATLANTIC CROAKER,1989,2,15.968858369043481,13.497,25.173000000000005
ATLANTIC CROAKER,1990,2,37.08588467868191,13.497,25.173000000000005
ATLANTIC CROAKER,1991,2,26.315325031918395,13.497,25.173000000000005
ATLANTIC CROAKER,1992,2,30.537887159728854,13.497,25.173000000000005
ATLANTIC CROAKER,1993,2,-9.732592257867559,13.497,25.173000000000005
ATLANTIC CROAKER,1994,2,27.175508374897653,13.497,25.173000000000005
ATLANTIC CROAKER,1995,2,6.931882964401239,13.497,25.173000000000005
ATLANTIC CROAKER,1996,2,1.321441793798968,13.497,25.173000000000005
ATLANTIC CROAKER,1997,2,26.495946265531778,13.497,25.173000000000005
ATLANTIC CROAKER,1998,2,-9.29836517260723,13.497,25.173000000000005
ATLANTIC CROAKER,1999,2,27.071050030110147,13.497,25.173000000000005
ATLANTIC CROAKER,2000,2,31.101343295999193,13.497,25.173000000000005
ATLANTIC CROAKER,2001,2,8.248771961958553,13.497,25.173000000000005
ATLANTIC CROAKER,2002,2,63.49899480951193,13.497,25.173000000000005
ATLANTIC CROAKER,2003,2,-10.941984938036427,13.497,25.173000000000005
ATLANTIC CROAKER,2004,2,9.067406751778282,13.497,25.173000000000005
ATLANTIC CROAKER,2005,2,-3.3819883417108665,13.497,25.173000000000005
ATLANTIC CROAKER,2006,2,25.820068074608116,13.497,25.173000000000005
ATLANTIC CROAKER,2007,2,-12.859170869011836,13.497,25.173000000000005
ATLANTIC CROAKER,2008,2,28.350919986037752,13.497,25.173000000000005
ATLANTIC CROAKER,2009,2,53.20828246907379,13.497,25.173000000000005
ATLANTIC CROAKER,2010,2,6.630349359118792,13.497,25.173000000000005
ATLANTIC CROAKER,2011,2,64.27940772837539,13.497,25.173000000000005
ATLANTIC CROAKER,2012,2,47.27924151144147,13.497,25.173000000000005
ATLANTIC CROAKER,2013,2,9.41127298572389,13.497,25.173000000000005
ATLANTIC CROAKER,2014,2,39.74504881292988,13.497,25.173000000000005
ATLANTIC CROAKER,2015,2,80.9846048604712,13.497,25.173000000000005
ATLANTIC CROAKER,2016,2,53.22440085675277,13.497,25.173000000000005
ATLANTIC CROAKER,2017,2,40.229458896466376,13.497,25.173000000000005
ATLANTIC CROAKER,2018,2,12.074080804357298,13.497,25.173000000000005
ATLANTIC CROAKER,2019,2,54.250734026223355,13.497,25.173000000000005
ATLANTIC CROAKER,2020,2,62.38405320187695,13.497,25.173000000000005
ATLANTIC CROAKER,2022,2,94.86956558714441,13.497,25.173000000000005
ATLANTIC CROAKER,2023,2,72.68569144556704,13.497,25.173000000000005
ATLANTIC CROAKER,2024,2,52.75919589313785,13.497,25.173000000000005
ATLANTIC HALIBUT,1959,2,0,4.2,10.612
ATLANTIC HALIBUT,1960,2,9.264118218002423,4.2,10.612
ATLANTIC HALIBUT,1961,2,-7.601597308639015,4.2,10.612
ATLANTIC HALIBUT,1962,2,-4.910752031275081,4.2,10.612
ATLANTIC HALIBUT,1963,2,14.068119809963619,4.2,10.612
ATLANTIC HALIBUT,1964,2,9.528207698659145,4.2,10.612
ATLANTIC HALIBUT,1965,2,-7.887250534608555,4.2,10.612
ATLANTIC HALIBUT,1966,2,0.9321119444743005,4.2,10.612
ATLANTIC HALIBUT,1967,2,-10.035547336772204,4.2,10.612
ATLANTIC HALIBUT,1968,2,-4.383745120041482,4.2,10.612
ATLANTIC HALIBUT,1969,2,-4.341044732667427,4.2,10.612
ATLANTIC HALIBUT,1970,2,16.646145387686502,4.2,10.612
ATLANTIC HALIBUT,1971,2,2.7920872288810017,4.2,10.612
ATLANTIC HALIBUT,1972,2,7.903982303777283,4.2,10.612
ATLANTIC HALIBUT,1973,2,2.6770195660110545,4.2,10.612
ATLANTIC HALIBUT,1974,2,-0.26673423739985935,4.2,10.612
ATLANTIC HALIBUT,1975,2,23.54211677407102,4.2,10.612
ATLANTIC HALIBUT,1976,2,13.220147968011105,4.2,10.612
ATLANTIC HALIBUT,1977,2,3.0764066174823625,4.2,10.612
ATLANTIC HALIBUT,1978,2,7.927937879292102,4.2,10.612
ATLANTIC HALIBUT,1979,2,-6.400394923274305,4.2,10.612
ATLANTIC HALIBUT,1980,2,3.898517449509896,4.2,10.612
ATLANTIC HALIBUT,1981,2,13.326311425686484,4.2,10.612
ATLANTIC HALIBUT,1982,2,13.638586172044441,4.2,10.612
ATLANTIC HALIBUT,1983,2,8.541697615597073,4.2,10.612
ATLANTIC HALIBUT,1984,2,10.477563935925033,4.2,10.612
ATLANTIC HALIBUT,1985,2,10.814260031314433,4.2,10.612
ATLANTIC HALIBUT,1986,2,18.54572921192731,4.2,10.612
ATLANTIC HALIBUT,1987,2,-5.889714465791926,4.2,10.612
ATLANTIC HALIBUT,1988,2,16.201093616919835,4.2,10.612
ATLANTIC HALIBUT,1989,2,-7.560261207568701,4.2,10.612
ATLANTIC HALIBUT,1990,2,12.27953194311624,4.2,10.612
ATLANTIC HALIBUT,1991,2,0.9905272016364961,4.2,10.612
ATLANTIC HALIBUT,1992,2,-4.583458782987741,4.2,10.612
ATLANTIC HALIBUT,1993,2,-6.774293455618178,4.2,10.612
ATLANTIC HALIBUT,1994,2,20.699220262933565,4.2,10.612
ATLANTIC HALIBUT,1995,2,11.668591596011709,4.2,10.612
ATLANTIC HALIBUT,1996,2,18.94084033458647,4.2,10.612
ATLANTIC HALIBUT,1997,2,22.179282581655343,4.2,10.612
ATLANTIC HALIBUT,1998,2,17.619333593542592,4.2,10.612
ATLANTIC HALIBUT,1999,2,6.772017037046851,4.2,10.612
ATLANTIC HALIBUT,2000,2,28.00486962881206,4.2,10.612
ATLANTIC HALIBUT,2001,2,15.174733669881007,4.2,10.612
ATLANTIC HALIBUT,2002,2,24.43578082562557,4.2,10.612
ATLANTIC HALIBUT,2003,2,1.8861013043422332,4.2,10.612
ATLANTIC HALIBUT,2004,2,-11.42836331701072,4.2,10.612
ATLANTIC HALIBUT,2005,2,-2.1046063322796016,4.2,10.612
ATLANTIC HALIBUT,2006,2,26.743924877448137,4.2,10.612
ATLANTIC HALIBUT,2007,2,5.742857241973965,4.2,10.612
ATLANTIC HALIBUT,2008,2,22.60877268698283,4.2,10.612
ATLANTIC HALIBUT,2009,2,12.507038579462147,4.2,10.612
ATLANTIC HALIBUT,2010,2,17.081976496016523,4.2,10.612
ATLANTIC HALIBUT,2011,2,23.253033168659073,4.2,10.612
ATLANTIC HALIBUT,2012,2,15.712937986123691,4.2,10.612
ATLANTIC HALIBUT,2013,2,26.530066769201497,4.2,10.612
ATLANTIC HALIBUT,2014,2,15.167759021519785,4.2,10.612
ATLANTIC HALIBUT,2015,2,12.246740818189508,4.2,10.612
ATLANTIC HALIBUT,2016,2,15.46544041473841,4.2,10.612
ATLANTIC HALIBUT,2017,2,15.858930173091167,4.2,10.612
ATLANTIC HALIBUT,2018,2,18.533819767880374,4.2,10.612
ATLANTIC HALIBUT,2019,2,15.969712599720424,4.2,10.612
ATLANTIC HALIBUT,2020,2,25.43603108176093,4.2,10.612
ATLANTIC HALIBUT,2022,2,18.133279711007646,4.2,10.612
ATLANTIC HALIBUT,2023,2,23.99823057238939,4.2,10.612
ATLANTIC HALIBUT,2024,2,14.074067975917501,4.2,10.612
ATLANTIC HERRING,1959,2,0,4.25,10.4
ATLANTIC HERRING,1960,2,-3.3558408281344185,4.25,10.4
ATLANTIC HERRING,1961,2,1.993113061431032,4.25,10.4
ATLANTIC HERRING,1962,2,-7.29365735498213,4.25,10.4
ATLANTIC HERRING,1963,2,-0.27594075541469465,4.25,10.4
ATLANTIC HERRING,1964,2,3.84180227063797,4.25,10.4
ATLANTIC HERRING,1965,2,-2.961683198442671,4.25,10.4
ATLANTIC HERRING,1966,2,5.996687198426727,4.25,10.4
ATLANTIC HERRING,1967,2,-4.14174196844651,4.25,10.4
ATLANTIC HERRING,1968,2,-6.19554999267757,4.25,10.4
ATLANTIC HERRING,1969,2,-17.358700592137865,4.25,10.4
ATLANTIC HERRING,1970,2,0.7895633464343064,4.25,10.4
ATLANTIC HERRING,1971,2,-5.437558125716848,4.25,10.4
ATLANTIC HERRING,1972,2,-3.7459875653306796,4.25,10.4
ATLANTIC HERRING,1973,2,-5.697934738245195,4.25,10.4
ATLANTIC HERRING,1974,2,-14.182461247118688,4.25,10.4
ATLANTIC HERRING,1975,2,-4.6997417102467836,4.25,10.4
ATLANTIC HERRING,1976,2,-6.355956181498534,4.25,10.4
ATLANTIC HERRING,1977,2,-14.597311266850745,4.25,10.4
ATLANTIC HERRING,1978,2,-15.187243538947598,4.25,10.4
ATLANTIC HERRING,1979,2,-8.825254345507602,4.25,10.4
ATLANTIC HERRING,1980,2,-8.637416403386183,4.25,10.4
ATLANTIC HERRING,1981,2,-6.42654213352948,4.25,10.4
ATLANTIC HERRING,1982,2,-11.928193121409436,4.25,10.4
ATLANTIC HERRING,1983,2,-3.698932632244123,4.25,10.4
ATLANTIC HERRING,1984,2,3.368450709583499,4.25,10.4
ATLANTIC HERRING,1985,2,-12.381467921312009,4.25,10.4
ATLANTIC HERRING,1986,2,-13.083677806815771,4.25,10.4
ATLANTIC HERRING,1987,2,-10.172834541145974,4.25,10.4
ATLANTIC HERRING,1988,2,-1.147006746913135,4.25,10.4
ATLANTIC HERRING,1989,2,-12.857325074170987,4.25,10.4
ATLANTIC HERRING,1990,2,-4.3478624238310175,4.25,10.4
ATLANTIC HERRING,1991,2,-13.026438534817636,4.25,10.4
ATLANTIC HERRING,1992,2,-9.129410473769994,4.25,10.4
ATLANTIC HERRING,1993,2,-16.559439950298973,4.25,10.4
ATLANTIC HERRING,1994,2,-14.972967763113957,4.25,10.4
ATLANTIC HERRING,1995,2,-5.380553412330052,4.25,10.4
ATLANTIC HERRING,1996,2,17.67511052022317,4.25,10.4
ATLANTIC HERRING,1997,2,-1.3813225394866038,4.25,10.4
ATLANTIC HERRING,1998,2,17.44057778805717,4.25,10.4
ATLANTIC HERRING,1999,2,-11.983520862074762,4.25,10.4
ATLANTIC HERRING,2000,2,-3.155946442523714,4.25,10.4
ATLANTIC HERRING,2001,2,-2.8136592128456073,4.25,10.4
ATLANTIC HERRING,2002,2,-8.695287400940074,4.25,10.4
ATLANTIC HERRING,2003,2,-7.038046164827975,4.25,10.4
ATLANTIC HERRING,2004,2,-3.6742745373338295,4.25,10.4
ATLANTIC HERRING,2005,2,-6.920007597202897,4.25,10.4
ATLANTIC HERRING,2006,2,-5.078759583978865,4.25,10.4
ATLANTIC HERRING,2007,2,16.73795295680037,4.25,10.4
ATLANTIC HERRING,2008,2,0.3913616265630111,4.25,10.4
ATLANTIC HERRING,2009,2,-13.476690563616394,4.25,10.4
ATLANTIC HERRING,2010,2,-3.853492272822976,4.25,10.4
ATLANTIC HERRING,2011,2,0.03089024146304098,4.25,10.4
ATLANTIC HERRING,2012,2,-22.611909598920022,4.25,10.4
ATLANTIC HERRING,2013,2,-12.202978828727993,4.25,10.4
ATLANTIC HERRING,2014,2,-14.156296225536138,4.25,10.4
ATLANTIC HERRING,2015,2,-14.33644577900803,4.25,10.4
ATLANTIC HERRING,2016,2,-16.830882184880764,4.25,10.4
ATLANTIC HERRING,2017,2,-8.912436542802887,4.25,10.4
ATLANTIC HERRING,2018,2,-3.526029645195095,4.25,10.4
ATLANTIC HERRING,2019,2,-11.488086050601439,4.25,10.4
ATLANTIC HERRING,2020,2,-8.269657544471997,4.25,10.4
ATLANTIC HERRING,2022,2,-19.856877804043634,4.25,10.4
ATLANTIC HERRING,2023,2,-3.2194599850630823,4.25,10.4
ATLANTIC HERRING,2024,2,12.839094765883985,4.25,10.4
ATLANTIC MACKEREL,1959,2,0,5.34,12.8
ATLANTIC MACKEREL,1960,2,-14.79542367437498,5.34,12.8
ATLANTIC MACKEREL,1961,2,-11.081370011104795,5.34,12.8
ATLANTIC MACKEREL,1962,2,-12.682196836606742,5.34,12.8
ATLANTIC MACKEREL,1963,2,1.2218357469283845,5.34,12.8
ATLANTIC MACKEREL,1964,2,8.47885760399894,5.34,12.8
ATLANTIC MACKEREL,1965,2,1.1250690092305007,5.34,12.8
ATLANTIC MACKEREL,1966,2,5.235120698157921,5.34,12.8
ATLANTIC MACKEREL,1967,2,1.4951098048340086,5.34,12.8
ATLANTIC MACKEREL,1968,2,-9.307207208763955,5.34,12.8
ATLANTIC MACKEREL,1969,2,-22.93689277228495,5.34,12.8
ATLANTIC MACKEREL,1970,2,10.010986598845513,5.34,12.8
ATLANTIC MACKEREL,1971,2,-3.392693424770009,5.34,12.8
ATLANTIC MACKEREL,1972,2,7.84969648370123,5.34,12.8
ATLANTIC MACKEREL,1973,2,0.17542165133091459,5.34,12.8
ATLANTIC MACKEREL,1974,2,15.736001645758101,5.34,12.8
ATLANTIC MACKEREL,1975,2,8.634412494772342,5.34,12.8
ATLANTIC MACKEREL,1976,2,28.289938046959286,5.34,12.8
ATLANTIC MACKEREL,1977,2,-6.306098434711338,5.34,12.8
ATLANTIC MACKEREL,1978,2,-9.119947549554077,5.34,12.8
ATLANTIC MACKEREL,1979,2,-2.4643624662841717,5.34,12.8
ATLANTIC MACKEREL,1980,2,2.13584669081726,5.34,12.8
ATLANTIC MACKEREL,1981,2,-4.129516509309205,5.34,12.8
ATLANTIC MACKEREL,1982,2,-16.57186898325015,5.34,12.8
ATLANTIC MACKEREL,1983,2,14.61857750807723,5.34,12.8
ATLANTIC MACKEREL,1984,2,14.474119573942666,5.34,12.8
ATLANTIC MACKEREL,1985,2,2.9243308125824186,5.34,12.8
ATLANTIC MACKEREL,1986,2,4.659571571916139,5.34,12.8
ATLANTIC MACKEREL,1987,2,2.7819068630659487,5.34,12.8
ATLANTIC MACKEREL,1988,2,16.30630725780427,5.34,12.8
ATLANTIC MACKEREL,1989,2,1.820563162743774,5.34,12.8
ATLANTIC MACKEREL,1990,2,18.53759756390732,5.34,12.8
ATLANTIC MACKEREL,1991,2,15.649438829239877,5.34,12.8
ATLANTIC MACKEREL,1992,2,0.6491166892473288,5.34,12.8
ATLANTIC MACKEREL,1993,2,-2.1119339115215183,5.34,12.8
ATLANTIC MACKEREL,1994,2,2.9913175037554893,5.34,12.8
ATLANTIC MACKEREL,1995,2,11.547274591335984,5.34,12.8
ATLANTIC MACKEREL,1996,2,14.754251148295971,5.34,12.8
ATLANTIC MACKEREL,1997,2,19.179354752913248,5.34,12.8
ATLANTIC MACKEREL,1998,2,27.855235557966928,5.34,12.8
ATLANTIC MACKEREL,1999,2,5.70992876286477,5.34,12.8
ATLANTIC MACKEREL,2000,2,37.23580249695748,5.34,12.8
ATLANTIC MACKEREL,2001,2,8.28903721112352,5.34,12.8
ATLANTIC MACKEREL,2002,2,24.44550805388534,5.34,12.8
ATLANTIC MACKEREL,2003,2,5.894533047632571,5.34,12.8
ATLANTIC MACKEREL,2004,2,-8.681162942185047,5.34,12.8
ATLANTIC MACKEREL,2005,2,2.2265931370873204,5.34,12.8
ATLANTIC MACKEREL,2006,2,21.03322350171357,5.34,12.8
ATLANTIC MACKEREL,2007,2,21.11243183810351,5.34,12.8
ATLANTIC MACKEREL,2008,2,22.676323041273115,5.34,12.8
ATLANTIC MACKEREL,2009,2,-2.1423407649115447,5.34,12.8
ATLANTIC MACKEREL,2010,2,15.739192572487944,5.34,12.8
ATLANTIC MACKEREL,2011,2,15.87667140166807,5.34,12.8
ATLANTIC MACKEREL,2012,2,18.783205641519864,5.34,12.8
ATLANTIC MACKEREL,2013,2,14.025552254609288,5.34,12.8
ATLANTIC MACKEREL,2014,2,2.3634792620212934,5.34,12.8
ATLANTIC MACKEREL,2015,2,-1.974123596164155,5.34,12.8
ATLANTIC MACKEREL,2016,2,11.870389399330698,5.34,12.8
ATLANTIC MACKEREL,2017,2,8.249940998543629,5.34,12.8
ATLANTIC MACKEREL,2018,2,17.16223640925815,5.34,12.8
ATLANTIC MACKEREL,2019,2,4.258252390180921,5.34,12.8
ATLANTIC MACKEREL,2020,2,29.047698044166218,5.34,12.8
ATLANTIC MACKEREL,2022,2,15.131814240357635,5.34,12.8
ATLANTIC MACKEREL,2023,2,33.60076814116511,5.34,12.8
ATLANTIC MACKEREL,2024,2,22.86553919816037,5.34,12.8
ATLANTIC SURFCLAM,1959,2,0,6.496,19.1
ATLANTIC SURFCLAM,1960,2,-13.04699067403017,6.496,19.1
ATLANTIC SURFCLAM,1961,2,-12.231273278075498,6.496,19.1
ATLANTIC SURFCLAM,1962,2,-7.193405305525232,6.496,19.1
ATLANTIC SURFCLAM,1963,2,-8.050562490467527,6.496,19.1
ATLANTIC SURFCLAM,1964,2,3.2659599132815345,6.496,19.1
ATLANTIC SURFCLAM,1965,2,-10.722925237835767,6.496,19.1
ATLANTIC SURFCLAM,1966,2,-20.916882382987673,6.496,19.1
ATLANTIC SURFCLAM,1967,2,-17.397525890194807,6.496,19.1
ATLANTIC SURFCLAM,1968,2,-12.972704085599247,6.496,19.1
ATLANTIC SURFCLAM,1969,2,-26.820088982072214,6.496,19.1
ATLANTIC SURFCLAM,1970,2,-4.321073121165455,6.496,19.1
ATLANTIC SURFCLAM,1971,2,-9.407354326416083,6.496,19.1
ATLANTIC SURFCLAM,1972,2,-1.2743549718750131,6.496,19.1
ATLANTIC SURFCLAM,1973,2,-4.831463209085101,6.496,19.1
ATLANTIC SURFCLAM,1974,2,11.202685526337802,6.496,19.1
ATLANTIC SURFCLAM,1975,2,7.016324149373588,6.496,19.1
ATLANTIC SURFCLAM,1976,2,11.443431688033314,6.496,19.1
ATLANTIC SURFCLAM,1977,2,-1.467523964003064,6.496,19.1
ATLANTIC SURFCLAM,1978,2,-2.436329572414877,6.496,19.1
ATLANTIC SURFCLAM,1979,2,-3.2023613790856444,6.496,19.1
ATLANTIC SURFCLAM,1980,2,-3.927213457357496,6.496,19.1
ATLANTIC SURFCLAM,1981,2,-4.1451694822533796,6.496,19.1
ATLANTIC SURFCLAM,1982,2,2.7666988058752082,6.496,19.1
ATLANTIC SURFCLAM,1983,2,6.763028725481178,6.496,19.1
ATLANTIC SURFCLAM,1984,2,-10.479358033960075,6.496,19.1
ATLANTIC SURFCLAM,1985,2,4.733350366574143,6.496,19.1
ATLANTIC SURFCLAM,1986,2,1.0929725156996284,6.496,19.1
ATLANTIC SURFCLAM,1987,2,-10.737701502126036,6.496,19.1
ATLANTIC SURFCLAM,1988,2,-6.0821633855347415,6.496,19.1
ATLANTIC SURFCLAM,1989,2,-7.495336196714916,6.496,19.1
ATLANTIC SURFCLAM,1990,2,8.570323966062588,6.496,19.1
ATLANTIC SURFCLAM,1991,2,9.64996605709048,6.496,19.1
ATLANTIC SURFCLAM,1992,2,5.229668251424215,6.496,19.1
ATLANTIC SURFCLAM,1993,2,-39.07853353205854,6.496,19.1
ATLANTIC SURFCLAM,1994,2,-21.037040898843934,6.496,19.1
ATLANTIC SURFCLAM,1995,2,-10.592362419326648,6.496,19.1
ATLANTIC SURFCLAM,1996,2,-38.30453530192977,6.496,19.1
ATLANTIC SURFCLAM,1997,2,-10.656080317668767,6.496,19.1
ATLANTIC SURFCLAM,1998,2,4.179908755889699,6.496,19.1
ATLANTIC SURFCLAM,1999,2,-19.443997716673522,6.496,19.1
ATLANTIC SURFCLAM,2000,2,-1.673771961892001,6.496,19.1
ATLANTIC SURFCLAM,2001,2,-27.809997579990096,6.496,19.1
ATLANTIC SURFCLAM,2002,2,-1.0536756540046923,6.496,19.1
ATLANTIC SURFCLAM,2003,2,-32.05649713652515,6.496,19.1
ATLANTIC SURFCLAM,2004,2,-44.25611473092795,6.496,19.1
ATLANTIC SURFCLAM,2005,2,-39.01254204761268,6.496,19.1
ATLANTIC SURFCLAM,2006,2,1.18877423770968,6.496,19.1
ATLANTIC SURFCLAM,2007,2,-7.594210397695605,6.496,19.1
ATLANTIC SURFCLAM,2008,2,-5.940396007100205,6.496,19.1
ATLANTIC SURFCLAM,2009,2,-18.775631525333495,6.496,19.1
ATLANTIC SURFCLAM,2010,2,-30.37282746149868,6.496,19.1
ATLANTIC SURFCLAM,2011,2,-11.807316135909218,6.496,19.1
ATLANTIC SURFCLAM,2012,2,-3.0124394859802948,6.496,19.1
ATLANTIC SURFCLAM,2013,2,-6.10497028349188,6.496,19.1
ATLANTIC SURFCLAM,2014,2,-29.071265113531936,6.496,19.1
ATLANTIC SURFCLAM,2015,2,-32.94756964280653,6.496,19.1
ATLANTIC SURFCLAM,2016,2,-11.307157276378092,6.496,19.1
ATLANTIC SURFCLAM,2017,2,0.9897924891468364,6.496,19.1
ATLANTIC SURFCLAM,2018,2,-31.9465609328876,6.496,19.1
ATLANTIC SURFCLAM,2019,2,-28.425308808450126,6.496,19.1
ATLANTIC SURFCLAM,2020,2,-2.7172656761560887,6.496,19.1
ATLANTIC SURFCLAM,2022,2,-5.190797029965651,6.496,19.1
ATLANTIC SURFCLAM,2023,2,-0.37255605598382147,6.496,19.1
ATLANTIC SURFCLAM,2024,2,-9.908217008282875,6.496,19.1
BARNDOOR SKATE,1959,2,0,5.817,13.68
BARNDOOR SKATE,1960,2,-17.408431036048093,5.817,13.68
BARNDOOR SKATE,1961,2,-19.885144859398018,5.817,13.68
BARNDOOR SKATE,1962,2,-10.173489676309643,5.817,13.68
BARNDOOR SKATE,1963,2,-11.741696146072911,5.817,13.68
BARNDOOR SKATE,1964,2,-4.757080809767473,5.817,13.68
BARNDOOR SKATE,1965,2,-3.868359425850244,5.817,13.68
BARNDOOR SKATE,1966,2,1.75864125752463,5.817,13.68
BARNDOOR SKATE,1967,2,0.20345530579926674,5.817,13.68
BARNDOOR SKATE,1968,2,-13.300286969438837,5.817,13.68
BARNDOOR SKATE,1969,2,-7.664475591282553,5.817,13.68
BARNDOOR SKATE,1970,2,7.581358360768519,5.817,13.68
BARNDOOR SKATE,1971,2,-9.052463050076973,5.817,13.68
BARNDOOR SKATE,1972,2,10.16175425929795,5.817,13.68
BARNDOOR SKATE,1973,2,1.5623690589990957,5.817,13.68
BARNDOOR SKATE,1974,2,16.77176764326407,5.817,13.68
BARNDOOR SKATE,1975,2,1.7895600232800888,5.817,13.68
BARNDOOR SKATE,1976,2,26.032781786759685,5.817,13.68
BARNDOOR SKATE,1977,2,-0.21730642553626467,5.817,13.68
BARNDOOR SKATE,1978,2,-11.24802536814633,5.817,13.68
BARNDOOR SKATE,1979,2,-5.838714932403462,5.817,13.68
BARNDOOR SKATE,1980,2,5.428512328560956,5.817,13.68
BARNDOOR SKATE,1981,2,-4.490551653906806,5.817,13.68
BARNDOOR SKATE,1982,2,-12.017666000787443,5.817,13.68
BARNDOOR SKATE,1983,2,18.020493761352967,5.817,13.68
BARNDOOR SKATE,1984,2,13.239425404306786,5.817,13.68
BARNDOOR SKATE,1985,2,1.3278271114763243,5.817,13.68
BARNDOOR SKATE,1986,2,2.45238646196718,5.817,13.68
BARNDOOR SKATE,1987,2,7.204707936464615,5.817,13.68
BARNDOOR SKATE,1988,2,16.573713350043406,5.817,13.68
BARNDOOR SKATE,1989,2,8.080855061041902,5.817,13.68
BARNDOOR SKATE,1990,2,21.645452803416987,5.817,13.68
BARNDOOR SKATE,1991,2,13.539923507486847,5.817,13.68
BARNDOOR SKATE,1992,2,6.4858360864312345,5.817,13.68
BARNDOOR SKATE,1993,2,-8.277085241812003,5.817,13.68
BARNDOOR SKATE,1994,2,8.718015915366593,5.817,13.68
BARNDOOR SKATE,1995,2,3.9362393774015203,5.817,13.68
BARNDOOR SKATE,1996,2,1.257507674265156,5.817,13.68
BARNDOOR SKATE,1997,2,13.94126977905296,5.817,13.68
BARNDOOR SKATE,1998,2,-19.842203588638036,5.817,13.68
BARNDOOR SKATE,1999,2,-3.03100892090346,5.817,13.68
BARNDOOR SKATE,2000,2,34.53567376580557,5.817,13.68
BARNDOOR SKATE,2001,2,1.8158486571121415,5.817,13.68
BARNDOOR SKATE,2002,2,20.675589066069705,5.817,13.68
BARNDOOR SKATE,2003,2,-11.9506399162928,5.817,13.68
BARNDOOR SKATE,2004,2,-16.831785621413935,5.817,13.68
BARNDOOR SKATE,2005,2,-11.695350674237936,5.817,13.68
BARNDOOR SKATE,2006,2,8.63979944062406,5.817,13.68
BARNDOOR SKATE,2007,2,-5.3572732206073255,5.817,13.68
BARNDOOR SKATE,2008,2,6.082165440288705,5.817,13.68
BARNDOOR SKATE,2009,2,-6.206485573229784,5.817,13.68
BARNDOOR SKATE,2010,2,19.715019624500854,5.817,13.68
BARNDOOR SKATE,2011,2,1.6397756381960846,5.817,13.68
BARNDOOR SKATE,2012,2,9.875341266061042,5.817,13.68
BARNDOOR SKATE,2013,2,6.236212380481206,5.817,13.68
BARNDOOR SKATE,2014,2,-15.252554868078448,5.817,13.68
BARNDOOR SKATE,2015,2,-2.7669135343116267,5.817,13.68
BARNDOOR SKATE,2016,2,5.644320422091809,5.817,13.68
BARNDOOR SKATE,2017,2,-13.09037247470117,5.817,13.68
BARNDOOR SKATE,2018,2,4.219579017570311,5.817,13.68
BARNDOOR SKATE,2019,2,-15.964741985313623,5.817,13.68
BARNDOOR SKATE,2020,2,22.72187856605109,5.817,13.68
BARNDOOR SKATE,2022,2,20.81384556537199,5.817,13.68
BARNDOOR SKATE,2023,2,31.190719571749,5.817,13.68
BARNDOOR SKATE,2024,2,7.098083307078724,5.817,13.68
BLACK SEA BASS,1959,2,0,8.613,21.57
BLACK SEA BASS,1960,2,2.221661882326874,8.613,21.57
BLACK SEA BASS,1961,2,0.4013476809561318,8.613,21.57
BLACK SEA BASS,1962,2,15.864191308566642,8.613,21.57
BLACK SEA BASS,1963,2,11.46194819561049,8.613,21.57
BLACK SEA BASS,1964,2,10.231789326697662,8.613,21.57
BLACK SEA BASS,1965,2,-3.598771654232138,8.613,21.57
BLACK SEA BASS,1966,2,-11.435001018252992,8.613,21.57
BLACK SEA BASS,1967,2,1.3883127368469772,8.613,21.57
BLACK SEA BASS,1968,2,0.7732149359425584,8.613,21.57
BLACK SEA BASS,1969,2,2.918256813527833,8.613,21.57
BLACK SEA BASS,1970,2,4.949077713956417,8.613,21.57
BLACK SEA BASS,1971,2,2.0258285584803133,8.613,21.57
BLACK SEA BASS,1972,2,18.272882773438848,8.613,21.57
BLACK SEA BASS,1973,2,11.669466406146181,8.613,21.57
BLACK SEA BASS,1974,2,37.000849773662225,8.613,21.57
BLACK SEA BASS,1975,2,21.7135191587187,8.613,21.57
BLACK SEA BASS,1976,2,34.2489863457737,8.613,21.57
BLACK SEA BASS,1977,2,16.072419363967626,8.613,21.57
BLACK SEA BASS,1978,2,23.305709254646477,8.613,21.57
BLACK SEA BASS,1979,2,9.02476854332727,8.613,21.57
BLACK SEA BASS,1980,2,-0.24376306088687372,8.613,21.57
BLACK SEA BASS,1981,2,7.924351883666578,8.613,21.57
BLACK SEA BASS,1982,2,17.67299040127836,8.613,21.57
BLACK SEA BASS,1983,2,23.157134264919346,8.613,21.57
BLACK SEA BASS,1984,2,-0.014260028536465796,8.613,21.57
BLACK SEA BASS,1985,2,30.95041355654791,8.613,21.57
BLACK SEA BASS,1986,2,36.25455688357546,8.613,21.57
BLACK SEA BASS,1987,2,13.777080673558626,8.613,21.57
BLACK SEA BASS,1988,2,17.368794312345063,8.613,21.57
BLACK SEA BASS,1989,2,20.977067174819215,8.613,21.57
BLACK SEA BASS,1990,2,39.039741560019664,8.613,21.57
BLACK SEA BASS,1991,2,34.56381827937338,8.613,21.57
BLACK SEA BASS,1992,2,30.276868446259268,8.613,21.57
BLACK SEA BASS,1993,2,5.775460162284091,8.613,21.57
BLACK SEA BASS,1994,2,13.681525934385249,8.613,21.57
BLACK SEA BASS,1995,2,15.580983058291313,8.613,21.57
BLACK SEA BASS,1996,2,-1.8466798657064878,8.613,21.57
BLACK SEA BASS,1997,2,27.94775143051137,8.613,21.57
BLACK SEA BASS,1998,2,-5.570474950980419,8.613,21.57
BLACK SEA BASS,1999,2,22.63738619543027,8.613,21.57
BLACK SEA BASS,2000,2,32.80187105186751,8.613,21.57
BLACK SEA BASS,2001,2,9.576320141216826,8.613,21.57
BLACK SEA BASS,2002,2,42.844183953420696,8.613,21.57
BLACK SEA BASS,2003,2,1.3627897968044262,8.613,21.57
BLACK SEA BASS,2004,2,-12.626613000030254,8.613,21.57
BLACK SEA BASS,2005,2,2.7699925087199517,8.613,21.57
BLACK SEA BASS,2006,2,34.24287259546368,8.613,21.57
BLACK SEA BASS,2007,2,-2.137539318064121,8.613,21.57
BLACK SEA BASS,2008,2,30.33478920887855,8.613,21.57
BLACK SEA BASS,2009,2,22.520603678868245,8.613,21.57
BLACK SEA BASS,2010,2,3.0980894241701655,8.613,21.57
BLACK SEA BASS,2011,2,13.134599214682606,8.613,21.57
BLACK SEA BASS,2012,2,71.68152154465677,8.613,21.57
BLACK SEA BASS,2013,2,19.344937767410546,8.613,21.57
BLACK SEA BASS,2014,2,12.020684583272175,8.613,21.57
BLACK SEA BASS,2015,2,21.31641081146402,8.613,21.57
BLACK SEA BASS,2016,2,29.848437060642635,8.613,21.57
BLACK SEA BASS,2017,2,12.418970873977006,8.613,21.57
BLACK SEA BASS,2018,2,9.719327440595404,8.613,21.57
BLACK SEA BASS,2019,2,8.45220638179753,8.613,21.57
BLACK SEA BASS,2020,2,34.48838238976451,8.613,21.57
BLACK SEA BASS,2022,2,37.865962900482415,8.613,21.57
BLACK SEA BASS,2023,2,28.401111767704013,8.613,21.57
BLACK SEA BASS,2024,2,-0.9348656070882306,8.613,21.57
BLUEBACK HERRING,1959,2,0,3.97,10.700000000000001
BLUEBACK HERRING,1960,2,-5.172755621719901,3.97,10.700000000000001
BLUEBACK HERRING,1961,2,-1.3315678793805148,3.97,10.700000000000001
BLUEBACK HERRING,1962,2,-11.346224120187472,3.97,10.700000000000001
BLUEBACK HERRING,1963,2,-3.6100601952124123,3.97,10.700000000000001
BLUEBACK HERRING,1964,2,0.743022913010563,3.97,10.700000000000001
BLUEBACK HERRING,1965,2,-2.1206550607008694,3.97,10.700000000000001
BLUEBACK HERRING,1966,2,8.799960059316959,3.97,10.700000000000001
BLUEBACK HERRING,1967,2,-1.1409442754558796,3.97,10.700000000000001
BLUEBACK HERRING,1968,2,-1.6690060056955076,3.97,10.700000000000001
BLUEBACK HERRING,1969,2,-22.645767366686357,3.97,10.700000000000001
BLUEBACK HERRING,1970,2,5.10859038938257,3.97,10.700000000000001
BLUEBACK HERRING,1971,2,-5.472173086032882,3.97,10.700000000000001
BLUEBACK HERRING,1972,2,-7.7437244746932095,3.97,10.700000000000001
BLUEBACK HERRING,1973,2,-10.760527866559372,3.97,10.700000000000001
BLUEBACK HERRING,1974,2,-13.292116337758685,3.97,10.700000000000001
BLUEBACK HERRING,1975,2,-6.853592066479365,3.97,10.700000000000001
BLUEBACK HERRING,1976,2,-5.865607654760623,3.97,10.700000000000001
BLUEBACK HERRING,1977,2,-16.939601289232286,3.97,10.700000000000001
BLUEBACK HERRING,1978,2,-12.687793181018705,3.97,10.700000000000001
BLUEBACK HERRING,1979,2,-8.890688488876947,3.97,10.700000000000001
BLUEBACK HERRING,1980,2,-7.1956082173911255,3.97,10.700000000000001
BLUEBACK HERRING,1981,2,-6.365698037055552,3.97,10.700000000000001
BLUEBACK HERRING,1982,2,-14.096104308100493,3.97,10.700000000000001
BLUEBACK HERRING,1983,2,-10.563671045129496,3.97,10.700000000000001
BLUEBACK HERRING,1984,2,2.84975529396624,3.97,10.700000000000001
BLUEBACK HERRING,1985,2,-15.600305210230474,3.97,10.700000000000001
BLUEBACK HERRING,1986,2,-15.950423009789702,3.97,10.700000000000001
BLUEBACK HERRING,1987,2,-12.872357698253566,3.97,10.700000000000001
BLUEBACK HERRING,1988,2,-3.3438999093724675,3.97,10.700000000000001
BLUEBACK HERRING,1989,2,-13.1936237614252,3.97,10.700000000000001
BLUEBACK HERRING,1990,2,-5.601823218984947,3.97,10.700000000000001
BLUEBACK HERRING,1991,2,-14.1565163072096,3.97,10.700000000000001
BLUEBACK HERRING,1992,2,-11.249928347767295,3.97,10.700000000000001
BLUEBACK HERRING,1993,2,-11.966596320614329,3.97,10.700000000000001
BLUEBACK HERRING,1994,2,-16.603801837787472,3.97,10.700000000000001
BLUEBACK HERRING,1995,2,-8.616559422503613,3.97,10.700000000000001
BLUEBACK HERRING,1996,2,14.501257677023133,3.97,10.700000000000001
BLUEBACK HERRING,1997,2,-7.027275892465738,3.97,10.700000000000001
BLUEBACK HERRING,1998,2,15.445377029906936,3.97,10.700000000000001
BLUEBACK HERRING,1999,2,-12.281185948973459,3.97,10.700000000000001
BLUEBACK HERRING,2000,2,-4.5552320620547135,3.97,10.700000000000001
BLUEBACK HERRING,2001,2,-8.759532741327376,3.97,10.700000000000001
BLUEBACK HERRING,2002,2,-10.475427550495382,3.97,10.700000000000001
BLUEBACK HERRING,2003,2,-7.899864131891107,3.97,10.700000000000001
BLUEBACK HERRING,2004,2,-4.985753522037129,3.97,10.700000000000001
BLUEBACK HERRING,2005,2,-5.206772838268677,3.97,10.700000000000001
BLUEBACK HERRING,2006,2,-12.81525973287539,3.97,10.700000000000001
BLUEBACK HERRING,2007,2,17.449858120793692,3.97,10.700000000000001
BLUEBACK HERRING,2008,2,-1.349911823265174,3.97,10.700000000000001
BLUEBACK HERRING,2009,2,-14.010482171027377,3.97,10.700000000000001
BLUEBACK HERRING,2010,2,-4.725349154206597,3.97,10.700000000000001
BLUEBACK HERRING,2011,2,-2.257412164853122,3.97,10.700000000000001
BLUEBACK HERRING,2012,2,-20.50776299741497,3.97,10.700000000000001
BLUEBACK HERRING,2013,2,-12.239135529887903,3.97,10.700000000000001
BLUEBACK HERRING,2014,2,-13.42043670766789,3.97,10.700000000000001
BLUEBACK HERRING,2015,2,-15.331168113947385,3.97,10.700000000000001
BLUEBACK HERRING,2016,2,-18.15816771932144,3.97,10.700000000000001
BLUEBACK HERRING,2017,2,-7.806562136755929,3.97,10.700000000000001
BLUEBACK HERRING,2018,2,-1.9080715031739572,3.97,10.700000000000001
BLUEBACK HERRING,2019,2,-12.231675597628168,3.97,10.700000000000001
BLUEBACK HERRING,2020,2,-7.5506647865660454,3.97,10.700000000000001
BLUEBACK HERRING,2022,2,-25.47084874594026,3.97,10.700000000000001
BLUEBACK HERRING,2023,2,-8.832708450158819,3.97,10.700000000000001
BLUEBACK HERRING,2024,2,-0.32654522048362367,3.97,10.700000000000001
BLUEFISH,1959,2,0,12.6,23.295
BLUEFISH,1960,2,2.836734974787163,12.6,23.295
BLUEFISH,1961,2,0.8575617497886867,12.6,23.295
BLUEFISH,1962,2,3.9077146798315283,12.6,23.295
BLUEFISH,1963,2,10.305165660620915,12.6,23.295
BLUEFISH,1964,2,5.632852925929141,12.6,23.295
BLUEFISH,1965,2,-21.392506425191574,12.6,23.295
BLUEFISH,1966,2,-14.765027623769505,12.6,23.295
BLUEFISH,1967,2,-14.396289263911093,12.6,23.295
BLUEFISH,1968,2,-11.468060768118857,12.6,23.295
BLUEFISH,1969,2,4.464151012870367,12.6,23.295
BLUEFISH,1970,2,-4.556405802528623,12.6,23.295
BLUEFISH,1971,2,6.6425708340957925,12.6,23.295
BLUEFISH,1972,2,4.080186726389698,12.6,23.295
BLUEFISH,1973,2,9.459527327458296,12.6,23.295
BLUEFISH,1974,2,16.362663497422044,12.6,23.295
BLUEFISH,1975,2,21.802941416852313,12.6,23.295
BLUEFISH,1976,2,-4.5047279162646365,12.6,23.295
BLUEFISH,1977,2,15.100114345864256,12.6,23.295
BLUEFISH,1978,2,20.114158356326957,12.6,23.295
BLUEFISH,1979,2,2.3368688441237957,12.6,23.295
BLUEFISH,1980,2,-13.600093650774092,12.6,23.295
BLUEFISH,1981,2,-7.865361318910338,12.6,23.295
BLUEFISH,1982,2,13.079798688739126,12.6,23.295
BLUEFISH,1983,2,14.759619382627712,12.6,23.295
BLUEFISH,1984,2,1.1464448050685287,12.6,23.295
BLUEFISH,1985,2,24.736238825015224,12.6,23.295
BLUEFISH,1986,2,24.255115863183754,12.6,23.295
BLUEFISH,1987,2,1.0852024166487637,12.6,23.295
BLUEFISH,1988,2,-2.313583840016449,12.6,23.295
BLUEFISH,1989,2,9.832153001470548,12.6,23.295
BLUEFISH,1990,2,4.884889486975295,12.6,23.295
BLUEFISH,1991,2,17.761564608577554,12.6,23.295
BLUEFISH,1992,2,2.916857979715243,12.6,23.295
BLUEFISH,1993,2,-2.0874538639399134,12.6,23.295
BLUEFISH,1994,2,28.362231129470466,12.6,23.295
BLUEFISH,1995,2,29.36164010980454,12.6,23.295
BLUEFISH,1996,2,-13.89554051258402,12.6,23.295
BLUEFISH,1997,2,34.273039443245196,12.6,23.295
BLUEFISH,1998,2,-5.7751020255884935,12.6,23.295
BLUEFISH,1999,2,45.253848025257994,12.6,23.295
BLUEFISH,2000,2,10.1654813416107,12.6,23.295
BLUEFISH,2001,2,30.187880816497977,12.6,23.295
BLUEFISH,2002,2,40.509177367440905,12.6,23.295
BLUEFISH,2003,2,-2.7454396449162104,12.6,23.295
BLUEFISH,2004,2,-9.021623183003035,12.6,23.295
BLUEFISH,2005,2,5.516738723223934,12.6,23.295
BLUEFISH,2006,2,51.69280208837879,12.6,23.295
BLUEFISH,2007,2,-11.924621155285552,12.6,23.295
BLUEFISH,2008,2,37.077456327411724,12.6,23.295
BLUEFISH,2009,2,44.159613336241435,12.6,23.295
BLUEFISH,2010,2,16.197986863743903,12.6,23.295
BLUEFISH,2011,2,32.40015145409701,12.6,23.295
BLUEFISH,2012,2,65.42850073069914,12.6,23.295
BLUEFISH,2013,2,44.060494697363374,12.6,23.295
BLUEFISH,2014,2,38.27553446433757,12.6,23.295
BLUEFISH,2015,2,60.83508145170069,12.6,23.295
BLUEFISH,2016,2,52.97734692390887,12.6,23.295
BLUEFISH,2017,2,32.165507897505975,12.6,23.295
BLUEFISH,2018,2,14.418778312024937,12.6,23.295
BLUEFISH,2019,2,55.593173034040696,12.6,23.295
BLUEFISH,2020,2,57.240097572571756,12.6,23.295
BLUEFISH,2022,2,102.61818063418266,12.6,23.295
BLUEFISH,2023,2,87.1854332858276,12.6,23.295
BLUEFISH,2024,2,74.7567774274713,12.6,23.295
BUTTERFISH,1959,2,0,8,20.400000000000002
BUTTERFISH,1960,2,-4.988658131222191,8,20.400000000000002
BUTTERFISH,1961,2,-7.5162298609691796,8,20.400000000000002
BUTTERFISH,1962,2,2.0230360566166325,8,20.400000000000002
BUTTERFISH,1963,2,0.8224631968383633,8,20.400000000000002
BUTTERFISH,1964,2,0.4598980010958371,8,20.400000000000002
BUTTERFISH,1965,2,-11.562989525844447,8,20.400000000000002
BUTTERFISH,1966,2,-10.458269842890259,8,20.400000000000002
BUTTERFISH,1967,2,-5.063017855600382,8,20.400000000000002
BUTTERFISH,1968,2,-2.706691043455022,8,20.400000000000002
BUTTERFISH,1969,2,-0.9032970227059369,8,20.400000000000002
BUTTERFISH,1970,2,7.360805666419985,8,20.400000000000002
BUTTERFISH,1971,2,-0.756490234461797,8,20.400000000000002
BUTTERFISH,1972,2,13.673835274151756,8,20.400000000000002
BUTTERFISH,1973,2,3.852400876941868,8,20.400000000000002
BUTTERFISH,1974,2,34.46879586870799,8,20.400000000000002
BUTTERFISH,1975,2,40.539388898234925,8,20.400000000000002
BUTTERFISH,1976,2,56.761307441179525,8,20.400000000000002
BUTTERFISH,1977,2,12.977085442971209,8,20.400000000000002
BUTTERFISH,1978,2,12.172114370208352,8,20.400000000000002
BUTTERFISH,1979,2,5.535137858338455,8,20.400000000000002
BUTTERFISH,1980,2,11.671425393547992,8,20.400000000000002
BUTTERFISH,1981,2,9.32521387791303,8,20.400000000000002
BUTTERFISH,1982,2,6.94590937829857,8,20.400000000000002
BUTTERFISH,1983,2,10.90682693938972,8,20.400000000000002
BUTTERFISH,1984,2,14.773240911915405,8,20.400000000000002
BUTTERFISH,1985,2,33.393837855476434,8,20.400000000000002
BUTTERFISH,1986,2,41.587456178399115,8,20.400000000000002
BUTTERFISH,1987,2,20.19182500439151,8,20.400000000000002
BUTTERFISH,1988,2,21.394706969033585,8,20.400000000000002
BUTTERFISH,1989,2,17.049127830184176,8,20.400000000000002
BUTTERFISH,1990,2,29.87090772466349,8,20.400000000000002
BUTTERFISH,1991,2,36.396802430092265,8,20.400000000000002
BUTTERFISH,1992,2,13.399812182034715,8,20.400000000000002
BUTTERFISH,1993,2,11.14022505216738,8,20.400000000000002
BUTTERFISH,1994,2,38.79749859991281,8,20.400000000000002
BUTTERFISH,1995,2,38.41750448517316,8,20.400000000000002
BUTTERFISH,1996,2,12.621815313354077,8,20.400000000000002
BUTTERFISH,1997,2,30.29342155929298,8,20.400000000000002
BUTTERFISH,1998,2,-9.073225880768735,8,20.400000000000002
BUTTERFISH,1999,2,33.99199631177933,8,20.400000000000002
BUTTERFISH,2000,2,41.58989411079489,8,20.400000000000002
BUTTERFISH,2001,2,12.58047114458316,8,20.400000000000002
BUTTERFISH,2002,2,38.03041925037717,8,20.400000000000002
BUTTERFISH,2003,2,12.277509044933673,8,20.400000000000002
BUTTERFISH,2004,2,-10.707033191155215,8,20.400000000000002
BUTTERFISH,2005,2,2.511235059440134,8,20.400000000000002
BUTTERFISH,2006,2,36.855644542196934,8,20.400000000000002
BUTTERFISH,2007,2,-1.1713218711804139,8,20.400000000000002
BUTTERFISH,2008,2,8.712565271236809,8,20.400000000000002
BUTTERFISH,2009,2,15.44254734364048,8,20.400000000000002
BUTTERFISH,2010,2,30.843378920160664,8,20.400000000000002
BUTTERFISH,2011,2,51.685040744138966,8,20.400000000000002
BUTTERFISH,2012,2,86.88203157177153,8,20.400000000000002
BUTTERFISH,2013,2,53.83083314524546,8,20.400000000000002
BUTTERFISH,2014,2,47.225230533637315,8,20.400000000000002
BUTTERFISH,2015,2,55.66199974257885,8,20.400000000000002
BUTTERFISH,2016,2,71.75963266311967,8,20.400000000000002
BUTTERFISH,2017,2,53.65086874613305,8,20.400000000000002
BUTTERFISH,2018,2,54.07356628956769,8,20.400000000000002
BUTTERFISH,2019,2,51.187323965347325,8,20.400000000000002
BUTTERFISH,2020,2,76.01112891093031,8,20.400000000000002
BUTTERFISH,2022,2,80.10931510670343,8,20.400000000000002
BUTTERFISH,2023,2,68.84136515139677,8,20.400000000000002
BUTTERFISH,2024,2,26.126947634823402,8,20.400000000000002
CLEARNOSE SKATE,1959,2,0,7.368,22.6
CLEARNOSE SKATE,1960,2,-10.118507370056186,7.368,22.6
CLEARNOSE SKATE,1961,2,-17.088987681283456,7.368,22.6
CLEARNOSE SKATE,1962,2,-1.0271044514707768,7.368,22.6
CLEARNOSE SKATE,1963,2,-3.0800077738846596,7.368,22.6
CLEARNOSE SKATE,1964,2,15.29708147869323,7.368,22.6
CLEARNOSE SKATE,1965,2,-7.116582640931497,7.368,22.6
CLEARNOSE SKATE,1966,2,-23.755406560849757,7.368,22.6
CLEARNOSE SKATE,1967,2,-14.566509713431294,7.368,22.6
CLEARNOSE SKATE,1968,2,-11.313563247584348,7.368,22.6
CLEARNOSE SKATE,1969,2,-26.355868580108165,7.368,22.6
CLEARNOSE SKATE,1970,2,2.443635003179452,7.368,22.6
CLEARNOSE SKATE,1971,2,-5.241312600150309,7.368,22.6
CLEARNOSE SKATE,1972,2,6.890133151862187,7.368,22.6
CLEARNOSE SKATE,1973,2,-0.6914631433453593,7.368,22.6
CLEARNOSE SKATE,1974,2,27.465992435534943,7.368,22.6
CLEARNOSE SKATE,1975,2,16.01638891589026,7.368,22.6
CLEARNOSE SKATE,1976,2,27.765843796913487,7.368,22.6
CLEARNOSE SKATE,1977,2,4.4213124113286,7.368,22.6
CLEARNOSE SKATE,1978,2,11.8141246596564,7.368,22.6
CLEARNOSE SKATE,1979,2,-3.96290653715549,7.368,22.6
CLEARNOSE SKATE,1980,2,-15.477770400865737,7.368,22.6
CLEARNOSE SKATE,1981,2,-0.956171021197477,7.368,22.6
CLEARNOSE SKATE,1982,2,10.5671141860267,7.368,22.6
CLEARNOSE SKATE,1983,2,13.944749083339161,7.368,22.6
CLEARNOSE SKATE,1984,2,-18.91379058080412,7.368,22.6
CLEARNOSE SKATE,1985,2,14.254318058538999,7.368,22.6
CLEARNOSE SKATE,1986,2,13.902852432719655,7.368,22.6
CLEARNOSE SKATE,1987,2,-2.5303617822499405,7.368,22.6
CLEARNOSE SKATE,1988,2,0.08717206348138973,7.368,22.6
CLEARNOSE SKATE,1989,2,1.4451714862215823,7.368,22.6
CLEARNOSE SKATE,1990,2,23.434190931999055,7.368,22.6
CLEARNOSE SKATE,1991,2,19.726105518116228,7.368,22.6
CLEARNOSE SKATE,1992,2,25.287188559359734,7.368,22.6
CLEARNOSE SKATE,1993,2,-23.1433882729645,7.368,22.6
CLEARNOSE SKATE,1994,2,-13.462203386898096,7.368,22.6
CLEARNOSE SKATE,1995,2,8.188518402124785,7.368,22.6
CLEARNOSE SKATE,1996,2,-20.47057408102181,7.368,22.6
CLEARNOSE SKATE,1997,2,26.403963980373987,7.368,22.6
CLEARNOSE SKATE,1998,2,1.2153195233713632,7.368,22.6
CLEARNOSE SKATE,1999,2,1.750831138441157,7.368,22.6
CLEARNOSE SKATE,2000,2,19.03619299083296,7.368,22.6
CLEARNOSE SKATE,2001,2,-6.499944611370012,7.368,22.6
CLEARNOSE SKATE,2002,2,23.81603415740635,7.368,22.6
CLEARNOSE SKATE,2003,2,2.2017671079745327,7.368,22.6
CLEARNOSE SKATE,2004,2,-37.07875335145218,7.368,22.6
CLEARNOSE SKATE,2005,2,-19.937373838790883,7.368,22.6
CLEARNOSE SKATE,2006,2,23.2171789411061,7.368,22.6
CLEARNOSE SKATE,2007,2,6.78853014327359,7.368,22.6
CLEARNOSE SKATE,2008,2,25.505721267078385,7.368,22.6
CLEARNOSE SKATE,2009,2,5.995129218627071,7.368,22.6
CLEARNOSE SKATE,2010,2,-23.39202815686454,7.368,22.6
CLEARNOSE SKATE,2011,2,17.47239959337881,7.368,22.6
CLEARNOSE SKATE,2012,2,24.437941534136385,7.368,22.6
CLEARNOSE SKATE,2013,2,4.910532446892063,7.368,22.6
CLEARNOSE SKATE,2014,2,1.6859619443940232,7.368,22.6
CLEARNOSE SKATE,2015,2,2.221413535884878,7.368,22.6
CLEARNOSE SKATE,2016,2,19.673426301566707,7.368,22.6
CLEARNOSE SKATE,2017,2,23.711038849813093,7.368,22.6
CLEARNOSE SKATE,2018,2,1.8072841014015921,7.368,22.6
CLEARNOSE SKATE,2019,2,-13.503224570795595,7.368,22.6
CLEARNOSE SKATE,2020,2,25.363766188743853,7.368,22.6
CLEARNOSE SKATE,2022,2,13.87949534014085,7.368,22.6
CLEARNOSE SKATE,2023,2,14.673408665217849,7.368,22.6
CLEARNOSE SKATE,2024,2,-1.1924193921089028,7.368,22.6
"CRAB,RED DEEPSEA",1959,2,0,5.507,10.213000000000001
"CRAB,RED DEEPSEA",1960,2,-24.6613313078105,5.507,10.213000000000001
"CRAB,RED DEEPSEA",1961,2,-23.860490658441286,5.507,10.213000000000001
"CRAB,RED DEEPSEA",1962,2,-38.990731628690845,5.507,10.213000000000001
"CRAB,RED DEEPSEA",1963,2,36.493279793637385,5.507,10.213000000000001
"CRAB,RED DEEPSEA",1964,2,69.71671425552313,5.507,10.213000000000001
"CRAB,RED DEEPSEA",1965,2,37.829504381545135,5.507,10.213000000000001
"CRAB,RED DEEPSEA",1966,2,28.164187385540288,5.507,10.213000000000001
"CRAB,RED DEEPSEA",1967,2,14.987134768851455,5.507,10.213000000000001
"CRAB,RED DEEPSEA",1968,2,-14.557584321976805,5.507,10.213000000000001
"CRAB,RED DEEPSEA",1969,2,-60.865599273611195,5.507,10.213000000000001
"CRAB,RED DEEPSEA",1970,2,31.85372511128849,5.507,10.213000000000001
"CRAB,RED DEEPSEA",1971,2,31.023522525439972,5.507,10.213000000000001
"CRAB,RED DEEPSEA",1972,2,34.15125950314001,5.507,10.213000000000001
"CRAB,RED DEEPSEA",1973,2,20.324740688028974,5.507,10.213000000000001
"CRAB,RED DEEPSEA",1974,2,64.73426211285948,5.507,10.213000000000001
"CRAB,RED DEEPSEA",1975,2,56.90817063576344,5.507,10.213000000000001
"CRAB,RED DEEPSEA",1976,2,82.92113788257359,5.507,10.213000000000001
"CRAB,RED DEEPSEA",1977,2,17.4539099862548,5.507,10.213000000000001
"CRAB,RED DEEPSEA",1978,2,6.625472541924054,5.507,10.213000000000001
"CRAB,RED DEEPSEA",1979,2,9.726057000656091,5.507,10.213000000000001
"CRAB,RED DEEPSEA",1980,2,2.3253695931506115,5.507,10.213000000000001
"CRAB,RED DEEPSEA",1981,2,-15.539537512549046,5.507,10.213000000000001
"CRAB,RED DEEPSEA",1982,2,-13.070591607487039,5.507,10.213000000000001
"CRAB,RED DEEPSEA",1983,2,41.247190992650474,5.507,10.213000000000001
"CRAB,RED DEEPSEA",1984,2,61.088061095584436,5.507,10.213000000000001
"CRAB,RED DEEPSEA",1985,2,47.16558818515928,5.507,10.213000000000001
"CRAB,RED DEEPSEA",1986,2,69.29871603398041,5.507,10.213000000000001
"CRAB,RED DEEPSEA",1987,2,43.17489492374931,5.507,10.213000000000001
"CRAB,RED DEEPSEA",1988,2,71.35283798376958,5.507,10.213000000000001
"CRAB,RED DEEPSEA",1989,2,34.26273215921666,5.507,10.213000000000001
"CRAB,RED DEEPSEA",1990,2,54.103141563612994,5.507,10.213000000000001
"CRAB,RED DEEPSEA",1991,2,72.32923498924951,5.507,10.213000000000001
"CRAB,RED DEEPSEA",1992,2,-31.2218932893461,5.507,10.213000000000001
"CRAB,RED DEEPSEA",1993,2,52.5940727743361,5.507,10.213000000000001
"CRAB,RED DEEPSEA",1994,2,75.19856395037085,5.507,10.213000000000001
"CRAB,RED DEEPSEA",1995,2,75.88353093314075,5.507,10.213000000000001
"CRAB,RED DEEPSEA",1996,2,82.49259507830178,5.507,10.213000000000001
"CRAB,RED DEEPSEA",1997,2,77.39118744070419,5.507,10.213000000000001
"CRAB,RED DEEPSEA",1998,2,78.94339986523522,5.507,10.213000000000001
"CRAB,RED DEEPSEA",1999,2,70.07469685164551,5.507,10.213000000000001
"CRAB,RED DEEPSEA",2000,2,77.3720834995177,5.507,10.213000000000001
"CRAB,RED DEEPSEA",2001,2,75.54542032755181,5.507,10.213000000000001
"CRAB,RED DEEPSEA",2002,2,82.28812064766588,5.507,10.213000000000001
"CRAB,RED DEEPSEA",2003,2,43.200160155890785,5.507,10.213000000000001
"CRAB,RED DEEPSEA",2004,2,-0.22764714578360667,5.507,10.213000000000001
"CRAB,RED DEEPSEA",2005,2,49.394343395001144,5.507,10.213000000000001
"CRAB,RED DEEPSEA",2006,2,80.32018145438005,5.507,10.213000000000001
"CRAB,RED DEEPSEA",2007,2,67.72646493569884,5.507,10.213000000000001
"CRAB,RED DEEPSEA",2008,2,72.96961257934109,5.507,10.213000000000001
"CRAB,RED DEEPSEA",2009,2,46.69267039676605,5.507,10.213000000000001
"CRAB,RED DEEPSEA",2010,2,72.47916280550811,5.507,10.213000000000001
"CRAB,RED DEEPSEA",2011,2,82.49401540133694,5.507,10.213000000000001
"CRAB,RED DEEPSEA",2012,2,83.51546122198533,5.507,10.213000000000001
"CRAB,RED DEEPSEA",2013,2,72.55404435109014,5.507,10.213000000000001
"CRAB,RED DEEPSEA",2014,2,77.07805108530067,5.507,10.213000000000001
"CRAB,RED DEEPSEA",2015,2,68.6927479998042,5.507,10.213000000000001
"CRAB,RED DEEPSEA",2016,2,81.50142038195834,5.507,10.213000000000001
"CRAB,RED DEEPSEA",2017,2,71.46994242815417,5.507,10.213000000000001
"CRAB,RED DEEPSEA",2018,2,77.1096815557031,5.507,10.213000000000001
"CRAB,RED DEEPSEA",2019,2,77.95142032523874,5.507,10.213000000000001
"CRAB,RED DEEPSEA",2020,2,81.4809850073851,5.507,10.213000000000001
"CRAB,RED DEEPSEA",2022,2,82.60862731429944,5.507,10.213000000000001
"CRAB,RED DEEPSEA",2023,2,74.21419914718038,5.507,10.213000000000001
"CRAB,RED DEEPSEA",2024,2,80.99332346716257,5.507,10.213000000000001
GOOSEFISH,1959,2,0,5.4,12.5
GOOSEFISH,1960,2,-15.414305509506505,5.4,12.5
GOOSEFISH,1961,2,-11.793530135776372,5.4,12.5
GOOSEFISH,1962,2,-13.200270937932117,5.4,12.5
GOOSEFISH,1963,2,-1.313900356945986,5.4,12.5
GOOSEFISH,1964,2,6.967594515941407,5.4,12.5
GOOSEFISH,1965,2,5.469795776181265,5.4,12.5
GOOSEFISH,1966,2,6.340940795071575,5.4,12.5
GOOSEFISH,1967,2,6.494814481738487,5.4,12.5
GOOSEFISH,1968,2,-6.8844022189729515,5.4,12.5
GOOSEFISH,1969,2,-22.932067304733643,5.4,12.5
GOOSEFISH,1970,2,9.120095380503848,5.4,12.5
GOOSEFISH,1971,2,-1.4973387541748266,5.4,12.5
GOOSEFISH,1972,2,6.861040084116958,5.4,12.5
GOOSEFISH,1973,2,1.5995260318697362,5.4,12.5
GOOSEFISH,1974,2,13.854327737639615,5.4,12.5
GOOSEFISH,1975,2,9.008514305918219,5.4,12.5
GOOSEFISH,1976,2,29.518049109848953,5.4,12.5
GOOSEFISH,1977,2,-5.717204266998685,5.4,12.5
GOOSEFISH,1978,2,-12.239414894198823,5.4,12.5
GOOSEFISH,1979,2,-2.531883837293144,5.4,12.5
GOOSEFISH,1980,2,4.405240675027741,5.4,12.5
GOOSEFISH,1981,2,-2.657086655045177,5.4,12.5
GOOSEFISH,1982,2,-18.942476324402726,5.4,12.5
GOOSEFISH,1983,2,9.920467136916862,5.4,12.5
GOOSEFISH,1984,2,14.839350699527337,5.4,12.5
GOOSEFISH,1985,2,1.7613563479352194,5.4,12.5
GOOSEFISH,1986,2,0.6575897267859148,5.4,12.5
GOOSEFISH,1987,2,1.8619662827686412,5.4,12.5
GOOSEFISH,1988,2,15.18465890765976,5.4,12.5
GOOSEFISH,1989,2,2.1326302595576507,5.4,12.5
GOOSEFISH,1990,2,16.352224403288865,5.4,12.5
GOOSEFISH,1991,2,11.779931242428383,5.4,12.5
GOOSEFISH,1992,2,-0.9916487749444443,5.4,12.5
GOOSEFISH,1993,2,-1.616040944837792,5.4,12.5
GOOSEFISH,1994,2,-1.0228419869749743,5.4,12.5
GOOSEFISH,1995,2,6.442910729112221,5.4,12.5
GOOSEFISH,1996,2,19.406529677505368,5.4,12.5
GOOSEFISH,1997,2,20.00056717534344,5.4,12.5
GOOSEFISH,1998,2,27.41736725565783,5.4,12.5
GOOSEFISH,1999,2,-0.43372164956034,5.4,12.5
GOOSEFISH,2000,2,31.808422843783724,5.4,12.5
GOOSEFISH,2001,2,3.0200432156853694,5.4,12.5
GOOSEFISH,2002,2,18.888893595367286,5.4,12.5
GOOSEFISH,2003,2,5.268183329262833,5.4,12.5
GOOSEFISH,2004,2,-8.3198865136460185,5.4,12.5
GOOSEFISH,2005,2,-1.0977250394684575,5.4,12.5
GOOSEFISH,2006,2,16.797924808904774,5.4,12.5
GOOSEFISH,2007,2,22.717200945369207,5.4,12.5
GOOSEFISH,2008,2,19.78872995959913,5.4,12.5
GOOSEFISH,2009,2,-3.4158251099961916,5.4,12.5
GOOSEFISH,2010,2,10.864386364945922,5.4,12.5
GOOSEFISH,2011,2,8.704104519579225,5.4,12.5
GOOSEFISH,2012,2,14.405722848316778,5.4,12.5
GOOSEFISH,2013,2,11.94895120150845,5.4,12.5
GOOSEFISH,2014,2,-1.462498255243247,5.4,12.5
GOOSEFISH,2015,2,-3.5610541668614957,5.4,12.5
GOOSEFISH,2016,2,7.246931863171881,5.4,12.5
GOOSEFISH,2017,2,7.599535044821792,5.4,12.5
GOOSEFISH,2018,2,15.141854014875086,5.4,12.5
GOOSEFISH,2019,2,-0.7568653621934516,5.4,12.5
GOOSEFISH,2020,2,22.959866320185192,5.4,12.5
GOOSEFISH,2022,2,7.972463475209274,5.4,12.5
GOOSEFISH,2023,2,27.639577784597215,5.4,12.5
GOOSEFISH,2024,2,21.46463612728187,5.4,12.5
HADDOCK,1959,2,0,4.64,11.27300000000001
HADDOCK,1960,2,-2.0996451167072365,4.64,11.27300000000001
HADDOCK,1961,2,-3.429247661574877,4.64,11.27300000000001
HADDOCK,1962,2,-7.995591146353391,4.64,11.27300000000001
HADDOCK,1963,2,3.3220907376536957,4.64,11.27300000000001
HADDOCK,1964,2,3.0404978534801472,4.64,11.27300000000001
HADDOCK,1965,2,2.0871807458600244,4.64,11.27300000000001
HADDOCK,1966,2,8.505802170237317,4.64,11.27300000000001
HADDOCK,1967,2,1.852516189753473,4.64,11.27300000000001
HADDOCK,1968,2,-2.0488777588062703,4.64,11.27300000000001
HADDOCK,1969,2,-18.170726424761476,4.64,11.27300000000001
HADDOCK,1970,2,10.488731312886713,4.64,11.27300000000001
HADDOCK,1971,2,-3.519018922513709,4.64,11.27300000000001
HADDOCK,1972,2,3.763521350631109,4.64,11.27300000000001
HADDOCK,1973,2,-2.976114416813587,4.64,11.27300000000001
HADDOCK,1974,2,1.4506026884804513,4.64,11.27300000000001
HADDOCK,1975,2,6.024728930745077,4.64,11.27300000000001
HADDOCK,1976,2,15.2113007770201,4.64,11.27300000000001
HADDOCK,1977,2,-5.4561490931104615,4.64,11.27300000000001
HADDOCK,1978,2,-3.090638805555045,4.64,11.27300000000001
HADDOCK,1979,2,-1.8169723230947312,4.64,11.27300000000001
HADDOCK,1980,2,0.9986481907847207,4.64,11.27300000000001
HADDOCK,1981,2,-0.06876036056148394,4.64,11.27300000000001
HADDOCK,1982,2,-9.829842655551971,4.64,11.27300000000001
HADDOCK,1983,2,6.596880098482671,4.64,11.27300000000001
HADDOCK,1984,2,9.775164771213696,4.64,11.27300000000001
HADDOCK,1985,2,0.48540977103870375,4.64,11.27300000000001
HADDOCK,1986,2,-2.139444368534967,4.64,11.27300000000001
HADDOCK,1987,2,-4.312725769960565,4.64,11.27300000000001
HADDOCK,1988,2,8.653723598116272,4.64,11.27300000000001
HADDOCK,1989,2,-4.15705133211123,4.64,11.27300000000001
HADDOCK,1990,2,8.96683046032615,4.64,11.27300000000001
HADDOCK,1991,2,5.522359774453143,4.64,11.27300000000001
HADDOCK,1992,2,-1.7950122860877542,4.64,11.27300000000001
HADDOCK,1993,2,-11.316297136664033,4.64,11.27300000000001
HADDOCK,1994,2,-6.256252451242602,4.64,11.27300000000001
HADDOCK,1995,2,2.6838112361271413,4.64,11.27300000000001
HADDOCK,1996,2,21.968147891522705,4.64,11.27300000000001
HADDOCK,1997,2,11.091081986844031,4.64,11.27300000000001
HADDOCK,1998,2,29.828398874999777,4.64,11.27300000000001
HADDOCK,1999,2,-3.2856992103134957,4.64,11.27300000000001
HADDOCK,2000,2,16.59491010573163,4.64,11.27300000000001
HADDOCK,2001,2,3.051364413051715,4.64,11.27300000000001
HADDOCK,2002,2,11.645422718073796,4.64,11.27300000000001
HADDOCK,2003,2,-2.573424244443018,4.64,11.27300000000001
HADDOCK,2004,2,-6.310243999004626,4.64,11.27300000000001
HADDOCK,2005,2,-6.599352024733236,4.64,11.27300000000001
HADDOCK,2006,2,7.614907295400563,4.64,11.27300000000001
HADDOCK,2007,2,22.88639047460603,4.64,11.27300000000001
HADDOCK,2008,2,19.40480224109713,4.64,11.27300000000001
HADDOCK,2009,2,-8.811628630317614,4.64,11.27300000000001
HADDOCK,2010,2,7.892798382040972,4.64,11.27300000000001
HADDOCK,2011,2,10.811380319079625,4.64,11.27300000000001
HADDOCK,2012,2,3.4136606821399695,4.64,11.27300000000001
HADDOCK,2013,2,5.9858360313646415,4.64,11.27300000000001
HADDOCK,2014,2,-6.379345686548824,4.64,11.27300000000001
HADDOCK,2015,2,-5.947624636295053,4.64,11.27300000000001
HADDOCK,2016,2,0.7734655799500345,4.64,11.27300000000001
HADDOCK,2017,2,4.01533035853717,4.64,11.27300000000001
HADDOCK,2018,2,10.961108658541441,4.64,11.27300000000001
HADDOCK,2019,2,3.34648126081742,4.64,11.27300000000001
HADDOCK,2020,2,10.628730878976583,4.64,11.27300000000001
HADDOCK,2022,2,1.9592253714127708,4.64,11.27300000000001
HADDOCK,2023,2,20.392230701094604,4.64,11.27300000000001
HADDOCK,2024,2,19.37071130653551,4.64,11.27300000000001
HORSESHOE CRAB,1959,2,0,5.29,21.85
HORSESHOE CRAB,1960,2,-12.654482337811828,5.29,21.85
HORSESHOE CRAB,1961,2,-4.279163330931411,5.29,21.85
HORSESHOE CRAB,1962,2,-6.060051346978668,5.29,21.85
HORSESHOE CRAB,1963,2,-6.520503578173475,5.29,21.85
HORSESHOE CRAB,1964,2,1.6617056646911124,5.29,21.85
HORSESHOE CRAB,1965,2,-5.431131500746957,5.29,21.85
HORSESHOE CRAB,1966,2,-7.8855257375880115,5.29,21.85
HORSESHOE CRAB,1967,2,-8.982221815639335,5.29,21.85
HORSESHOE CRAB,1968,2,-14.338642534975904,5.29,21.85
HORSESHOE CRAB,1969,2,-17.933949706789576,5.29,21.85
HORSESHOE CRAB,1970,2,-5.376746251118192,5.29,21.85
HORSESHOE CRAB,1971,2,-0.5620420714949432,5.29,21.85
HORSESHOE CRAB,1972,2,1.4200230151732,5.29,21.85
HORSESHOE CRAB,1973,2,-2.81777532444616,5.29,21.85
HORSESHOE CRAB,1974,2,7.823306623493792,5.29,21.85
HORSESHOE CRAB,1975,2,7.526743762034641,5.29,21.85
HORSESHOE CRAB,1976,2,9.45173737141755,5.29,21.85
HORSESHOE CRAB,1977,2,-6.170737843084311,5.29,21.85
HORSESHOE CRAB,1978,2,-5.713182000044156,5.29,21.85
HORSESHOE CRAB,1979,2,-7.078582669751597,5.29,21.85
HORSESHOE CRAB,1980,2,-7.191007441679133,5.29,21.85
HORSESHOE CRAB,1981,2,-6.748465218511441,5.29,21.85
HORSESHOE CRAB,1982,2,-1.4251637789102318,5.29,21.85
HORSESHOE CRAB,1983,2,5.252668906995851,5.29,21.85
HORSESHOE CRAB,1984,2,-4.626179280553131,5.29,21.85
HORSESHOE CRAB,1985,2,-0.6887051382670535,5.29,21.85
HORSESHOE CRAB,1986,2,-0.7639180478963823,5.29,21.85
HORSESHOE CRAB,1987,2,-7.40619051532795,5.29,21.85
HORSESHOE CRAB,1988,2,-3.221882669909803,5.29,21.85
HORSESHOE CRAB,1989,2,-6.005896113580221,5.29,21.85
HORSESHOE CRAB,1990,2,3.5736743643743836,5.29,21.85
HORSESHOE CRAB,1991,2,5.903577342703741,5.29,21.85
HORSESHOE CRAB,1992,2,6.153208793267552,5.29,21.85
HORSESHOE CRAB,1993,2,-12.141481101302787,5.29,21.85
HORSESHOE CRAB,1994,2,-9.402181667164399,5.29,21.85
HORSESHOE CRAB,1995,2,-14.865969239069926,5.29,21.85
HORSESHOE CRAB,1996,2,-9.833023865879568,5.29,21.85
HORSESHOE CRAB,1997,2,1.6878638458327657,5.29,21.85
HORSESHOE CRAB,1998,2,3.818396749902817,5.29,21.85
HORSESHOE CRAB,1999,2,-12.98850638935366,5.29,21.85
HORSESHOE CRAB,2000,2,2.5465690470943514,5.29,21.85
HORSESHOE CRAB,2001,2,-0.7064392593813267,5.29,21.85
HORSESHOE CRAB,2002,2,-3.403356257734771,5.29,21.85
HORSESHOE CRAB,2003,2,-3.837494527706525,5.29,21.85
HORSESHOE CRAB,2004,2,-10.135847621889823,5.29,21.85
HORSESHOE CRAB,2005,2,-10.34187743620825,5.29,21.85
HORSESHOE CRAB,2006,2,-0.5718521380682802,5.29,21.85
HORSESHOE CRAB,2007,2,-3.325697599791596,5.29,21.85
HORSESHOE CRAB,2008,2,-2.173078151197899,5.29,21.85
HORSESHOE CRAB,2009,2,-9.619315387065015,5.29,21.85
HORSESHOE CRAB,2010,2,-14.920487663149643,5.29,21.85
HORSESHOE CRAB,2011,2,-0.9993273373234928,5.29,21.85
HORSESHOE CRAB,2012,2,-3.2728802165470228,5.29,21.85
HORSESHOE CRAB,2013,2,1.7934926704762972,5.29,21.85
HORSESHOE CRAB,2014,2,-22.354453548669667,5.29,21.85
HORSESHOE CRAB,2015,2,-25.021859195760555,5.29,21.85
HORSESHOE CRAB,2016,2,-11.021422444802255,5.29,21.85
HORSESHOE CRAB,2017,2,-4.937534404279717,5.29,21.85
HORSESHOE CRAB,2018,2,-3.958863851455476,5.29,21.85
HORSESHOE CRAB,2019,2,-16.165612950296236,5.29,21.85
HORSESHOE CRAB,2020,2,-3.8971062315968936,5.29,21.85
HORSESHOE CRAB,2022,2,-9.827194890434058,5.29,21.85
HORSESHOE CRAB,2023,2,-9.722943323871334,5.29,21.85
HORSESHOE CRAB,2024,2,-10.56017036545451,5.29,21.85
LITTLE SKATE,1959,2,0,4.6000000000000005,16.9
LITTLE SKATE,1960,2,-2.9887841194620677,4.6000000000000005,16.9
LITTLE SKATE,1961,2,-3.6770143549154,4.6000000000000005,16.9
LITTLE SKATE,1962,2,0.8681630956512691,4.6000000000000005,16.9
LITTLE SKATE,1963,2,2.343900004539691,4.6000000000000005,16.9
LITTLE SKATE,1964,2,-0.3322936752972083,4.6000000000000005,16.9
LITTLE SKATE,1965,2,-10.984015014945456,4.6000000000000005,16.9
LITTLE SKATE,1966,2,-4.329668770401483,4.6000000000000005,16.9
LITTLE SKATE,1967,2,-6.71850953899461,4.6000000000000005,16.9
LITTLE SKATE,1968,2,-9.61322606836437,4.6000000000000005,16.9
LITTLE SKATE,1969,2,-3.680957769534132,4.6000000000000005,16.9
LITTLE SKATE,1970,2,4.268300355701356,4.6000000000000005,16.9
LITTLE SKATE,1971,2,0.27639082518088287,4.6000000000000005,16.9
LITTLE SKATE,1972,2,8.80990058268442,4.6000000000000005,16.9
LITTLE SKATE,1973,2,6.583546435952556,4.6000000000000005,16.9
LITTLE SKATE,1974,2,16.83523006689522,4.6000000000000005,16.9
LITTLE SKATE,1975,2,13.977564497025654,4.6000000000000005,16.9
LITTLE SKATE,1976,2,20.98669351783049,4.6000000000000005,16.9
LITTLE SKATE,1977,2,2.8318290019792585,4.6000000000000005,16.9
LITTLE SKATE,1978,2,1.4617038468640118,4.6000000000000005,16.9
LITTLE SKATE,1979,2,-2.9454377753397267,4.6000000000000005,16.9
LITTLE SKATE,1980,2,0.4652327733400341,4.6000000000000005,16.9
LITTLE SKATE,1981,2,1.0337889116967034,4.6000000000000005,16.9
LITTLE SKATE,1982,2,-1.2579335560662344,4.6000000000000005,16.9
LITTLE SKATE,1983,2,10.157766196552075,4.6000000000000005,16.9
LITTLE SKATE,1984,2,8.317120632376813,4.6000000000000005,16.9
LITTLE SKATE,1985,2,9.689599890679048,4.6000000000000005,16.9
LITTLE SKATE,1986,2,11.364600968635102,4.6000000000000005,16.9
LITTLE SKATE,1987,2,-0.990207041065915,4.6000000000000005,16.9
LITTLE SKATE,1988,2,4.860517397700406,4.6000000000000005,16.9
LITTLE SKATE,1989,2,3.3178821978665667,4.6000000000000005,16.9
LITTLE SKATE,1990,2,13.194467989419138,4.6000000000000005,16.9
LITTLE SKATE,1991,2,18.25038070653501,4.6000000000000005,16.9
LITTLE SKATE,1992,2,5.922678258467528,4.6000000000000005,16.9
LITTLE SKATE,1993,2,-6.824255308478413,4.6000000000000005,16.9
LITTLE SKATE,1994,2,3.38353259452812,4.6000000000000005,16.9
LITTLE SKATE,1995,2,11.507443706695511,4.6000000000000005,16.9
LITTLE SKATE,1996,2,0.501521542588435,4.6000000000000005,16.9
LITTLE SKATE,1997,2,15.327309487371323,4.6000000000000005,16.9
LITTLE SKATE,1998,2,17.538142394393958,4.6000000000000005,16.9
LITTLE SKATE,1999,2,11.326508671585799,4.6000000000000005,16.9
LITTLE SKATE,2000,2,21.23479565594387,4.6000000000000005,16.9
LITTLE SKATE,2001,2,11.327278870526655,4.6000000000000005,16.9
LITTLE SKATE,2002,2,20.171583520349444,4.6000000000000005,16.9
LITTLE SKATE,2003,2,-1.8711274242333502,4.6000000000000005,16.9
LITTLE SKATE,2004,2,-13.493787718818396,4.6000000000000005,16.9
LITTLE SKATE,2005,2,-7.793443231085789,4.6000000000000005,16.9
LITTLE SKATE,2006,2,16.666695113572345,4.6000000000000005,16.9
LITTLE SKATE,2007,2,7.2411926044523796,4.6000000000000005,16.9
LITTLE SKATE,2008,2,16.021620992392428,4.6000000000000005,16.9
LITTLE SKATE,2009,2,4.389340300951716,4.6000000000000005,16.9
LITTLE SKATE,2010,2,14.035187183281977,4.6000000000000005,16.9
LITTLE SKATE,2011,2,11.36370076504501,4.6000000000000005,16.9
LITTLE SKATE,2012,2,18.7973255483829,4.6000000000000005,16.9
LITTLE SKATE,2013,2,19.046922338667713,4.6000000000000005,16.9
LITTLE SKATE,2014,2,-2.112612901860828,4.6000000000000005,16.9
LITTLE SKATE,2015,2,-0.7284211150300735,4.6000000000000005,16.9
LITTLE SKATE,2016,2,13.921303520007783,4.6000000000000005,16.9
LITTLE SKATE,2017,2,13.162563425136966,4.6000000000000005,16.9
LITTLE SKATE,2018,2,15.518098623564555,4.6000000000000005,16.9
LITTLE SKATE,2019,2,3.831921051723924,4.6000000000000005,16.9
LITTLE SKATE,2020,2,17.12803421495562,4.6000000000000005,16.9
LITTLE SKATE,2022,2,13.903064365655368,4.6000000000000005,16.9
LITTLE SKATE,2023,2,15.241544496293173,4.6000000000000005,16.9
LITTLE SKATE,2024,2,6.672626122988959,4.6000000000000005,16.9
LONGFIN SQUID,1959,2,0,7.854000000000002,20.46
LONGFIN SQUID,1960,2,-5.7897875623444826,7.854000000000002,20.46
LONGFIN SQUID,1961,2,-8.190037481662642,7.854000000000002,20.46
LONGFIN SQUID,1962,2,0.22866660610667822,7.854000000000002,20.46
LONGFIN SQUID,1963,2,0.38176707627134476,7.854000000000002,20.46
LONGFIN SQUID,1964,2,2.7685936032036516,7.854000000000002,20.46
LONGFIN SQUID,1965,2,-12.25978729579196,7.854000000000002,20.46
LONGFIN SQUID,1966,2,-10.68888247261817,7.854000000000002,20.46
LONGFIN SQUID,1967,2,-5.8102625754100075,7.854000000000002,20.46
LONGFIN SQUID,1968,2,-4.298138376679198,7.854000000000002,20.46
LONGFIN SQUID,1969,2,-2.400697971724293,7.854000000000002,20.46
LONGFIN SQUID,1970,2,4.270205804755069,7.854000000000002,20.46
LONGFIN SQUID,1971,2,-1.7764822210803821,7.854000000000002,20.46
LONGFIN SQUID,1972,2,11.157075208361647,7.854000000000002,20.46
LONGFIN SQUID,1973,2,3.0869572980127913,7.854000000000002,20.46
LONGFIN SQUID,1974,2,29.434933681403166,7.854000000000002,20.46
LONGFIN SQUID,1975,2,35.81353262112089,7.854000000000002,20.46
LONGFIN SQUID,1976,2,52.90819513815764,7.854000000000002,20.46
LONGFIN SQUID,1977,2,11.057798041920119,7.854000000000002,20.46
LONGFIN SQUID,1978,2,9.472772969566869,7.854000000000002,20.46
LONGFIN SQUID,1979,2,3.4016494091690035,7.854000000000002,20.46
LONGFIN SQUID,1980,2,7.706308322040577,7.854000000000002,20.46
LONGFIN SQUID,1981,2,6.207709799496712,7.854000000000002,20.46
LONGFIN SQUID,1982,2,6.0824075397004655,7.854000000000002,20.46
LONGFIN SQUID,1983,2,9.743505922100098,7.854000000000002,20.46
LONGFIN SQUID,1984,2,10.29813787767695,7.854000000000002,20.46
LONGFIN SQUID,1985,2,27.32336349387846,7.854000000000002,20.46
LONGFIN SQUID,1986,2,36.3625503264826,7.854000000000002,20.46
LONGFIN SQUID,1987,2,16.991414728502367,7.854000000000002,20.46
LONGFIN SQUID,1988,2,18.537581072151998,7.854000000000002,20.46
LONGFIN SQUID,1989,2,13.877720817111246,7.854000000000002,20.46
LONGFIN SQUID,1990,2,24.891045931852865,7.854000000000002,20.46
LONGFIN SQUID,1991,2,31.31319068336527,7.854000000000002,20.46
LONGFIN SQUID,1992,2,12.904277435710739,7.854000000000002,20.46
LONGFIN SQUID,1993,2,7.210047495020834,7.854000000000002,20.46
LONGFIN SQUID,1994,2,35.104045501751955,7.854000000000002,20.46
LONGFIN SQUID,1995,2,36.33692726742334,7.854000000000002,20.46
LONGFIN SQUID,1996,2,11.43687826152674,7.854000000000002,20.46
LONGFIN SQUID,1997,2,30.681781024579116,7.854000000000002,20.46
LONGFIN SQUID,1998,2,-9.171642144661122,7.854000000000002,20.46
LONGFIN SQUID,1999,2,27.524845153093878,7.854000000000002,20.46
LONGFIN SQUID,2000,2,38.253372837293234,7.854000000000002,20.46
LONGFIN SQUID,2001,2,14.103117347492347,7.854000000000002,20.46
LONGFIN SQUID,2002,2,35.36597899275151,7.854000000000002,20.46
LONGFIN SQUID,2003,2,8.388730716727306,7.854000000000002,20.46
LONGFIN SQUID,2004,2,-11.874119076157392,7.854000000000002,20.46
LONGFIN SQUID,2005,2,0.45638624574094067,7.854000000000002,20.46
LONGFIN SQUID,2006,2,33.969467402652334,7.854000000000002,20.46
LONGFIN SQUID,2007,2,0.4465934996508736,7.854000000000002,20.46
LONGFIN SQUID,2008,2,8.081864137170534,7.854000000000002,20.46
LONGFIN SQUID,2009,2,13.39632605453843,7.854000000000002,20.46
LONGFIN SQUID,2010,2,26.478745536196975,7.854000000000002,20.46
LONGFIN SQUID,2011,2,50.84583134269607,7.854000000000002,20.46
LONGFIN SQUID,2012,2,84.39916828821359,7.854000000000002,20.46
LONGFIN SQUID,2013,2,50.8116598796872,7.854000000000002,20.46
LONGFIN SQUID,2014,2,43.51943339171025,7.854000000000002,20.46
LONGFIN SQUID,2015,2,51.880275956143095,7.854000000000002,20.46
LONGFIN SQUID,2016,2,68.58273283372728,7.854000000000002,20.46
LONGFIN SQUID,2017,2,50.72438275237866,7.854000000000002,20.46
LONGFIN SQUID,2018,2,51.754043546112975,7.854000000000002,20.46
LONGFIN SQUID,2019,2,47.40608970911593,7.854000000000002,20.46
LONGFIN SQUID,2020,2,71.72361255246304,7.854000000000002,20.46
LONGFIN SQUID,2022,2,71.80227396118966,7.854000000000002,20.46
LONGFIN SQUID,2023,2,61.32348506220978,7.854000000000002,20.46
LONGFIN SQUID,2024,2,25.396254042431543,7.854000000000002,20.46
NORTHERN SHORTFIN SQUID,1959,2,0,7,14.05
NORTHERN SHORTFIN SQUID,1960,2,-13.885885689494785,7,14.05
NORTHERN SHORTFIN SQUID,1961,2,-22.487403171205408,7,14.05
NORTHERN SHORTFIN SQUID,1962,2,-12.396178667403632,7,14.05
NORTHERN SHORTFIN SQUID,1963,2,-12.708823986963012,7,14.05
NORTHERN SHORTFIN SQUID,1964,2,-1.9516189763178176,7,14.05
NORTHERN SHORTFIN SQUID,1965,2,-3.9130615430442433,7,14.05
NORTHERN SHORTFIN SQUID,1966,2,-7.892272850716466,7,14.05
NORTHERN SHORTFIN SQUID,1967,2,-3.7421984644039483,7,14.05
NORTHERN SHORTFIN SQUID,1968,2,-7.878194004543964,7,14.05
NORTHERN SHORTFIN SQUID,1969,2,-7.255747754487409,7,14.05
NORTHERN SHORTFIN SQUID,1970,2,6.933633941277485,7,14.05
NORTHERN SHORTFIN SQUID,1971,2,-4.429945062847445,7,14.05
NORTHERN SHORTFIN SQUID,1972,2,9.72581183541589,7,14.05
NORTHERN SHORTFIN SQUID,1973,2,6.189338903609531,7,14.05
NORTHERN SHORTFIN SQUID,1974,2,24.976454508950816,7,14.05
NORTHERN SHORTFIN SQUID,1975,2,22.374343479220308,7,14.05
NORTHERN SHORTFIN SQUID,1976,2,46.61843701025484,7,14.05
NORTHERN SHORTFIN SQUID,1977,2,6.810558401473301,7,14.05
NORTHERN SHORTFIN SQUID,1978,2,-4.501714348100094,7,14.05
NORTHERN SHORTFIN SQUID,1979,2,2.262617940779009,7,14.05
NORTHERN SHORTFIN SQUID,1980,2,16.49113369768807,7,14.05
NORTHERN SHORTFIN SQUID,1981,2,7.47540061560094,7,14.05
NORTHERN SHORTFIN SQUID,1982,2,-3.516858031443732,7,14.05
NORTHERN SHORTFIN SQUID,1983,2,7.447698857166877,7,14.05
NORTHERN SHORTFIN SQUID,1984,2,19.071561617761425,7,14.05
NORTHERN SHORTFIN SQUID,1985,2,16.1846057428588,7,14.05
NORTHERN SHORTFIN SQUID,1986,2,19.346537954159487,7,14.05
NORTHERN SHORTFIN SQUID,1987,2,14.99882933955859,7,14.05
NORTHERN SHORTFIN SQUID,1988,2,23.585994568529244,7,14.05
NORTHERN SHORTFIN SQUID,1989,2,17.24442361258081,7,14.05
NORTHERN SHORTFIN SQUID,1990,2,24.638077972751304,7,14.05
NORTHERN SHORTFIN SQUID,1991,2,26.693594098249307,7,14.05
NORTHERN SHORTFIN SQUID,1992,2,7.1268769517866275,7,14.05
NORTHERN SHORTFIN SQUID,1993,2,10.31683462512057,7,14.05
NORTHERN SHORTFIN SQUID,1994,2,27.33774026453022,7,14.05
NORTHERN SHORTFIN SQUID,1995,2,27.66248452818273,7,14.05
NORTHERN SHORTFIN SQUID,1996,2,20.00513380012304,7,14.05
NORTHERN SHORTFIN SQUID,1997,2,29.617917819657862,7,14.05
NORTHERN SHORTFIN SQUID,1998,2,-16.23698200760328,7,14.05
NORTHERN SHORTFIN SQUID,1999,2,11.837490853743184,7,14.05
NORTHERN SHORTFIN SQUID,2000,2,43.53290137079368,7,14.05
NORTHERN SHORTFIN SQUID,2001,2,15.410346236729488,7,14.05
NORTHERN SHORTFIN SQUID,2002,2,34.317438374170365,7,14.05
NORTHERN SHORTFIN SQUID,2003,2,9.204000763961545,7,14.05
NORTHERN SHORTFIN SQUID,2004,2,-15.350460240881311,7,14.05
NORTHERN SHORTFIN SQUID,2005,2,4.180927430472821,7,14.05
NORTHERN SHORTFIN SQUID,2006,2,25.954216510116822,7,14.05
NORTHERN SHORTFIN SQUID,2007,2,-2.860276560132178,7,14.05
NORTHERN SHORTFIN SQUID,2008,2,2.009451665996643,7,14.05
NORTHERN SHORTFIN SQUID,2009,2,2.423056911979124,7,14.05
NORTHERN SHORTFIN SQUID,2010,2,39.115956436999696,7,14.05
NORTHERN SHORTFIN SQUID,2011,2,31.281152757924396,7,14.05
NORTHERN SHORTFIN SQUID,2012,2,47.94974711637653,7,14.05
NORTHERN SHORTFIN SQUID,2013,2,38.501912759362725,7,14.05
NORTHERN SHORTFIN SQUID,2014,2,13.522315036286564,7,14.05
NORTHERN SHORTFIN SQUID,2015,2,17.603126366317703,7,14.05
NORTHERN SHORTFIN SQUID,2016,2,38.563465505112234,7,14.05
NORTHERN SHORTFIN SQUID,2017,2,25.594666928649538,7,14.05
NORTHERN SHORTFIN SQUID,2018,2,43.154436330166135,7,14.05
NORTHERN SHORTFIN SQUID,2019,2,8.817786179961452,7,14.05
NORTHERN SHORTFIN SQUID,2020,2,41.79719105409241,7,14.05
NORTHERN SHORTFIN SQUID,2022,2,45.249988380150285,7,14.05
NORTHERN SHORTFIN SQUID,2023,2,39.570661930566246,7,14.05
NORTHERN SHORTFIN SQUID,2024,2,17.24705260518361,7,14.05
OCEAN POUT,1959,2,0,4.0200000000000005,10.5
OCEAN POUT,1960,2,-1.795485342425664,4.0200000000000005,10.5
OCEAN POUT,1961,2,0.5782185368359194,4.0200000000000005,10.5
OCEAN POUT,1962,2,-8.191680645662757,4.0200000000000005,10.5
OCEAN POUT,1963,2,-2.223014863114244,4.0200000000000005,10.5
OCEAN POUT,1964,2,3.8965511587681476,4.0200000000000005,10.5
OCEAN POUT,1965,2,-1.7249802863547927,4.0200000000000005,10.5
OCEAN POUT,1966,2,8.056399952528835,4.0200000000000005,10.5
OCEAN POUT,1967,2,-0.5520661505109814,4.0200000000000005,10.5
OCEAN POUT,1968,2,-2.4713135732253306,4.0200000000000005,10.5
OCEAN POUT,1969,2,-17.069700891868628,4.0200000000000005,10.5
OCEAN POUT,1970,2,5.6011056932373435,4.0200000000000005,10.5
OCEAN POUT,1971,2,-4.5819215380259095,4.0200000000000005,10.5
OCEAN POUT,1972,2,-4.573641653978605,4.0200000000000005,10.5
OCEAN POUT,1973,2,-6.969821922065009,4.0200000000000005,10.5
OCEAN POUT,1974,2,-13.672883445556693,4.0200000000000005,10.5
OCEAN POUT,1975,2,-4.835880827521066,4.0200000000000005,10.5
OCEAN POUT,1976,2,-5.185740581132933,4.0200000000000005,10.5
OCEAN POUT,1977,2,-13.726387893896913,4.0200000000000005,10.5
OCEAN POUT,1978,2,-11.728806652237772,4.0200000000000005,10.5
OCEAN POUT,1979,2,-5.048611921065529,4.0200000000000005,10.5
OCEAN POUT,1980,2,-7.631027340989448,4.0200000000000005,10.5
OCEAN POUT,1981,2,-3.9248411605476434,4.0200000000000005,10.5
OCEAN POUT,1982,2,-10.749090516781273,4.0200000000000005,10.5
OCEAN POUT,1983,2,-4.834252921548838,4.0200000000000005,10.5
OCEAN POUT,1984,2,3.4828930082129688,4.0200000000000005,10.5
OCEAN POUT,1985,2,-12.032115134076847,4.0200000000000005,10.5
OCEAN POUT,1986,2,-15.444765586407733,4.0200000000000005,10.5
OCEAN POUT,1987,2,-11.33506401106257,4.0200000000000005,10.5
OCEAN POUT,1988,2,-0.6300501235165399,4.0200000000000005,10.5
OCEAN POUT,1989,2,-13.036977622900608,4.0200000000000005,10.5
OCEAN POUT,1990,2,-4.613024875882374,4.0200000000000005,10.5
OCEAN POUT,1991,2,-12.384171418035294,4.0200000000000005,10.5
OCEAN POUT,1992,2,-6.7781853957738605,4.0200000000000005,10.5
OCEAN POUT,1993,2,-15.010735102636147,4.0200000000000005,10.5
OCEAN POUT,1994,2,-16.13522124421352,4.0200000000000005,10.5
OCEAN POUT,1995,2,-8.247372721819104,4.0200000000000005,10.5
OCEAN POUT,1996,2,20.85929456977128,4.0200000000000005,10.5
OCEAN POUT,1997,2,1.6345950353475303,4.0200000000000005,10.5
OCEAN POUT,1998,2,22.797447442340953,4.0200000000000005,10.5
OCEAN POUT,1999,2,-15.03870501187987,4.0200000000000005,10.5
OCEAN POUT,2000,2,-4.038716021743653,4.0200000000000005,10.5
OCEAN POUT,2001,2,-6.1825873670765645,4.0200000000000005,10.5
OCEAN POUT,2002,2,-5.363081831011719,4.0200000000000005,10.5
OCEAN POUT,2003,2,-7.546555620712368,4.0200000000000005,10.5
OCEAN POUT,2004,2,-2.616019350293314,4.0200000000000005,10.5
OCEAN POUT,2005,2,-6.733494683418712,4.0200000000000005,10.5
OCEAN POUT,2006,2,-6.6217806415269465,4.0200000000000005,10.5
OCEAN POUT,2007,2,22.61055775456596,4.0200000000000005,10.5
OCEAN POUT,2008,2,6.749985799167277,4.0200000000000005,10.5
OCEAN POUT,2009,2,-13.75609442776414,4.0200000000000005,10.5
OCEAN POUT,2010,2,-5.270917539029291,4.0200000000000005,10.5
OCEAN POUT,2011,2,0.6246075358685914,4.0200000000000005,10.5
OCEAN POUT,2012,2,-20.331402094465652,4.0200000000000005,10.5
OCEAN POUT,2013,2,-14.294656220932545,4.0200000000000005,10.5
OCEAN POUT,2014,2,-17.87039895170703,4.0200000000000005,10.5
OCEAN POUT,2015,2,-16.986936689387377,4.0200000000000005,10.5
OCEAN POUT,2016,2,-17.011248211759657,4.0200000000000005,10.5
OCEAN POUT,2017,2,-7.801618470261154,4.0200000000000005,10.5
OCEAN POUT,2018,2,-3.31084185063051,4.0200000000000005,10.5
OCEAN POUT,2019,2,-12.717356508336842,4.0200000000000005,10.5
OCEAN POUT,2020,2,-11.334064956899681,4.0200000000000005,10.5
OCEAN POUT,2022,2,-19.146100400431344,4.0200000000000005,10.5
OCEAN POUT,2023,2,-3.0405918549266033,4.0200000000000005,10.5
OCEAN POUT,2024,2,11.034112027458917,4.0200000000000005,10.5
OCEAN QUAHOG,1959,2,0,5,14.4
OCEAN QUAHOG,1960,2,13.458500117964633,5,14.4
OCEAN QUAHOG,1961,2,3.410926146989482,5,14.4
OCEAN QUAHOG,1962,2,10.002084808294882,5,14.4
OCEAN QUAHOG,1963,2,9.566601002304807,5,14.4
OCEAN QUAHOG,1964,2,-5.852525604524473,5,14.4
OCEAN QUAHOG,1965,2,-25.588772751915542,5,14.4
OCEAN QUAHOG,1966,2,-8.526242270088538,5,14.4
OCEAN QUAHOG,1967,2,-3.204065957823346,5,14.4
OCEAN QUAHOG,1968,2,-6.624093576121467,5,14.4
OCEAN QUAHOG,1969,2,18.11760274232401,5,14.4
OCEAN QUAHOG,1970,2,2.6176142009488075,5,14.4
OCEAN QUAHOG,1971,2,0.08179604063241186,5,14.4
OCEAN QUAHOG,1972,2,12.220048531216122,5,14.4
OCEAN QUAHOG,1973,2,20.20497863574323,5,14.4
OCEAN QUAHOG,1974,2,18.99414107135432,5,14.4
OCEAN QUAHOG,1975,2,27.337884909992525,5,14.4
OCEAN QUAHOG,1976,2,26.86807739628108,5,14.4
OCEAN QUAHOG,1977,2,25.68128320916621,5,14.4
OCEAN QUAHOG,1978,2,8.47254633364254,5,14.4
OCEAN QUAHOG,1979,2,0.4343625002821909,5,14.4
OCEAN QUAHOG,1980,2,14.101403867988566,5,14.4
OCEAN QUAHOG,1981,2,15.306960418570924,5,14.4
OCEAN QUAHOG,1982,2,4.209431689943884,5,14.4
OCEAN QUAHOG,1983,2,34.29712495750883,5,14.4
OCEAN QUAHOG,1984,2,28.316966230381013,5,14.4
OCEAN QUAHOG,1985,2,19.45945723928601,5,14.4
OCEAN QUAHOG,1986,2,17.23952987304061,5,14.4
OCEAN QUAHOG,1987,2,6.882965200713755,5,14.4
OCEAN QUAHOG,1988,2,6.555805171123978,5,14.4
OCEAN QUAHOG,1989,2,13.108773395169422,5,14.4
OCEAN QUAHOG,1990,2,16.60238343045387,5,14.4
OCEAN QUAHOG,1991,2,27.019256991898416,5,14.4
OCEAN QUAHOG,1992,2,10.738432902119015,5,14.4
OCEAN QUAHOG,1993,2,-12.707265873497398,5,14.4
OCEAN QUAHOG,1994,2,12.62631169596959,5,14.4
OCEAN QUAHOG,1995,2,15.406946426379278,5,14.4
OCEAN QUAHOG,1996,2,0.7653476438165825,5,14.4
OCEAN QUAHOG,1997,2,-1.8224669154532904,5,14.4
OCEAN QUAHOG,1998,2,5.8596382569214,5,14.4
OCEAN QUAHOG,1999,2,28.480899966677057,5,14.4
OCEAN QUAHOG,2000,2,34.52227121491268,5,14.4
OCEAN QUAHOG,2001,2,28.018894525695742,5,14.4
OCEAN QUAHOG,2002,2,26.20565481277798,5,14.4
OCEAN QUAHOG,2003,2,-12.369231101633318,5,14.4
OCEAN QUAHOG,2004,2,-43.20869485952698,5,14.4
OCEAN QUAHOG,2005,2,-21.603941303825287,5,14.4
OCEAN QUAHOG,2006,2,11.34269637438554,5,14.4
OCEAN QUAHOG,2007,2,-15.508245979068334,5,14.4
OCEAN QUAHOG,2008,2,13.896864832391103,5,14.4
OCEAN QUAHOG,2009,2,-26.27874684410392,5,14.4
OCEAN QUAHOG,2010,2,33.96038749774108,5,14.4
OCEAN QUAHOG,2011,2,12.521212390851886,5,14.4
OCEAN QUAHOG,2012,2,36.619365801339086,5,14.4
OCEAN QUAHOG,2013,2,18.83546596394875,5,14.4
OCEAN QUAHOG,2014,2,16.8560246115038,5,14.4
OCEAN QUAHOG,2015,2,23.012988270946465,5,14.4
OCEAN QUAHOG,2016,2,-1.6513238893001656,5,14.4
OCEAN QUAHOG,2017,2,1.212446780183754,5,14.4
OCEAN QUAHOG,2018,2,5.014596479412333,5,14.4
OCEAN QUAHOG,2019,2,6.2046498858098005,5,14.4
OCEAN QUAHOG,2020,2,25.104403583921595,5,14.4
OCEAN QUAHOG,2022,2,-17.17555315232049,5,14.4
OCEAN QUAHOG,2023,2,-18.351145022941935,5,14.4
OCEAN QUAHOG,2024,2,-28.12809983192949,5,14.4
OFFSHORE HAKE,1959,2,0,7.354000000000001,12.946000000000002
OFFSHORE HAKE,1960,2,-3.21763144392067,7.354000000000001,12.946000000000002
OFFSHORE HAKE,1961,2,-3.19354746888326,7.354000000000001,12.946000000000002
OFFSHORE HAKE,1962,2,0.034497888804512655,7.354000000000001,12.946000000000002
OFFSHORE HAKE,1963,2,11.656404884041727,7.354000000000001,12.946000000000002
OFFSHORE HAKE,1964,2,11.175983721962169,7.354000000000001,12.946000000000002
OFFSHORE HAKE,1965,2,1.317339770503466,7.354000000000001,12.946000000000002
OFFSHORE HAKE,1966,2,1.228045600479021,7.354000000000001,12.946000000000002
OFFSHORE HAKE,1967,2,5.883229946592628,7.354000000000001,12.946000000000002
OFFSHORE HAKE,1968,2,5.675033084955196,7.354000000000001,12.946000000000002
OFFSHORE HAKE,1969,2,-3.115009711255368,7.354000000000001,12.946000000000002
OFFSHORE HAKE,1970,2,8.429317083485383,7.354000000000001,12.946000000000002
OFFSHORE HAKE,1971,2,8.58077925763152,7.354000000000001,12.946000000000002
OFFSHORE HAKE,1972,2,-2.9728555759614537,7.354000000000001,12.946000000000002
OFFSHORE HAKE,1973,2,-0.5327774923155033,7.354000000000001,12.946000000000002
OFFSHORE HAKE,1974,2,5.869265019971962,7.354000000000001,12.946000000000002
OFFSHORE HAKE,1975,2,11.65631807090633,7.354000000000001,12.946000000000002
OFFSHORE HAKE,1976,2,32.31820239715831,7.354000000000001,12.946000000000002
OFFSHORE HAKE,1977,2,1.400822742843964,7.354000000000001,12.946000000000002
OFFSHORE HAKE,1978,2,-4.752983051202307,7.354000000000001,12.946000000000002
OFFSHORE HAKE,1979,2,6.976605518959687,7.354000000000001,12.946000000000002
OFFSHORE HAKE,1980,2,11.874279665637296,7.354000000000001,12.946000000000002
OFFSHORE HAKE,1981,2,13.611836097214994,7.354000000000001,12.946000000000002
OFFSHORE HAKE,1982,2,-7.587769202776894,7.354000000000001,12.946000000000002
OFFSHORE HAKE,1983,2,-8.218856686655087,7.354000000000001,12.946000000000002
OFFSHORE HAKE,1984,2,20.299444696605683,7.354000000000001,12.946000000000002
OFFSHORE HAKE,1985,2,-4.009764124409383,7.354000000000001,12.946000000000002
OFFSHORE HAKE,1986,2,-24.70753922715316,7.354000000000001,12.946000000000002
OFFSHORE HAKE,1987,2,-14.090482888759613,7.354000000000001,12.946000000000002
OFFSHORE HAKE,1988,2,-1.905365066731079,7.354000000000001,12.946000000000002
OFFSHORE HAKE,1989,2,-0.6806024743205654,7.354000000000001,12.946000000000002
OFFSHORE HAKE,1990,2,6.205280320004455,7.354000000000001,12.946000000000002
OFFSHORE HAKE,1991,2,-4.800467548441425,7.354000000000001,12.946000000000002
OFFSHORE HAKE,1992,2,4.854737171488139,7.354000000000001,12.946000000000002
OFFSHORE HAKE,1993,2,11.960647382812695,7.354000000000001,12.946000000000002
OFFSHORE HAKE,1994,2,19.10443873661213,7.354000000000001,12.946000000000002
OFFSHORE HAKE,1995,2,33.945973733090206,7.354000000000001,12.946000000000002
OFFSHORE HAKE,1996,2,53.503498069295965,7.354000000000001,12.946000000000002
OFFSHORE HAKE,1997,2,26.73997097836871,7.354000000000001,12.946000000000002
OFFSHORE HAKE,1998,2,11.690849800059382,7.354000000000001,12.946000000000002
OFFSHORE HAKE,1999,2,-22.364976078759863,7.354000000000001,12.946000000000002
OFFSHORE HAKE,2000,2,16.698353769359237,7.354000000000001,12.946000000000002
OFFSHORE HAKE,2001,2,2.4765070386090215,7.354000000000001,12.946000000000002
OFFSHORE HAKE,2002,2,4.767400599507113,7.354000000000001,12.946000000000002
OFFSHORE HAKE,2003,2,18.84211840425661,7.354000000000001,12.946000000000002
OFFSHORE HAKE,2004,2,3.154606566212138,7.354000000000001,12.946000000000002
OFFSHORE HAKE,2005,2,-0.7768195282227381,7.354000000000001,12.946000000000002
OFFSHORE HAKE,2006,2,15.754212545220398,7.354000000000001,12.946000000000002
OFFSHORE HAKE,2007,2,18.124150840846262,7.354000000000001,12.946000000000002
OFFSHORE HAKE,2008,2,-8.612154114513338,7.354000000000001,12.946000000000002
OFFSHORE HAKE,2009,2,-28.257424569562048,7.354000000000001,12.946000000000002
OFFSHORE HAKE,2010,2,13.663268830258751,7.354000000000001,12.946000000000002
OFFSHORE HAKE,2011,2,42.500460976293596,7.354000000000001,12.946000000000002
OFFSHORE HAKE,2012,2,40.71730509654875,7.354000000000001,12.946000000000002
OFFSHORE HAKE,2013,2,31.94983421542198,7.354000000000001,12.946000000000002
OFFSHORE HAKE,2014,2,25.28308119844401,7.354000000000001,12.946000000000002
OFFSHORE HAKE,2015,2,0.6555192015661291,7.354000000000001,12.946000000000002
OFFSHORE HAKE,2016,2,29.440493201056128,7.354000000000001,12.946000000000002
OFFSHORE HAKE,2017,2,37.0659715779314,7.354000000000001,12.946000000000002
OFFSHORE HAKE,2018,2,33.578487232953584,7.354000000000001,12.946000000000002
OFFSHORE HAKE,2019,2,9.999961257922216,7.354000000000001,12.946000000000002
OFFSHORE HAKE,2020,2,48.400183602650095,7.354000000000001,12.946000000000002
OFFSHORE HAKE,2022,2,28.47046498229441,7.354000000000001,12.946000000000002
OFFSHORE HAKE,2023,2,37.36197536435794,7.354000000000001,12.946000000000002
OFFSHORE HAKE,2024,2,33.954626660741376,7.354000000000001,12.946000000000002
POLLOCK,1959,2,0,4.5,10.6
POLLOCK,1960,2,1.9117778586724512,4.5,10.6
POLLOCK,1961,2,-3.3401765522418714,4.5,10.6
POLLOCK,1962,2,-4.385963361697492,4.5,10.6
POLLOCK,1963,2,9.58126591583192,4.5,10.6
POLLOCK,1964,2,4.671460366877696,4.5,10.6
POLLOCK,1965,2,-7.218510744192216,4.5,10.6
POLLOCK,1966,2,0.8923401899955365,4.5,10.6
POLLOCK,1967,2,-6.388903985286191,4.5,10.6
POLLOCK,1968,2,-9.82363721373423,4.5,10.6
POLLOCK,1969,2,-10.741598587986672,4.5,10.6
POLLOCK,1970,2,8.26120216143704,4.5,10.6
POLLOCK,1971,2,1.453146267992679,4.5,10.6
POLLOCK,1972,2,8.179486534272868,4.5,10.6
POLLOCK,1973,2,4.2674714034082655,4.5,10.6
POLLOCK,1974,2,7.020181646740156,4.5,10.6
POLLOCK,1975,2,16.833295860547864,4.5,10.6
POLLOCK,1976,2,11.954645186187776,4.5,10.6
POLLOCK,1977,2,5.8870665996398515,4.5,10.6
POLLOCK,1978,2,2.3866400253972984,4.5,10.6
POLLOCK,1979,2,-4.278442502104582,4.5,10.6
POLLOCK,1980,2,1.061502936644004,4.5,10.6
POLLOCK,1981,2,3.6959110748365305,4.5,10.6
POLLOCK,1982,2,1.2856617690374037,4.5,10.6
POLLOCK,1983,2,11.917746711505742,4.5,10.6
POLLOCK,1984,2,10.811598963304988,4.5,10.6
POLLOCK,1985,2,10.516336341551195,4.5,10.6
POLLOCK,1986,2,11.452198084115125,4.5,10.6
POLLOCK,1987,2,-2.920069079031663,4.5,10.6
POLLOCK,1988,2,9.07322610937716,4.5,10.6
POLLOCK,1989,2,-0.4020051103887141,4.5,10.6
POLLOCK,1990,2,11.408377403006483,4.5,10.6
POLLOCK,1991,2,10.519241826577769,4.5,10.6
POLLOCK,1992,2,-1.7070945895449228,4.5,10.6
POLLOCK,1993,2,-4.74361821017439,4.5,10.6
POLLOCK,1994,2,9.542361707835084,4.5,10.6
POLLOCK,1995,2,14.675593623291661,4.5,10.6
POLLOCK,1996,2,14.671380123370113,4.5,10.6
POLLOCK,1997,2,16.53897823761436,4.5,10.6
POLLOCK,1998,2,18.761744938843492,4.5,10.6
POLLOCK,1999,2,10.980280102315504,4.5,10.6
POLLOCK,2000,2,20.286181448106305,4.5,10.6
POLLOCK,2001,2,15.570817393514844,4.5,10.6
POLLOCK,2002,2,20.481261278369985,4.5,10.6
POLLOCK,2003,2,2.241404704113947,4.5,10.6
POLLOCK,2004,2,-7.101783276528053,4.5,10.6
POLLOCK,2005,2,1.7598337081589648,4.5,10.6
POLLOCK,2006,2,19.060243264278725,4.5,10.6
POLLOCK,2007,2,9.893568450619057,4.5,10.6
POLLOCK,2008,2,18.84979162880549,4.5,10.6
POLLOCK,2009,2,2.028384787673673,4.5,10.6
POLLOCK,2010,2,15.60144706570776,4.5,10.6
POLLOCK,2011,2,20.087284526277926,4.5,10.6
POLLOCK,2012,2,10.491277824254567,4.5,10.6
POLLOCK,2013,2,12.9492777283495,4.5,10.6
POLLOCK,2014,2,6.219762458588647,4.5,10.6
POLLOCK,2015,2,8.230435980791214,4.5,10.6
POLLOCK,2016,2,11.081803086149336,4.5,10.6
POLLOCK,2017,2,11.029014575608002,4.5,10.6
POLLOCK,2018,2,16.04543461609832,4.5,10.6
POLLOCK,2019,2,8.523231924386849,4.5,10.6
POLLOCK,2020,2,18.330978017453504,4.5,10.6
POLLOCK,2022,2,10.005186261852415,4.5,10.6
POLLOCK,2023,2,15.727774380513424,4.5,10.6
POLLOCK,2024,2,13.894682528689373,4.5,10.6
RED HAKE,1959,2,0,4.82,12.8
RED HAKE,1960,2,-6.433490205633262,4.82,12.8
RED HAKE,1961,2,-6.320750647284953,4.82,12.8
RED HAKE,1962,2,-8.76673169933757,4.82,12.8
RED HAKE,1963,2,-0.621058271053684,4.82,12.8
RED HAKE,1964,2,1.5302341674980937,4.82,12.8
RED HAKE,1965,2,0.23272795558366965,4.82,12.8
RED HAKE,1966,2,5.0578613323194475,4.82,12.8
RED HAKE,1967,2,2.5374078821546675,4.82,12.8
RED HAKE,1968,2,-5.490390038916686,4.82,12.8
RED HAKE,1969,2,-17.900243800073085,4.82,12.8
RED HAKE,1970,2,8.726544096185336,4.82,12.8
RED HAKE,1971,2,-2.7164547564525776,4.82,12.8
RED HAKE,1972,2,4.899698288415479,4.82,12.8
RED HAKE,1973,2,-1.878818511986168,4.82,12.8
RED HAKE,1974,2,8.52488515180103,4.82,12.8
RED HAKE,1975,2,4.874634435267183,4.82,12.8
RED HAKE,1976,2,22.570499244743573,4.82,12.8
RED HAKE,1977,2,-6.759866038719792,4.82,12.8
RED HAKE,1978,2,-6.372367831815481,4.82,12.8
RED HAKE,1979,2,-0.30397474215642717,4.82,12.8
RED HAKE,1980,2,5.034490516133076,4.82,12.8
RED HAKE,1981,2,1.5882019241912246,4.82,12.8
RED HAKE,1982,2,-13.316069768039071,4.82,12.8
RED HAKE,1983,2,5.252987302380006,4.82,12.8
RED HAKE,1984,2,10.592707724913964,4.82,12.8
RED HAKE,1985,2,-0.9914856569121895,4.82,12.8
RED HAKE,1986,2,-3.6505595292584303,4.82,12.8
RED HAKE,1987,2,-4.410988385767297,4.82,12.8
RED HAKE,1988,2,7.470090585733487,4.82,12.8
RED HAKE,1989,2,-3.5586923701786617,4.82,12.8
RED HAKE,1990,2,10.616614817647658,4.82,12.8
RED HAKE,1991,2,6.220931452244699,4.82,12.8
RED HAKE,1992,2,1.65144279142433,4.82,12.8
RED HAKE,1993,2,-3.5218824326748575,4.82,12.8
RED HAKE,1994,2,-4.264083200545713,4.82,12.8
RED HAKE,1995,2,3.570488628304915,4.82,12.8
RED HAKE,1996,2,13.87483611183012,4.82,12.8
RED HAKE,1997,2,14.273109431869315,4.82,12.8
RED HAKE,1998,2,27.306988653447817,4.82,12.8
RED HAKE,1999,2,-4.577129248556332,4.82,12.8
RED HAKE,2000,2,23.72871684432991,4.82,12.8
RED HAKE,2001,2,2.6392659548331068,4.82,12.8
RED HAKE,2002,2,9.914909360199275,4.82,12.8
RED HAKE,2003,2,3.485522673757629,4.82,12.8
RED HAKE,2004,2,-6.3035799717362195,4.82,12.8
RED HAKE,2005,2,-2.13646641888198,4.82,12.8
RED HAKE,2006,2,10.822389753475264,4.82,12.8
RED HAKE,2007,2,18.278674510644677,4.82,12.8
RED HAKE,2008,2,17.30266132519968,4.82,12.8
RED HAKE,2009,2,-6.899886869854399,4.82,12.8
RED HAKE,2010,2,8.364425893998614,4.82,12.8
RED HAKE,2011,2,5.6683651463537075,4.82,12.8
RED HAKE,2012,2,4.548193692577755,4.82,12.8
RED HAKE,2013,2,4.876022222497419,4.82,12.8
RED HAKE,2014,2,-9.743043734520548,4.82,12.8
RED HAKE,2015,2,-13.340003983540477,4.82,12.8
RED HAKE,2016,2,-2.0151987793840007,4.82,12.8
RED HAKE,2017,2,1.3431394139530823,4.82,12.8
RED HAKE,2018,2,10.423675342692974,4.82,12.8
RED HAKE,2019,2,-6.017737284207378,4.82,12.8
RED HAKE,2020,2,12.545533762258515,4.82,12.8
RED HAKE,2022,2,-0.42813760480756713,4.82,12.8
RED HAKE,2023,2,16.144473340604023,4.82,12.8
RED HAKE,2024,2,13.107982887882883,4.82,12.8
ROSETTE SKATE,1959,2,0,9.14,14.33
ROSETTE SKATE,1960,2,9.03473733250518,9.14,14.33
ROSETTE SKATE,1961,2,-3.3495923125170535,9.14,14.33
ROSETTE SKATE,1962,2,29.35405009417608,9.14,14.33
ROSETTE SKATE,1963,2,27.147447210203104,9.14,14.33
ROSETTE SKATE,1964,2,13.018383947533884,9.14,14.33
ROSETTE SKATE,1965,2,5.035669233039762,9.14,14.33
ROSETTE SKATE,1966,2,-18.483206608152162,9.14,14.33
ROSETTE SKATE,1967,2,20.47454450370177,9.14,14.33
ROSETTE SKATE,1968,2,14.71183317250172,9.14,14.33
ROSETTE SKATE,1969,2,5.214184695237577,9.14,14.33
ROSETTE SKATE,1970,2,37.60633197330362,9.14,14.33
ROSETTE SKATE,1971,2,19.786278475185476,9.14,14.33
ROSETTE SKATE,1972,2,40.163605237113295,9.14,14.33
ROSETTE SKATE,1973,2,15.340931392415463,9.14,14.33
ROSETTE SKATE,1974,2,56.25315812156371,9.14,14.33
ROSETTE SKATE,1975,2,18.15007125037048,9.14,14.33
ROSETTE SKATE,1976,2,64.4999837100062,9.14,14.33
ROSETTE SKATE,1977,2,19.778241028750948,9.14,14.33
ROSETTE SKATE,1978,2,36.92304325291358,9.14,14.33
ROSETTE SKATE,1979,2,39.262062184826696,9.14,14.33
ROSETTE SKATE,1980,2,29.908483326562184,9.14,14.33
ROSETTE SKATE,1981,2,29.522370409520143,9.14,14.33
ROSETTE SKATE,1982,2,21.663553609119695,9.14,14.33
ROSETTE SKATE,1983,2,31.83494968821163,9.14,14.33
ROSETTE SKATE,1984,2,21.39750437504734,9.14,14.33
ROSETTE SKATE,1985,2,39.59783214503491,9.14,14.33
ROSETTE SKATE,1986,2,20.669415966670215,9.14,14.33
ROSETTE SKATE,1987,2,13.859606554802816,9.14,14.33
ROSETTE SKATE,1988,2,32.11166978983146,9.14,14.33
ROSETTE SKATE,1989,2,34.53309737255801,9.14,14.33
ROSETTE SKATE,1990,2,64.03240753441418,9.14,14.33
ROSETTE SKATE,1991,2,31.515876731608536,9.14,14.33
ROSETTE SKATE,1992,2,57.62696075619504,9.14,14.33
ROSETTE SKATE,1993,2,26.293536598118628,9.14,14.33
ROSETTE SKATE,1994,2,41.865368921673586,9.14,14.33
ROSETTE SKATE,1995,2,53.04507554998293,9.14,14.33
ROSETTE SKATE,1996,2,-6.132251757848316,9.14,14.33
ROSETTE SKATE,1997,2,56.32481332576206,9.14,14.33
ROSETTE SKATE,1998,2,-9.944326610712935,9.14,14.33
ROSETTE SKATE,1999,2,15.64606903379871,9.14,14.33
ROSETTE SKATE,2000,2,59.197011666462366,9.14,14.33
ROSETTE SKATE,2001,2,14.192658843857352,9.14,14.33
ROSETTE SKATE,2002,2,49.504348782290016,9.14,14.33
ROSETTE SKATE,2003,2,8.695939169715146,9.14,14.33
ROSETTE SKATE,2004,2,-1.51100940502009,9.14,14.33
ROSETTE SKATE,2005,2,21.052455577988646,9.14,14.33
ROSETTE SKATE,2006,2,50.26290331667956,9.14,14.33
ROSETTE SKATE,2007,2,-12.008129605068412,9.14,14.33
ROSETTE SKATE,2008,2,41.33723136422096,9.14,14.33
ROSETTE SKATE,2009,2,19.935230279122784,9.14,14.33
ROSETTE SKATE,2010,2,26.65610938795711,9.14,14.33
ROSETTE SKATE,2011,2,30.68946810121728,9.14,14.33
ROSETTE SKATE,2012,2,34.703194898255575,9.14,14.33
ROSETTE SKATE,2013,2,26.10999671266044,9.14,14.33
ROSETTE SKATE,2014,2,1.0580048654263976,9.14,14.33
ROSETTE SKATE,2015,2,2.20748252244136,9.14,14.33
ROSETTE SKATE,2016,2,30.549142419671632,9.14,14.33
ROSETTE SKATE,2017,2,17.312405203733825,9.14,14.33
ROSETTE SKATE,2018,2,23.60530665022508,9.14,14.33
ROSETTE SKATE,2019,2,-19.636848618425752,9.14,14.33
ROSETTE SKATE,2020,2,51.342737699607305,9.14,14.33
ROSETTE SKATE,2022,2,35.07212068603534,9.14,14.33
ROSETTE SKATE,2023,2,42.108710278507026,9.14,14.33
ROSETTE SKATE,2024,2,-23.426566956914982,9.14,14.33
SCUP,1959,2,0,10,22.206000000000003
SCUP,1960,2,5.5797103762603895,10,22.206000000000003
SCUP,1961,2,1.134149931175001,10,22.206000000000003
SCUP,1962,2,18.24426383674225,10,22.206000000000003
SCUP,1963,2,13.242483058800918,10,22.206000000000003
SCUP,1964,2,9.927204000313925,10,22.206000000000003
SCUP,1965,2,-9.045512835359656,10,22.206000000000003
SCUP,1966,2,-14.109029557106991,10,22.206000000000003
SCUP,1967,2,-2.3271612528592494,10,22.206000000000003
SCUP,1968,2,-4.703222799003183,10,22.206000000000003
SCUP,1969,2,10.78472536697884,10,22.206000000000003
SCUP,1970,2,6.52719894327614,10,22.206000000000003
SCUP,1971,2,3.3492651011811008,10,22.206000000000003
SCUP,1972,2,20.857101181462436,10,22.206000000000003
SCUP,1973,2,16.312994282130724,10,22.206000000000003
SCUP,1974,2,41.65813595024602,10,22.206000000000003
SCUP,1975,2,26.924125398007636,10,22.206000000000003
SCUP,1976,2,37.66032126748643,10,22.206000000000003
SCUP,1977,2,24.570907025702653,10,22.206000000000003
SCUP,1978,2,33.041002865657674,10,22.206000000000003
SCUP,1979,2,11.839282780703623,10,22.206000000000003
SCUP,1980,2,2.288923275499953,10,22.206000000000003
SCUP,1981,2,9.418279202306302,10,22.206000000000003
SCUP,1982,2,21.455845879616103,10,22.206000000000003
SCUP,1983,2,29.648899637612647,10,22.206000000000003
SCUP,1984,2,3.324496494352963,10,22.206000000000003
SCUP,1985,2,41.3121076873191,10,22.206000000000003
SCUP,1986,2,47.02743525382733,10,22.206000000000003
SCUP,1987,2,17.07172725097251,10,22.206000000000003
SCUP,1988,2,20.20081266612554,10,22.206000000000003
SCUP,1989,2,27.13860566779143,10,22.206000000000003
SCUP,1990,2,46.545978224245594,10,22.206000000000003
SCUP,1991,2,43.299199752829544,10,22.206000000000003
SCUP,1992,2,35.481364537721895,10,22.206000000000003
SCUP,1993,2,9.984278110863361,10,22.206000000000003
SCUP,1994,2,30.4750290059099,10,22.206000000000003
SCUP,1995,2,25.62081647542945,10,22.206000000000003
SCUP,1996,2,-12.715866415632316,10,22.206000000000003
SCUP,1997,2,29.803794448183833,10,22.206000000000003
SCUP,1998,2,-7.682213497711978,10,22.206000000000003
SCUP,1999,2,36.137582964220535,10,22.206000000000003
SCUP,2000,2,41.02033378250092,10,22.206000000000003
SCUP,2001,2,24.453783815281685,10,22.206000000000003
SCUP,2002,2,45.039558223311076,10,22.206000000000003
SCUP,2003,2,7.3661695248249,10,22.206000000000003
SCUP,2004,2,-7.828011272726141,10,22.206000000000003
SCUP,2005,2,8.50394107359346,10,22.206000000000003
SCUP,2006,2,46.82126688441333,10,22.206000000000003
SCUP,2007,2,-15.387861523512733,10,22.206000000000003
SCUP,2008,2,33.25462450541006,10,22.206000000000003
SCUP,2009,2,36.09290054622291,10,22.206000000000003
SCUP,2010,2,12.276382637967838,10,22.206000000000003
SCUP,2011,2,25.004300256554252,10,22.206000000000003
SCUP,2012,2,71.5517161672775,10,22.206000000000003
SCUP,2013,2,35.37892336504369,10,22.206000000000003
SCUP,2014,2,27.0269184969079,10,22.206000000000003
SCUP,2015,2,33.32179907645696,10,22.206000000000003
SCUP,2016,2,46.433957642386325,10,22.206000000000003
SCUP,2017,2,24.348587948194563,10,22.206000000000003
SCUP,2018,2,20.791886906628342,10,22.206000000000003
SCUP,2019,2,27.129962624123465,10,22.206000000000003
SCUP,2020,2,46.16956609705515,10,22.206000000000003
SCUP,2022,2,55.12606324674468,10,22.206000000000003
SCUP,2023,2,38.378571502253344,10,22.206000000000003
SCUP,2024,2,15.602779022599627,10,22.206000000000003
SEA SCALLOP,1959,2,0,4.9,13.4
SEA SCALLOP,1960,2,-6.09512413242124,4.9,13.4
SEA SCALLOP,1961,2,-10.063388015691487,4.9,13.4
SEA SCALLOP,1962,2,-8.336234075925162,4.9,13.4
SEA SCALLOP,1963,2,-0.1927011818626596,4.9,13.4
SEA SCALLOP,1964,2,1.242074809632527,4.9,13.4
SEA SCALLOP,1965,2,-0.27017271679109456,4.9,13.4
SEA SCALLOP,1966,2,4.748211169360253,4.9,13.4
SEA SCALLOP,1967,2,1.9163125187524344,4.9,13.4
SEA SCALLOP,1968,2,-9.041305450947725,4.9,13.4
SEA SCALLOP,1969,2,-14.809471400592798,4.9,13.4
SEA SCALLOP,1970,2,11.84837151452038,4.9,13.4
SEA SCALLOP,1971,2,-2.8432743801718203,4.9,13.4
SEA SCALLOP,1972,2,11.210810906231842,4.9,13.4
SEA SCALLOP,1973,2,2.535223531592507,4.9,13.4
SEA SCALLOP,1974,2,18.033598383680186,4.9,13.4
SEA SCALLOP,1975,2,9.2093357306086,4.9,13.4
SEA SCALLOP,1976,2,33.074347912830135,4.9,13.4
SEA SCALLOP,1977,2,-6.65166316012845,4.9,13.4
SEA SCALLOP,1978,2,-3.648884534100503,4.9,13.4
SEA SCALLOP,1979,2,-0.24989683517269867,4.9,13.4
SEA SCALLOP,1980,2,4.465459928171313,4.9,13.4
SEA SCALLOP,1981,2,3.5196620972446553,4.9,13.4
SEA SCALLOP,1982,2,-12.363843773312219,4.9,13.4
SEA SCALLOP,1983,2,9.998061041452843,4.9,13.4
SEA SCALLOP,1984,2,13.198233900909486,4.9,13.4
SEA SCALLOP,1985,2,4.041308907467553,4.9,13.4
SEA SCALLOP,1986,2,6.263722827034314,4.9,13.4
SEA SCALLOP,1987,2,-0.14688554878455307,4.9,13.4
SEA SCALLOP,1988,2,12.939643659861659,4.9,13.4
SEA SCALLOP,1989,2,1.0634672426910896,4.9,13.4
SEA SCALLOP,1990,2,17.049013528997634,4.9,13.4
SEA SCALLOP,1991,2,14.883701988234293,4.9,13.4
SEA SCALLOP,1992,2,4.106786268599208,4.9,13.4
SEA SCALLOP,1993,2,-2.9699616669308,4.9,13.4
SEA SCALLOP,1994,2,4.154253790687804,4.9,13.4
SEA SCALLOP,1995,2,14.435083779700221,4.9,13.4
SEA SCALLOP,1996,2,13.512910905312154,4.9,13.4
SEA SCALLOP,1997,2,24.273331236451384,4.9,13.4
SEA SCALLOP,1998,2,32.14310524494607,4.9,13.4
SEA SCALLOP,1999,2,3.5558239971263887,4.9,13.4
SEA SCALLOP,2000,2,33.01660180173644,4.9,13.4
SEA SCALLOP,2001,2,8.246342203562136,4.9,13.4
SEA SCALLOP,2002,2,22.69752570739584,4.9,13.4
SEA SCALLOP,2003,2,4.319056114707365,4.9,13.4
SEA SCALLOP,2004,2,-11.260059227784751,4.9,13.4
SEA SCALLOP,2005,2,-3.8123158454006685,4.9,13.4
SEA SCALLOP,2006,2,19.163026379926563,4.9,13.4
SEA SCALLOP,2007,2,19.750946216397196,4.9,13.4
SEA SCALLOP,2008,2,21.963126644321747,4.9,13.4
SEA SCALLOP,2009,2,-3.3419789916290057,4.9,13.4
SEA SCALLOP,2010,2,18.215032482061844,4.9,13.4
SEA SCALLOP,2011,2,13.212264346444144,4.9,13.4
SEA SCALLOP,2012,2,16.073827201273488,4.9,13.4
SEA SCALLOP,2013,2,12.155719554680552,4.9,13.4
SEA SCALLOP,2014,2,-5.33154207444403,4.9,13.4
SEA SCALLOP,2015,2,-8.877810426219774,4.9,13.4
SEA SCALLOP,2016,2,11.259017613052066,4.9,13.4
SEA SCALLOP,2017,2,7.385678474857123,4.9,13.4
SEA SCALLOP,2018,2,16.93093351285698,4.9,13.4
SEA SCALLOP,2019,2,-0.6000595963650355,4.9,13.4
SEA SCALLOP,2020,2,24.457890980498902,4.9,13.4
SEA SCALLOP,2022,2,14.079808491444524,4.9,13.4
SEA SCALLOP,2023,2,26.780664027104663,4.9,13.4
SEA SCALLOP,2024,2,17.14071648879269,4.9,13.4
SILVER HAKE,1959,2,0,5,13.6
SILVER HAKE,1960,2,-7.924852252961841,5,13.6
SILVER HAKE,1961,2,-10.308181696011985,5,13.6
SILVER HAKE,1962,2,-10.235397409966765,5,13.6
SILVER HAKE,1963,2,-1.3793294213172516,5,13.6
SILVER HAKE,1964,2,0.950465604764176,5,13.6
SILVER HAKE,1965,2,0.38022006923312546,5,13.6
SILVER HAKE,1966,2,3.635319673025748,5,13.6
SILVER HAKE,1967,2,0.7859312628314399,5,13.6
SILVER HAKE,1968,2,-7.652709179313831,5,13.6
SILVER HAKE,1969,2,-15.547222056637942,5,13.6
SILVER HAKE,1970,2,8.458627380053002,5,13.6
SILVER HAKE,1971,2,-1.313623716600361,5,13.6
SILVER HAKE,1972,2,8.053075608941654,5,13.6
SILVER HAKE,1973,2,1.7004505788941202,5,13.6
SILVER HAKE,1974,2,16.073172331353717,5,13.6
SILVER HAKE,1975,2,6.782742298174725,5,13.6
SILVER HAKE,1976,2,26.570887253730632,5,13.6
SILVER HAKE,1977,2,-4.156145090312307,5,13.6
SILVER HAKE,1978,2,-4.822574431689787,5,13.6
SILVER HAKE,1979,2,-0.5114070300851381,5,13.6
SILVER HAKE,1980,2,4.388363687338625,5,13.6
SILVER HAKE,1981,2,0.9049470489164406,5,13.6
SILVER HAKE,1982,2,-11.985560873790348,5,13.6
SILVER HAKE,1983,2,9.64454627911934,5,13.6
SILVER HAKE,1984,2,11.261838209146276,5,13.6
SILVER HAKE,1985,2,1.5009028652201835,5,13.6
SILVER HAKE,1986,2,2.0004893089913764,5,13.6
SILVER HAKE,1987,2,-2.4075828914553483,5,13.6
SILVER HAKE,1988,2,9.048929668304211,5,13.6
SILVER HAKE,1989,2,-0.6207058777592778,5,13.6
SILVER HAKE,1990,2,13.288986306900952,5,13.6
SILVER HAKE,1991,2,11.609975543991837,5,13.6
SILVER HAKE,1992,2,1.0251210226135896,5,13.6
SILVER HAKE,1993,2,-1.1486901315367248,5,13.6
SILVER HAKE,1994,2,3.879232898324389,5,13.6
SILVER HAKE,1995,2,12.753858677077616,5,13.6
SILVER HAKE,1996,2,9.358912656447089,5,13.6
SILVER HAKE,1997,2,19.145166072078368,5,13.6
SILVER HAKE,1998,2,23.839827469969023,5,13.6
SILVER HAKE,1999,2,2.7311661380457792,5,13.6
SILVER HAKE,2000,2,26.616704661863338,5,13.6
SILVER HAKE,2001,2,7.105776801585861,5,13.6
SILVER HAKE,2002,2,17.700147542982933,5,13.6
SILVER HAKE,2003,2,3.8390727794534314,5,13.6
SILVER HAKE,2004,2,-8.818680452656388,5,13.6
SILVER HAKE,2005,2,-1.7135708561513923,5,13.6
SILVER HAKE,2006,2,14.83525883832364,5,13.6
SILVER HAKE,2007,2,14.881050675797582,5,13.6
SILVER HAKE,2008,2,16.021759846225407,5,13.6
SILVER HAKE,2009,2,-4.5365088431508696,5,13.6
SILVER HAKE,2010,2,16.57314585213362,5,13.6
SILVER HAKE,2011,2,9.360727551537451,5,13.6
SILVER HAKE,2012,2,12.871215982691098,5,13.6
SILVER HAKE,2013,2,10.347009822261512,5,13.6
SILVER HAKE,2014,2,-7.412938204767286,5,13.6
SILVER HAKE,2015,2,-11.033908690612222,5,13.6
SILVER HAKE,2016,2,8.588735693900247,5,13.6
SILVER HAKE,2017,2,5.213987267303125,5,13.6
SILVER HAKE,2018,2,13.988895806310936,5,13.6
SILVER HAKE,2019,2,-5.034863655796862,5,13.6
SILVER HAKE,2020,2,19.02006290797513,5,13.6
SILVER HAKE,2022,2,8.257426754051153,5,13.6
SILVER HAKE,2023,2,18.23541281152383,5,13.6
SILVER HAKE,2024,2,9.420514692589279,5,13.6
SMOOTH SKATE,1959,2,0,5,9.36
SMOOTH SKATE,1960,2,-6.42617724730745,5,9.36
SMOOTH SKATE,1961,2,-12.002701926757481,5,9.36
SMOOTH SKATE,1962,2,-22.735975318663918,5,9.36
SMOOTH SKATE,1963,2,11.689126503067683,5,9.36
SMOOTH SKATE,1964,2,13.785019053207094,5,9.36
SMOOTH SKATE,1965,2,7.744272013079538,5,9.36
SMOOTH SKATE,1966,2,9.481035596926361,5,9.36
SMOOTH SKATE,1967,2,-0.46538538246169026,5,9.36
SMOOTH SKATE,1968,2,-15.695871198980939,5,9.36
SMOOTH SKATE,1969,2,-32.20202401457211,5,9.36
SMOOTH SKATE,1970,2,8.19062575796238,5,9.36
SMOOTH SKATE,1971,2,3.9559399484906805,5,9.36
SMOOTH SKATE,1972,2,10.140752705354174,5,9.36
SMOOTH SKATE,1973,2,3.226432274469232,5,9.36
SMOOTH SKATE,1974,2,3.154857269142724,5,9.36
SMOOTH SKATE,1975,2,-7.1388657431919,5,9.36
SMOOTH SKATE,1976,2,-5.022038965707111,5,9.36
SMOOTH SKATE,1977,2,-2.6899764361148897,5,9.36
SMOOTH SKATE,1978,2,-0.8587119278380868,5,9.36
SMOOTH SKATE,1979,2,-4.9290683409644345,5,9.36
SMOOTH SKATE,1980,2,-14.339456639593791,5,9.36
SMOOTH SKATE,1981,2,-18.02639188868168,5,9.36
SMOOTH SKATE,1982,2,-7.748375779458968,5,9.36
SMOOTH SKATE,1983,2,10.125904262135137,5,9.36
SMOOTH SKATE,1984,2,9.826215387573896,5,9.36
SMOOTH SKATE,1985,2,-1.510123440853448,5,9.36
SMOOTH SKATE,1986,2,13.760234447591642,5,9.36
SMOOTH SKATE,1987,2,0.33471108744298306,5,9.36
SMOOTH SKATE,1988,2,19.830201729130096,5,9.36
SMOOTH SKATE,1989,2,-1.5022832155033115,5,9.36
SMOOTH SKATE,1990,2,6.2155584101117825,5,9.36
SMOOTH SKATE,1991,2,6.604286680956207,5,9.36
SMOOTH SKATE,1992,2,-12.909294170056576,5,9.36
SMOOTH SKATE,1993,2,-3.2380260149628413,5,9.36
SMOOTH SKATE,1994,2,11.420579064712285,5,9.36
SMOOTH SKATE,1995,2,15.034014493742646,5,9.36
SMOOTH SKATE,1996,2,23.401923670965516,5,9.36
SMOOTH SKATE,1997,2,22.043536545855318,5,9.36
SMOOTH SKATE,1998,2,19.71668599779376,5,9.36
SMOOTH SKATE,1999,2,-0.08075127803644477,5,9.36
SMOOTH SKATE,2000,2,24.946848821899835,5,9.36
SMOOTH SKATE,2001,2,20.91337846785325,5,9.36
SMOOTH SKATE,2002,2,19.984363395200532,5,9.36
SMOOTH SKATE,2003,2,4.669658403095141,5,9.36
SMOOTH SKATE,2004,2,-2.59490439146866,5,9.36
SMOOTH SKATE,2005,2,10.769180250229653,5,9.36
SMOOTH SKATE,2006,2,23.067885685530797,5,9.36
SMOOTH SKATE,2007,2,18.210368505420774,5,9.36
SMOOTH SKATE,2008,2,20.682600578236602,5,9.36
SMOOTH SKATE,2009,2,4.45666936448319,5,9.36
SMOOTH SKATE,2010,2,14.426690810483038,5,9.36
SMOOTH SKATE,2011,2,16.792685996776143,5,9.36
SMOOTH SKATE,2012,2,7.974961573267592,5,9.36
SMOOTH SKATE,2013,2,-19.894906032318744,5,9.36
SMOOTH SKATE,2014,2,-27.70968538479923,5,9.36
SMOOTH SKATE,2015,2,-36.729289767236615,5,9.36
SMOOTH SKATE,2016,2,-28.85205488533657,5,9.36
SMOOTH SKATE,2017,2,-12.099017719687922,5,9.36
SMOOTH SKATE,2018,2,-31.843440691349713,5,9.36
SMOOTH SKATE,2019,2,-65.93890478956875,5,9.36
SMOOTH SKATE,2020,2,-56.62019984411907,5,9.36
SMOOTH SKATE,2022,2,-31.79015526275368,5,9.36
SMOOTH SKATE,2023,2,-54.99994057193957,5,9.36
SMOOTH SKATE,2024,2,18.45442982729915,5,9.36
SPINY DOGFISH,1959,2,0,5.4,13.5
SPINY DOGFISH,1960,2,-13.964952344208285,5.4,13.5
SPINY DOGFISH,1961,2,-14.110485909862575,5.4,13.5
SPINY DOGFISH,1962,2,-11.551695922977622,5.4,13.5
SPINY DOGFISH,1963,2,-1.9947679499083932,5.4,13.5
SPINY DOGFISH,1964,2,4.388798217341957,5.4,13.5
SPINY DOGFISH,1965,2,4.2335245233300185,5.4,13.5
SPINY DOGFISH,1966,2,5.725656903239006,5.4,13.5
SPINY DOGFISH,1967,2,3.5586867866481313,5.4,13.5
SPINY DOGFISH,1968,2,-6.286496318515752,5.4,13.5
SPINY DOGFISH,1969,2,-15.537809324623439,5.4,13.5
SPINY DOGFISH,1970,2,9.784932955823791,5.4,13.5
SPINY DOGFISH,1971,2,-0.08347640828832681,5.4,13.5
SPINY DOGFISH,1972,2,11.220392528245682,5.4,13.5
SPINY DOGFISH,1973,2,4.911126372662352,5.4,13.5
SPINY DOGFISH,1974,2,20.979407917470354,5.4,13.5
SPINY DOGFISH,1975,2,11.044566600718596,5.4,13.5
SPINY DOGFISH,1976,2,32.95629427614726,5.4,13.5
SPINY DOGFISH,1977,2,-0.9612362009128788,5.4,13.5
SPINY DOGFISH,1978,2,-6.371887517998509,5.4,13.5
SPINY DOGFISH,1979,2,0.2047256461810889,5.4,13.5
SPINY DOGFISH,1980,2,6.005803066285125,5.4,13.5
SPINY DOGFISH,1981,2,-0.13756881584787806,5.4,13.5
SPINY DOGFISH,1982,2,-13.86010843501522,5.4,13.5
SPINY DOGFISH,1983,2,15.372843336842479,5.4,13.5
SPINY DOGFISH,1984,2,14.59759607425201,5.4,13.5
SPINY DOGFISH,1985,2,4.512029265553011,5.4,13.5
SPINY DOGFISH,1986,2,7.145777466522702,5.4,13.5
SPINY DOGFISH,1987,2,3.0921946418328474,5.4,13.5
SPINY DOGFISH,1988,2,14.416367883115313,5.4,13.5
SPINY DOGFISH,1989,2,4.464370360018108,5.4,13.5
SPINY DOGFISH,1990,2,18.507911811674262,5.4,13.5
SPINY DOGFISH,1991,2,17.472627495578607,5.4,13.5
SPINY DOGFISH,1992,2,1.0006386517638788,5.4,13.5
SPINY DOGFISH,1993,2,2.8380173879214823,5.4,13.5
SPINY DOGFISH,1994,2,8.70325544578236,5.4,13.5
SPINY DOGFISH,1995,2,15.442197493982633,5.4,13.5
SPINY DOGFISH,1996,2,13.739915150896337,5.4,13.5
SPINY DOGFISH,1997,2,25.84754476356032,5.4,13.5
SPINY DOGFISH,1998,2,25.89656332184623,5.4,13.5
SPINY DOGFISH,1999,2,7.267249525955037,5.4,13.5
SPINY DOGFISH,2000,2,36.25457223617353,5.4,13.5
SPINY DOGFISH,2001,2,9.178815839188616,5.4,13.5
SPINY DOGFISH,2002,2,27.216134712296466,5.4,13.5
SPINY DOGFISH,2003,2,7.288815814474049,5.4,13.5
SPINY DOGFISH,2004,2,-9.081072416533061,5.4,13.5
SPINY DOGFISH,2005,2,2.149045567633756,5.4,13.5
SPINY DOGFISH,2006,2,21.190068239620288,5.4,13.5
SPINY DOGFISH,2007,2,18.913765232245908,5.4,13.5
SPINY DOGFISH,2008,2,20.793224195229627,5.4,13.5
SPINY DOGFISH,2009,2,0.12188489694553084,5.4,13.5
SPINY DOGFISH,2010,2,22.469011460827204,5.4,13.5
SPINY DOGFISH,2011,2,12.69839302503155,5.4,13.5
SPINY DOGFISH,2012,2,23.825099367305683,5.4,13.5
SPINY DOGFISH,2013,2,18.274693934756783,5.4,13.5
SPINY DOGFISH,2014,2,-0.778984171240154,5.4,13.5
SPINY DOGFISH,2015,2,-4.107196009885811,5.4,13.5
SPINY DOGFISH,2016,2,17.783875141577326,5.4,13.5
SPINY DOGFISH,2017,2,11.170012866945626,5.4,13.5
SPINY DOGFISH,2018,2,18.948675760094673,5.4,13.5
SPINY DOGFISH,2019,2,-0.8945722799730902,5.4,13.5
SPINY DOGFISH,2020,2,28.981432554770976,5.4,13.5
SPINY DOGFISH,2022,2,15.295265936801286,5.4,13.5
SPINY DOGFISH,2023,2,25.27367357189297,5.4,13.5
SPINY DOGFISH,2024,2,12.505395273952118,5.4,13.5
SPOT,1959,2,0,13.841000000000001,25
SPOT,1960,2,2.0513438300580993,13.841000000000001,25
SPOT,1961,2,6.630734042598616,13.841000000000001,25
SPOT,1962,2,2.374486027249901,13.841000000000001,25
SPOT,1963,2,11.69495522597881,13.841000000000001,25
SPOT,1964,2,12.362971382274473,13.841000000000001,25
SPOT,1965,2,-24.355453180589723,13.841000000000001,25
SPOT,1966,2,-19.42019188962803,13.841000000000001,25
SPOT,1967,2,-19.728934490279247,13.841000000000001,25
SPOT,1968,2,-3.102537035897136,13.841000000000001,25
SPOT,1969,2,-10.757394101437848,13.841000000000001,25
SPOT,1970,2,-6.511022257662613,13.841000000000001,25
SPOT,1971,2,-7.178941788939788,13.841000000000001,25
SPOT,1972,2,-4.975613147169261,13.841000000000001,25
SPOT,1973,2,-3.7037140404261786,13.841000000000001,25
SPOT,1974,2,6.038667957066357,13.841000000000001,25
SPOT,1975,2,12.11411169070703,13.841000000000001,25
SPOT,1976,2,3.2088727481924266,13.841000000000001,25
SPOT,1977,2,7.922858635008433,13.841000000000001,25
SPOT,1978,2,16.018306186145217,13.841000000000001,25
SPOT,1979,2,-10.473781131022326,13.841000000000001,25
SPOT,1980,2,-29.867809837456427,13.841000000000001,25
SPOT,1981,2,-18.271128007842265,13.841000000000001,25
SPOT,1982,2,6.718895314510437,13.841000000000001,25
SPOT,1983,2,23.726793888045577,13.841000000000001,25
SPOT,1984,2,-5.625731229029113,13.841000000000001,25
SPOT,1985,2,32.31777013090632,13.841000000000001,25
SPOT,1986,2,23.610308495952168,13.841000000000001,25
SPOT,1987,2,1.6535569615849735,13.841000000000001,25
SPOT,1988,2,-2.1170836404789686,13.841000000000001,25
SPOT,1989,2,20.006002621443486,13.841000000000001,25
SPOT,1990,2,40.58679102539842,13.841000000000001,25
SPOT,1991,2,29.19943479817197,13.841000000000001,25
SPOT,1992,2,33.87032197148468,13.841000000000001,25
SPOT,1993,2,-5.848953760354144,13.841000000000001,25
SPOT,1994,2,25.440797819191317,13.841000000000001,25
SPOT,1995,2,10.34516333930871,13.841000000000001,25
SPOT,1996,2,3.6295247240051935,13.841000000000001,25
SPOT,1997,2,32.65620587860572,13.841000000000001,25
SPOT,1998,2,-6.305388468792945,13.841000000000001,25
SPOT,1999,2,27.692755489721804,13.841000000000001,25
SPOT,2000,2,30.847750592186948,13.841000000000001,25
SPOT,2001,2,11.82322014600635,13.841000000000001,25
SPOT,2002,2,59.851904033770275,13.841000000000001,25
SPOT,2003,2,-7.751834924801709,13.841000000000001,25
SPOT,2004,2,9.617197441201009,13.841000000000001,25
SPOT,2005,2,0.12758100287933694,13.841000000000001,25
SPOT,2006,2,26.87738743985883,13.841000000000001,25
SPOT,2007,2,-7.955953208608527,13.841000000000001,25
SPOT,2008,2,30.17903452740142,13.841000000000001,25
SPOT,2009,2,53.10744741211055,13.841000000000001,25
SPOT,2010,2,7.049386888333702,13.841000000000001,25
SPOT,2011,2,61.56140235127398,13.841000000000001,25
SPOT,2012,2,51.077973050704095,13.841000000000001,25
SPOT,2013,2,16.574962689433313,13.841000000000001,25
SPOT,2014,2,43.72622565038712,13.841000000000001,25
SPOT,2015,2,89.97952330707851,13.841000000000001,25
SPOT,2016,2,59.555251232139724,13.841000000000001,25
SPOT,2017,2,37.73496474441839,13.841000000000001,25
SPOT,2018,2,12.798687813533398,13.841000000000001,25
SPOT,2019,2,58.39825737210282,13.841000000000001,25
SPOT,2020,2,63.78548928566306,13.841000000000001,25
SPOT,2022,2,106.95252791265537,13.841000000000001,25
SPOT,2023,2,88.48037673905964,13.841000000000001,25
SPOT,2024,2,73.29160004966563,13.841000000000001,25
STRIPED BASS,1959,2,0,4.624,17.390000000000004
STRIPED BASS,1960,2,-16.21643063346437,4.624,17.390000000000004
STRIPED BASS,1961,2,-4.447376338221858,4.624,17.390000000000004
STRIPED BASS,1962,2,-9.260119192166755,4.624,17.390000000000004
STRIPED BASS,1963,2,-8.16600051081167,4.624,17.390000000000004
STRIPED BASS,1964,2,0.7644949538221795,4.624,17.390000000000004
STRIPED BASS,1965,2,-7.413174608014771,4.624,17.390000000000004
STRIPED BASS,1966,2,-8.972016270896518,4.624,17.390000000000004
STRIPED BASS,1967,2,-11.590962310313571,4.624,17.390000000000004
STRIPED BASS,1968,2,-23.194722268872212,4.624,17.390000000000004
STRIPED BASS,1969,2,-20.985323961124834,4.624,17.390000000000004
STRIPED BASS,1970,2,-10.417718664157675,4.624,17.390000000000004
STRIPED BASS,1971,2,-2.580710212568249,4.624,17.390000000000004
STRIPED BASS,1972,2,0.24240791958195018,4.624,17.390000000000004
STRIPED BASS,1973,2,-4.1872800047708125,4.624,17.390000000000004
STRIPED BASS,1974,2,5.249522934922922,4.624,17.390000000000004
STRIPED BASS,1975,2,0.7940118289156146,4.624,17.390000000000004
STRIPED BASS,1976,2,4.88142565693029,4.624,17.390000000000004
STRIPED BASS,1977,2,-10.196785574133926,4.624,17.390000000000004
STRIPED BASS,1978,2,-13.753508276878605,4.624,17.390000000000004
STRIPED BASS,1979,2,-13.571085429316142,4.624,17.390000000000004
STRIPED BASS,1980,2,-8.902592165133925,4.624,17.390000000000004
STRIPED BASS,1981,2,-12.154044123429884,4.624,17.390000000000004
STRIPED BASS,1982,2,-5.272957779365669,4.624,17.390000000000004
STRIPED BASS,1983,2,1.5598334391944775,4.624,17.390000000000004
STRIPED BASS,1984,2,-4.193345739516175,4.624,17.390000000000004
STRIPED BASS,1985,2,-0.38019641633839285,4.624,17.390000000000004
STRIPED BASS,1986,2,-3.2319292402873145,4.624,17.390000000000004
STRIPED BASS,1987,2,-9.36273154336044,4.624,17.390000000000004
STRIPED BASS,1988,2,-1.7663128073650682,4.624,17.390000000000004
STRIPED BASS,1989,2,-9.719042381402673,4.624,17.390000000000004
STRIPED BASS,1990,2,3.4262721232833826,4.624,17.390000000000004
STRIPED BASS,1991,2,4.861558781436372,4.624,17.390000000000004
STRIPED BASS,1992,2,3.0482005513779313,4.624,17.390000000000004
STRIPED BASS,1993,2,-11.034251587335106,4.624,17.390000000000004
STRIPED BASS,1994,2,-24.027359296885734,4.624,17.390000000000004
STRIPED BASS,1995,2,-16.037651054699964,4.624,17.390000000000004
STRIPED BASS,1996,2,-16.054443876861058,4.624,17.390000000000004
STRIPED BASS,1997,2,-9.762120472671938,4.624,17.390000000000004
STRIPED BASS,1998,2,2.078384039468858,4.624,17.390000000000004
STRIPED BASS,1999,2,-11.944608741522032,4.624,17.390000000000004
STRIPED BASS,2000,2,-4.587778914624607,4.624,17.390000000000004
STRIPED BASS,2001,2,-8.080433018812784,4.624,17.390000000000004
STRIPED BASS,2002,2,-13.651345508164908,4.624,17.390000000000004
STRIPED BASS,2003,2,-8.417341512561435,4.624,17.390000000000004
STRIPED BASS,2004,2,-6.924689029584229,4.624,17.390000000000004
STRIPED BASS,2005,2,-5.212804473461432,4.624,17.390000000000004
STRIPED BASS,2006,2,-6.271461109842178,4.624,17.390000000000004
STRIPED BASS,2007,2,-6.591269426139192,4.624,17.390000000000004
STRIPED BASS,2008,2,-2.6241067947529615,4.624,17.390000000000004
STRIPED BASS,2009,2,-1.412310736124894,4.624,17.390000000000004
STRIPED BASS,2010,2,-23.2432857881182,4.624,17.390000000000004
STRIPED BASS,2011,2,-9.98100590054382,4.624,17.390000000000004
STRIPED BASS,2012,2,-16.13374824898169,4.624,17.390000000000004
STRIPED BASS,2013,2,-12.418915899869887,4.624,17.390000000000004
STRIPED BASS,2014,2,-33.95874055067866,4.624,17.390000000000004
STRIPED BASS,2015,2,-21.74871980636611,4.624,17.390000000000004
STRIPED BASS,2016,2,-14.993616948602181,4.624,17.390000000000004
STRIPED BASS,2017,2,-19.065753081863278,4.624,17.390000000000004
STRIPED BASS,2018,2,-12.77148621057222,4.624,17.390000000000004
STRIPED BASS,2019,2,-7.047456122301725,4.624,17.390000000000004
STRIPED BASS,2020,2,-5.174759182278805,4.624,17.390000000000004
STRIPED BASS,2022,2,-15.965864075594041,4.624,17.390000000000004
STRIPED BASS,2023,2,-11.362479598830106,4.624,17.390000000000004
STRIPED BASS,2024,2,-7.735030765126268,4.624,17.390000000000004
SUMMER FLOUNDER,1959,2,0,6.51,21.1
SUMMER FLOUNDER,1960,2,-8.681980550931414,6.51,21.1
SUMMER FLOUNDER,1961,2,-9.998371519581674,6.51,21.1
SUMMER FLOUNDER,1962,2,0.3906217654197661,6.51,21.1
SUMMER FLOUNDER,1963,2,-0.04691706072264168,6.51,21.1
SUMMER FLOUNDER,1964,2,-2.104192277165893,6.51,21.1
SUMMER FLOUNDER,1965,2,-10.469642791780089,6.51,21.1
SUMMER FLOUNDER,1966,2,-9.625953470367811,6.51,21.1
SUMMER FLOUNDER,1967,2,-6.241055625336649,6.51,21.1
SUMMER FLOUNDER,1968,2,-9.453873055720734,6.51,21.1
SUMMER FLOUNDER,1969,2,-7.721464486389031,6.51,21.1
SUMMER FLOUNDER,1970,2,0.291719925854494,6.51,21.1
SUMMER FLOUNDER,1971,2,-3.9395607366863814,6.51,21.1
SUMMER FLOUNDER,1972,2,7.785798143086218,6.51,21.1
SUMMER FLOUNDER,1973,2,6.747144554327363,6.51,21.1
SUMMER FLOUNDER,1974,2,26.428955199147403,6.51,21.1
SUMMER FLOUNDER,1975,2,12.410111917891534,6.51,21.1
SUMMER FLOUNDER,1976,2,23.763439753881578,6.51,21.1
SUMMER FLOUNDER,1977,2,-1.1298062814610361,6.51,21.1
SUMMER FLOUNDER,1978,2,2.338237236170194,6.51,21.1
SUMMER FLOUNDER,1979,2,-6.1154103555082955,6.51,21.1
SUMMER FLOUNDER,1980,2,-7.5360463687416654,6.51,21.1
SUMMER FLOUNDER,1981,2,-3.4164690589256566,6.51,21.1
SUMMER FLOUNDER,1982,2,-0.18033690524173807,6.51,21.1
SUMMER FLOUNDER,1983,2,16.144109471069605,6.51,21.1
SUMMER FLOUNDER,1984,2,-5.523745675867836,6.51,21.1
SUMMER FLOUNDER,1985,2,12.533353651621574,6.51,21.1
SUMMER FLOUNDER,1986,2,22.076752467184072,6.51,21.1
SUMMER FLOUNDER,1987,2,3.1348570954387327,6.51,21.1
SUMMER FLOUNDER,1988,2,5.812960689556228,6.51,21.1
SUMMER FLOUNDER,1989,2,7.911433820046533,6.51,21.1
SUMMER FLOUNDER,1990,2,24.961857220388445,6.51,21.1
SUMMER FLOUNDER,1991,2,23.67108793734709,6.51,21.1
SUMMER FLOUNDER,1992,2,15.277386903411362,6.51,21.1
SUMMER FLOUNDER,1993,2,-13.680490942553483,6.51,21.1
SUMMER FLOUNDER,1994,2,-3.6014926564442504,6.51,21.1
SUMMER FLOUNDER,1995,2,6.233819229916229,6.51,21.1
SUMMER FLOUNDER,1996,2,-15.562915563907247,6.51,21.1
SUMMER FLOUNDER,1997,2,18.827994760810192,6.51,21.1
SUMMER FLOUNDER,1998,2,-6.617887669140472,6.51,21.1
SUMMER FLOUNDER,1999,2,11.412764682014434,6.51,21.1
SUMMER FLOUNDER,2000,2,26.08255180042523,6.51,21.1
SUMMER FLOUNDER,2001,2,-4.704322483946946,6.51,21.1
SUMMER FLOUNDER,2002,2,35.652421745416966,6.51,21.1
SUMMER FLOUNDER,2003,2,-8.159896627165473,6.51,21.1
SUMMER FLOUNDER,2004,2,-22.971580522244793,6.51,21.1
SUMMER FLOUNDER,2005,2,-15.2651314988439,6.51,21.1
SUMMER FLOUNDER,2006,2,17.08786115340053,6.51,21.1
SUMMER FLOUNDER,2007,2,-1.5693457381849427,6.51,21.1
SUMMER FLOUNDER,2008,2,14.481036361527778,6.51,21.1
SUMMER FLOUNDER,2009,2,13.348598424999587,6.51,21.1
SUMMER FLOUNDER,2010,2,-0.3690970471306514,6.51,21.1
SUMMER FLOUNDER,2011,2,2.0739964923256906,6.51,21.1
SUMMER FLOUNDER,2012,2,41.92179841148778,6.51,21.1
SUMMER FLOUNDER,2013,2,16.364410031111312,6.51,21.1
SUMMER FLOUNDER,2014,2,1.3820218530874513,6.51,21.1
SUMMER FLOUNDER,2015,2,12.30487013023862,6.51,21.1
SUMMER FLOUNDER,2016,2,25.98125076387648,6.51,21.1
SUMMER FLOUNDER,2017,2,8.170712676625762,6.51,21.1
SUMMER FLOUNDER,2018,2,3.7055786568612206,6.51,21.1
SUMMER FLOUNDER,2019,2,-9.327716527021359,6.51,21.1
SUMMER FLOUNDER,2020,2,35.07969095750955,6.51,21.1
SUMMER FLOUNDER,2022,2,30.90047107017042,6.51,21.1
SUMMER FLOUNDER,2023,2,20.465206225946012,6.51,21.1
SUMMER FLOUNDER,2024,2,6.8769913008835815,6.51,21.1
TAUTOG,1959,2,0,8.882000000000001,20.5
TAUTOG,1960,2,1.5719532025702652,8.882000000000001,20.5
TAUTOG,1961,2,-6.78665515939282,8.882000000000001,20.5
TAUTOG,1962,2,-3.5430190427987025,8.882000000000001,20.5
TAUTOG,1963,2,-1.230463483107851,8.882000000000001,20.5
TAUTOG,1964,2,-5.405455631385081,8.882000000000001,20.5
TAUTOG,1965,2,-14.516034450567885,8.882000000000001,20.5
TAUTOG,1966,2,-12.584991638557009,8.882000000000001,20.5
TAUTOG,1967,2,-18.971116864546218,8.882000000000001,20.5
TAUTOG,1968,2,0.5693657888507477,8.882000000000001,20.5
TAUTOG,1969,2,-4.328374315095299,8.882000000000001,20.5
TAUTOG,1970,2,0.15079884828113777,8.882000000000001,20.5
TAUTOG,1971,2,-5.560516812408961,8.882000000000001,20.5
TAUTOG,1972,2,-4.283812333446269,8.882000000000001,20.5
TAUTOG,1973,2,1.5128396207295776,8.882000000000001,20.5
TAUTOG,1974,2,1.51848588551597,8.882000000000001,20.5
TAUTOG,1975,2,4.74081970386794,8.882000000000001,20.5
TAUTOG,1976,2,4.5277495462945065,8.882000000000001,20.5
TAUTOG,1977,2,4.650866777207307,8.882000000000001,20.5
TAUTOG,1978,2,3.0053646953182263,8.882000000000001,20.5
TAUTOG,1979,2,8.518712550605725,8.882000000000001,20.5
TAUTOG,1980,2,-1.7184737027235553,8.882000000000001,20.5
TAUTOG,1981,2,0.1475732034664734,8.882000000000001,20.5
TAUTOG,1982,2,4.608551428323436,8.882000000000001,20.5
TAUTOG,1983,2,12.144348353874301,8.882000000000001,20.5
TAUTOG,1984,2,4.009975066453775,8.882000000000001,20.5
TAUTOG,1985,2,12.702392994792634,8.882000000000001,20.5
TAUTOG,1986,2,3.558140189166865,8.882000000000001,20.5
TAUTOG,1987,2,-2.2112991149647936,8.882000000000001,20.5
TAUTOG,1988,2,1.3563807915897979,8.882000000000001,20.5
TAUTOG,1989,2,2.493103689004739,8.882000000000001,20.5
TAUTOG,1990,2,13.857530722819762,8.882000000000001,20.5
TAUTOG,1991,2,14.945616250349028,8.882000000000001,20.5
TAUTOG,1992,2,-6.216225696929346,8.882000000000001,20.5
TAUTOG,1993,2,-2.5958268416264705,8.882000000000001,20.5
TAUTOG,1994,2,14.838580146311399,8.882000000000001,20.5
TAUTOG,1995,2,-1.0212134611135983,8.882000000000001,20.5
TAUTOG,1996,2,6.606965569090654,8.882000000000001,20.5
TAUTOG,1997,2,-4.0056608437166705,8.882000000000001,20.5
TAUTOG,1998,2,20.60385370601434,8.882000000000001,20.5
TAUTOG,1999,2,2.6449815797055507,8.882000000000001,20.5
TAUTOG,2000,2,6.312529627402633,8.882000000000001,20.5
TAUTOG,2001,2,13.715874358824813,8.882000000000001,20.5
TAUTOG,2002,2,22.367573879997053,8.882000000000001,20.5
TAUTOG,2003,2,15.449049145559222,8.882000000000001,20.5
TAUTOG,2004,2,9.439028374098156,8.882000000000001,20.5
TAUTOG,2005,2,5.363291265273254,8.882000000000001,20.5
TAUTOG,2006,2,10.727447892713881,8.882000000000001,20.5
TAUTOG,2007,2,9.74321991719394,8.882000000000001,20.5
TAUTOG,2008,2,5.970982648385906,8.882000000000001,20.5
TAUTOG,2009,2,8.949743731937666,8.882000000000001,20.5
TAUTOG,2010,2,27.0073848963681,8.882000000000001,20.5
TAUTOG,2011,2,20.118288005452847,8.882000000000001,20.5
TAUTOG,2012,2,29.287019022804344,8.882000000000001,20.5
TAUTOG,2013,2,15.05696771135296,8.882000000000001,20.5
TAUTOG,2014,2,3.4478318738609346,8.882000000000001,20.5
TAUTOG,2015,2,-4.217971653512862,8.882000000000001,20.5
TAUTOG,2016,2,-0.75433849710695,8.882000000000001,20.5
TAUTOG,2017,2,29.016583675061725,8.882000000000001,20.5
TAUTOG,2018,2,-12.58655903514348,8.882000000000001,20.5
TAUTOG,2019,2,4.5021700701169305,8.882000000000001,20.5
TAUTOG,2020,2,5.837607444699495,8.882000000000001,20.5
TAUTOG,2022,2,11.81156673275018,8.882000000000001,20.5
TAUTOG,2023,2,21.782697764217502,8.882000000000001,20.5
TAUTOG,2024,2,16.65161720932194,8.882000000000001,20.5
THORNY SKATE,1959,2,0,4.3100000000000005,9.6
THORNY SKATE,1960,2,4.907509310050642,4.3100000000000005,9.6
THORNY SKATE,1961,2,1.7159570729617997,4.3100000000000005,9.6
THORNY SKATE,1962,2,-3.6653798910275412,4.3100000000000005,9.6
THORNY SKATE,1963,2,8.267776974629385,4.3100000000000005,9.6
THORNY SKATE,1964,2,8.203438350277764,4.3100000000000005,9.6
THORNY SKATE,1965,2,2.2784111136164142,4.3100000000000005,9.6
THORNY SKATE,1966,2,6.874034105499462,4.3100000000000005,9.6
THORNY SKATE,1967,2,-0.8956703519685192,4.3100000000000005,9.6
THORNY SKATE,1968,2,-8.264185528491225,4.3100000000000005,9.6
THORNY SKATE,1969,2,-11.956812891296238,4.3100000000000005,9.6
THORNY SKATE,1970,2,2.2723690204545903,4.3100000000000005,9.6
THORNY SKATE,1971,2,-0.8624396131982905,4.3100000000000005,9.6
THORNY SKATE,1972,2,3.937330554199434,4.3100000000000005,9.6
THORNY SKATE,1973,2,0.8747637821129786,4.3100000000000005,9.6
THORNY SKATE,1974,2,-8.532242812966402,4.3100000000000005,9.6
THORNY SKATE,1975,2,-4.533790326671806,4.3100000000000005,9.6
THORNY SKATE,1976,2,-8.411889127943468,4.3100000000000005,9.6
THORNY SKATE,1977,2,-6.2702854398126675,4.3100000000000005,9.6
THORNY SKATE,1978,2,-3.7615685411473265,4.3100000000000005,9.6
THORNY SKATE,1979,2,-3.391962196987663,4.3100000000000005,9.6
THORNY SKATE,1980,2,-11.176308951647655,4.3100000000000005,9.6
THORNY SKATE,1981,2,-3.8450155425595085,4.3100000000000005,9.6
THORNY SKATE,1982,2,1.4824751173839559,4.3100000000000005,9.6
THORNY SKATE,1983,2,3.46411026200893,4.3100000000000005,9.6
THORNY SKATE,1984,2,3.540008043974254,4.3100000000000005,9.6
THORNY SKATE,1985,2,-4.187964227059936,4.3100000000000005,9.6
THORNY SKATE,1986,2,2.5681626969877698,4.3100000000000005,9.6
THORNY SKATE,1987,2,-2.9977443388891913,4.3100000000000005,9.6
THORNY SKATE,1988,2,10.33039306802496,4.3100000000000005,9.6
THORNY SKATE,1989,2,-6.771034760564746,4.3100000000000005,9.6
THORNY SKATE,1990,2,2.1641428243274703,4.3100000000000005,9.6
THORNY SKATE,1991,2,-4.433372966640263,4.3100000000000005,9.6
THORNY SKATE,1992,2,-1.0938861919165817,4.3100000000000005,9.6
THORNY SKATE,1993,2,-11.256861445089982,4.3100000000000005,9.6
THORNY SKATE,1994,2,2.145887617794145,4.3100000000000005,9.6
THORNY SKATE,1995,2,3.43892563205344,4.3100000000000005,9.6
THORNY SKATE,1996,2,23.164507558192597,4.3100000000000005,9.6
THORNY SKATE,1997,2,12.208037411283243,4.3100000000000005,9.6
THORNY SKATE,1998,2,15.137650309051608,4.3100000000000005,9.6
THORNY SKATE,1999,2,-7.491306191641243,4.3100000000000005,9.6
THORNY SKATE,2000,2,10.667734775833239,4.3100000000000005,9.6
THORNY SKATE,2001,2,8.780073221544754,4.3100000000000005,9.6
THORNY SKATE,2002,2,5.871013136516751,4.3100000000000005,9.6
THORNY SKATE,2003,2,-1.4224627880815035,4.3100000000000005,9.6
THORNY SKATE,2004,2,0.16663722816956295,4.3100000000000005,9.6
THORNY SKATE,2005,2,0.5778240586325865,4.3100000000000005,9.6
THORNY SKATE,2006,2,12.104591657607173,4.3100000000000005,9.6
THORNY SKATE,2007,2,13.909301742334634,4.3100000000000005,9.6
THORNY SKATE,2008,2,11.719379468406473,4.3100000000000005,9.6
THORNY SKATE,2009,2,-5.8177357473937406,4.3100000000000005,9.6
THORNY SKATE,2010,2,2.6977431863114134,4.3100000000000005,9.6
THORNY SKATE,2011,2,8.80373945810264,4.3100000000000005,9.6
THORNY SKATE,2012,2,-5.473842834211283,4.3100000000000005,9.6
THORNY SKATE,2013,2,-19.65539058859227,4.3100000000000005,9.6
THORNY SKATE,2014,2,-23.63571254462984,4.3100000000000005,9.6
THORNY SKATE,2015,2,-25.467485280954833,4.3100000000000005,9.6
THORNY SKATE,2016,2,-27.047323358498886,4.3100000000000005,9.6
THORNY SKATE,2017,2,-8.789222113659875,4.3100000000000005,9.6
THORNY SKATE,2018,2,-24.58056754583835,4.3100000000000005,9.6
THORNY SKATE,2019,2,-46.7614685665406,4.3100000000000005,9.6
THORNY SKATE,2020,2,-19.152326628145644,4.3100000000000005,9.6
THORNY SKATE,2022,2,-18.881565356752603,4.3100000000000005,9.6
THORNY SKATE,2023,2,-26.929583879233704,4.3100000000000005,9.6
THORNY SKATE,2024,2,18.221330749816914,4.3100000000000005,9.6
TILEFISH,1959,2,0,9.679,14.088000000000001
TILEFISH,1960,2,29.039153927209217,9.679,14.088000000000001
TILEFISH,1961,2,34.082824920170495,9.679,14.088000000000001
TILEFISH,1962,2,53.34974101582003,9.679,14.088000000000001
TILEFISH,1963,2,55.29799558509795,9.679,14.088000000000001
TILEFISH,1964,2,-3.248549257376272,9.679,14.088000000000001
TILEFISH,1965,2,43.024492774849335,9.679,14.088000000000001
TILEFISH,1966,2,-4.330457164174298,9.679,14.088000000000001
TILEFISH,1967,2,51.10381942658414,9.679,14.088000000000001
TILEFISH,1968,2,46.6116613477255,9.679,14.088000000000001
TILEFISH,1969,2,23.05347005953979,9.679,14.088000000000001
TILEFISH,1970,2,67.79024047707617,9.679,14.088000000000001
TILEFISH,1971,2,35.84285140488636,9.679,14.088000000000001
TILEFISH,1972,2,36.64109547333707,9.679,14.088000000000001
TILEFISH,1973,2,17.521633699891467,9.679,14.088000000000001
TILEFISH,1974,2,71.07929963935388,9.679,14.088000000000001
TILEFISH,1975,2,42.05700135594769,9.679,14.088000000000001
TILEFISH,1976,2,72.48989271536072,9.679,14.088000000000001
TILEFISH,1977,2,39.453551804829814,9.679,14.088000000000001
TILEFISH,1978,2,55.66198446399876,9.679,14.088000000000001
TILEFISH,1979,2,65.99058265597603,9.679,14.088000000000001
TILEFISH,1980,2,59.39396677195248,9.679,14.088000000000001
TILEFISH,1981,2,52.7376555684818,9.679,14.088000000000001
TILEFISH,1982,2,38.750680960080246,9.679,14.088000000000001
TILEFISH,1983,2,58.501549761675264,9.679,14.088000000000001
TILEFISH,1984,2,43.219654644720876,9.679,14.088000000000001
TILEFISH,1985,2,43.46266239461359,9.679,14.088000000000001
TILEFISH,1986,2,12.01796380651053,9.679,14.088000000000001
TILEFISH,1987,2,6.426371731461039,9.679,14.088000000000001
TILEFISH,1988,2,68.21762315775223,9.679,14.088000000000001
TILEFISH,1989,2,40.44616002489724,9.679,14.088000000000001
TILEFISH,1990,2,73.39962376298588,9.679,14.088000000000001
TILEFISH,1991,2,49.73773105099211,9.679,14.088000000000001
TILEFISH,1992,2,72.86667938649734,9.679,14.088000000000001
TILEFISH,1993,2,68.84038357563561,9.679,14.088000000000001
TILEFISH,1994,2,77.29676774889958,9.679,14.088000000000001
TILEFISH,1995,2,67.23014185045427,9.679,14.088000000000001
TILEFISH,1996,2,58.73424773315527,9.679,14.088000000000001
TILEFISH,1997,2,76.69973701036949,9.679,14.088000000000001
TILEFISH,1998,2,0.5683214028338597,9.679,14.088000000000001
TILEFISH,1999,2,45.499475037114436,9.679,14.088000000000001
TILEFISH,2000,2,71.6339168875154,9.679,14.088000000000001
TILEFISH,2001,2,70.33755562375859,9.679,14.088000000000001
TILEFISH,2002,2,43.808820630913814,9.679,14.088000000000001
TILEFISH,2003,2,29.35506527118122,9.679,14.088000000000001
TILEFISH,2004,2,33.33103773937569,9.679,14.088000000000001
TILEFISH,2005,2,47.00630019008153,9.679,14.088000000000001
TILEFISH,2006,2,61.80438349499066,9.679,14.088000000000001
TILEFISH,2007,2,17.57913351890855,9.679,14.088000000000001
TILEFISH,2008,2,53.497895196069905,9.679,14.088000000000001
TILEFISH,2009,2,23.851828566785372,9.679,14.088000000000001
TILEFISH,2010,2,45.98213851985477,9.679,14.088000000000001
TILEFISH,2011,2,61.82014463103229,9.679,14.088000000000001
TILEFISH,2012,2,47.94082614975865,9.679,14.088000000000001
TILEFISH,2013,2,44.79085252667451,9.679,14.088000000000001
TILEFISH,2014,2,32.152684682496044,9.679,14.088000000000001
TILEFISH,2015,2,19.725464851137055,9.679,14.088000000000001
TILEFISH,2016,2,59.34709684829214,9.679,14.088000000000001
TILEFISH,2017,2,57.26019226739331,9.679,14.088000000000001
TILEFISH,2018,2,71.6956772500906,9.679,14.088000000000001
TILEFISH,2019,2,8.595780224559988,9.679,14.088000000000001
TILEFISH,2020,2,62.75820662113526,9.679,14.088000000000001
TILEFISH,2022,2,46.15378392396673,9.679,14.088000000000001
TILEFISH,2023,2,59.51603532998783,9.679,14.088000000000001
TILEFISH,2024,2,30.236622176860905,9.679,14.088000000000001
WEAKFISH,1959,2,0,12.179,24.060000000000002
WEAKFISH,1960,2,1.7625632986986521,12.179,24.060000000000002
WEAKFISH,1961,2,2.951607313157405,12.179,24.060000000000002
WEAKFISH,1962,2,6.554598758252951,12.179,24.060000000000002
WEAKFISH,1963,2,9.078894306695597,12.179,24.060000000000002
WEAKFISH,1964,2,8.076018732971502,12.179,24.060000000000002
WEAKFISH,1965,2,-26.23295112655103,12.179,24.060000000000002
WEAKFISH,1966,2,-14.33195998301958,12.179,24.060000000000002
WEAKFISH,1967,2,-15.426453551371683,12.179,24.060000000000002
WEAKFISH,1968,2,-9.116264838983229,12.179,24.060000000000002
WEAKFISH,1969,2,-1.1461861890074658,12.179,24.060000000000002
WEAKFISH,1970,2,-1.0540838807278217,12.179,24.060000000000002
WEAKFISH,1971,2,-2.9047039659752008,12.179,24.060000000000002
WEAKFISH,1972,2,4.963275801414074,12.179,24.060000000000002
WEAKFISH,1973,2,-0.6429960643785959,12.179,24.060000000000002
WEAKFISH,1974,2,15.85237442660042,12.179,24.060000000000002
WEAKFISH,1975,2,6.550358199597131,12.179,24.060000000000002
WEAKFISH,1976,2,7.0655030670525285,12.179,24.060000000000002
WEAKFISH,1977,2,7.769405865979024,12.179,24.060000000000002
WEAKFISH,1978,2,19.388183162742205,12.179,24.060000000000002
WEAKFISH,1979,2,-3.7619142726067576,12.179,24.060000000000002
WEAKFISH,1980,2,-21.734851648381277,12.179,24.060000000000002
WEAKFISH,1981,2,-12.605941994672817,12.179,24.060000000000002
WEAKFISH,1982,2,10.800899467685767,12.179,24.060000000000002
WEAKFISH,1983,2,19.70987031334582,12.179,24.060000000000002
WEAKFISH,1984,2,-0.8431508707119537,12.179,24.060000000000002
WEAKFISH,1985,2,22.160932250399114,12.179,24.060000000000002
WEAKFISH,1986,2,31.423765009936044,12.179,24.060000000000002
WEAKFISH,1987,2,5.2558143786701645,12.179,24.060000000000002
WEAKFISH,1988,2,4.511020650665701,12.179,24.060000000000002
WEAKFISH,1989,2,14.377798198828886,12.179,24.060000000000002
WEAKFISH,1990,2,36.79918066553644,12.179,24.060000000000002
WEAKFISH,1991,2,27.842606124006185,12.179,24.060000000000002
WEAKFISH,1992,2,19.319530496516272,12.179,24.060000000000002
WEAKFISH,1993,2,-11.439917109374647,12.179,24.060000000000002
WEAKFISH,1994,2,19.56375605380429,12.179,24.060000000000002
WEAKFISH,1995,2,23.457387081766303,12.179,24.060000000000002
WEAKFISH,1996,2,-10.680627014188001,12.179,24.060000000000002
WEAKFISH,1997,2,14.285674362506061,12.179,24.060000000000002
WEAKFISH,1998,2,-13.858279008304486,12.179,24.060000000000002
WEAKFISH,1999,2,21.134001357666293,12.179,24.060000000000002
WEAKFISH,2000,2,21.273531062755442,12.179,24.060000000000002
WEAKFISH,2001,2,17.51798143563588,12.179,24.060000000000002
WEAKFISH,2002,2,36.28208126171263,12.179,24.060000000000002
WEAKFISH,2003,2,-4.791238549384813,12.179,24.060000000000002
WEAKFISH,2004,2,-3.63519756692298,12.179,24.060000000000002
WEAKFISH,2005,2,-4.486183626461421,12.179,24.060000000000002
WEAKFISH,2006,2,29.027458216642056,12.179,24.060000000000002
WEAKFISH,2007,2,-10.37004395664021,12.179,24.060000000000002
WEAKFISH,2008,2,10.709529937219855,12.179,24.060000000000002
WEAKFISH,2009,2,19.646128161120348,12.179,24.060000000000002
WEAKFISH,2010,2,-0.92888944861155,12.179,24.060000000000002
WEAKFISH,2011,2,22.637386328078495,12.179,24.060000000000002
WEAKFISH,2012,2,37.50670160190302,12.179,24.060000000000002
WEAKFISH,2013,2,15.465159007598514,12.179,24.060000000000002
WEAKFISH,2014,2,21.141999483687194,12.179,24.060000000000002
WEAKFISH,2015,2,29.368560912955207,12.179,24.060000000000002
WEAKFISH,2016,2,38.09910957314861,12.179,24.060000000000002
WEAKFISH,2017,2,17.259084606971047,12.179,24.060000000000002
WEAKFISH,2018,2,0.8873860577953661,12.179,24.060000000000002
WEAKFISH,2019,2,24.21228210833346,12.179,24.060000000000002
WEAKFISH,2020,2,39.24498875175604,12.179,24.060000000000002
WEAKFISH,2022,2,72.57748254221735,12.179,24.060000000000002
WEAKFISH,2023,2,47.63738263329246,12.179,24.060000000000002
WEAKFISH,2024,2,30.234896959426994,12.179,24.060000000000002
WHITE HAKE,1959,2,0,5.3,11.5
WHITE HAKE,1960,2,-13.336334289895873,5.3,11.5
WHITE HAKE,1961,2,-12.327311934138024,5.3,11.5
WHITE HAKE,1962,2,-16.64847900706574,5.3,11.5
WHITE HAKE,1963,2,2.043147151511036,5.3,11.5
WHITE HAKE,1964,2,9.413399699363026,5.3,11.5
WHITE HAKE,1965,2,6.740786448646965,5.3,11.5
WHITE HAKE,1966,2,9.60805075635777,5.3,11.5
WHITE HAKE,1967,2,3.1122275370243244,5.3,11.5
WHITE HAKE,1968,2,-6.38137932250546,5.3,11.5
WHITE HAKE,1969,2,-26.782117182303026,5.3,11.5
WHITE HAKE,1970,2,8.284168377285695,5.3,11.5
WHITE HAKE,1971,2,-4.137379088039637,5.3,11.5
WHITE HAKE,1972,2,0.5513504161366996,5.3,11.5
WHITE HAKE,1973,2,-3.716041090717283,5.3,11.5
WHITE HAKE,1974,2,5.09558388435407,5.3,11.5
WHITE HAKE,1975,2,6.06227654699002,5.3,11.5
WHITE HAKE,1976,2,18.00270613004173,5.3,11.5
WHITE HAKE,1977,2,-3.7204678677661036,5.3,11.5
WHITE HAKE,1978,2,-12.928580795922137,5.3,11.5
WHITE HAKE,1979,2,-6.663022208163824,5.3,11.5
WHITE HAKE,1980,2,-1.666558721247398,5.3,11.5
WHITE HAKE,1981,2,-7.588109415996179,5.3,11.5
WHITE HAKE,1982,2,-17.472426285420326,5.3,11.5
WHITE HAKE,1983,2,7.163991515908734,5.3,11.5
WHITE HAKE,1984,2,13.906813624553138,5.3,11.5
WHITE HAKE,1985,2,-1.7699372987932591,5.3,11.5
WHITE HAKE,1986,2,-3.4385085079316866,5.3,11.5
WHITE HAKE,1987,2,-1.2849374831058213,5.3,11.5
WHITE HAKE,1988,2,12.838612447621742,5.3,11.5
WHITE HAKE,1989,2,-2.1668920107484553,5.3,11.5
WHITE HAKE,1990,2,11.644249643575435,5.3,11.5
WHITE HAKE,1991,2,7.293933743955748,5.3,11.5
WHITE HAKE,1992,2,-9.112975730161004,5.3,11.5
WHITE HAKE,1993,2,-8.291185528321584,5.3,11.5
WHITE HAKE,1994,2,-4.231193709784257,5.3,11.5
WHITE HAKE,1995,2,0.8747881604219927,5.3,11.5
WHITE HAKE,1996,2,24.94058836403768,5.3,11.5
WHITE HAKE,1997,2,11.889102701510822,5.3,11.5
WHITE HAKE,1998,2,25.061973774851865,5.3,11.5
WHITE HAKE,1999,2,-2.233811734246963,5.3,11.5
WHITE HAKE,2000,2,22.510992399487563,5.3,11.5
WHITE HAKE,2001,2,1.1751237385783568,5.3,11.5
WHITE HAKE,2002,2,17.04452841409679,5.3,11.5
WHITE HAKE,2003,2,-4.487574623240782,5.3,11.5
WHITE HAKE,2004,2,-7.3461198302375195,5.3,11.5
WHITE HAKE,2005,2,-4.167918947997137,5.3,11.5
WHITE HAKE,2006,2,7.594354328812557,5.3,11.5
WHITE HAKE,2007,2,20.416524875656222,5.3,11.5
WHITE HAKE,2008,2,15.644537741240157,5.3,11.5
WHITE HAKE,2009,2,-10.16376047707898,5.3,11.5
WHITE HAKE,2010,2,10.078754451848056,5.3,11.5
WHITE HAKE,2011,2,10.78916677269936,5.3,11.5
WHITE HAKE,2012,2,9.240263967909172,5.3,11.5
WHITE HAKE,2013,2,10.013017769760495,5.3,11.5
WHITE HAKE,2014,2,-2.330327051596697,5.3,11.5
WHITE HAKE,2015,2,0.7262141708251875,5.3,11.5
WHITE HAKE,2016,2,4.371656090549202,5.3,11.5
WHITE HAKE,2017,2,2.908070292218106,5.3,11.5
WHITE HAKE,2018,2,12.38573109145345,5.3,11.5
WHITE HAKE,2019,2,3.9522765126317836,5.3,11.5
WHITE HAKE,2020,2,20.842625993550016,5.3,11.5
WHITE HAKE,2022,2,4.733396914554184,5.3,11.5
WHITE HAKE,2023,2,25.21203491318616,5.3,11.5
WHITE HAKE,2024,2,21.605187838074713,5.3,11.5
WINDOWPANE,1959,2,0,4.6000000000000005,18.472000000000005
WINDOWPANE,1960,2,-2.2808864723273246,4.6000000000000005,18.472000000000005
WINDOWPANE,1961,2,-0.28412729403812875,4.6000000000000005,18.472000000000005
WINDOWPANE,1962,2,1.3889157510582635,4.6000000000000005,18.472000000000005
WINDOWPANE,1963,2,4.916410155457186,4.6000000000000005,18.472000000000005
WINDOWPANE,1964,2,2.0473821154679968,4.6000000000000005,18.472000000000005
WINDOWPANE,1965,2,-14.081403721522157,4.6000000000000005,18.472000000000005
WINDOWPANE,1966,2,-5.977780058036103,4.6000000000000005,18.472000000000005
WINDOWPANE,1967,2,-7.37124967974065,4.6000000000000005,18.472000000000005
WINDOWPANE,1968,2,-11.360536536786654,4.6000000000000005,18.472000000000005
WINDOWPANE,1969,2,-5.115617356846968,4.6000000000000005,18.472000000000005
WINDOWPANE,1970,2,2.668727063742125,4.6000000000000005,18.472000000000005
WINDOWPANE,1971,2,-0.977173218410698,4.6000000000000005,18.472000000000005
WINDOWPANE,1972,2,10.057397809337076,4.6000000000000005,18.472000000000005
WINDOWPANE,1973,2,7.662127047990452,4.6000000000000005,18.472000000000005
WINDOWPANE,1974,2,18.558449033262306,4.6000000000000005,18.472000000000005
WINDOWPANE,1975,2,18.06575977777314,4.6000000000000005,18.472000000000005
WINDOWPANE,1976,2,21.955096753923314,4.6000000000000005,18.472000000000005
WINDOWPANE,1977,2,2.4985329242835377,4.6000000000000005,18.472000000000005
WINDOWPANE,1978,2,2.532105572509863,4.6000000000000005,18.472000000000005
WINDOWPANE,1979,2,-2.8998991673509664,4.6000000000000005,18.472000000000005
WINDOWPANE,1980,2,-1.0483664604956573,4.6000000000000005,18.472000000000005
WINDOWPANE,1981,2,-0.19307866396918882,4.6000000000000005,18.472000000000005
WINDOWPANE,1982,2,-3.0914948460754488,4.6000000000000005,18.472000000000005
WINDOWPANE,1983,2,13.92368785075962,4.6000000000000005,18.472000000000005
WINDOWPANE,1984,2,10.60481621982322,4.6000000000000005,18.472000000000005
WINDOWPANE,1985,2,10.568246169601238,4.6000000000000005,18.472000000000005
WINDOWPANE,1986,2,13.383143144904949,4.6000000000000005,18.472000000000005
WINDOWPANE,1987,2,-0.4529627290009728,4.6000000000000005,18.472000000000005
WINDOWPANE,1988,2,4.449112978091591,4.6000000000000005,18.472000000000005
WINDOWPANE,1989,2,3.141839155392688,4.6000000000000005,18.472000000000005
WINDOWPANE,1990,2,14.149797258466563,4.6000000000000005,18.472000000000005
WINDOWPANE,1991,2,20.384094761615458,4.6000000000000005,18.472000000000005
WINDOWPANE,1992,2,9.740612215049893,4.6000000000000005,18.472000000000005
WINDOWPANE,1993,2,-8.96512217574299,4.6000000000000005,18.472000000000005
WINDOWPANE,1994,2,2.6065873807102946,4.6000000000000005,18.472000000000005
WINDOWPANE,1995,2,13.790113117796452,4.6000000000000005,18.472000000000005
WINDOWPANE,1996,2,-1.0480283059360431,4.6000000000000005,18.472000000000005
WINDOWPANE,1997,2,17.8643017967852,4.6000000000000005,18.472000000000005
WINDOWPANE,1998,2,21.134483728716717,4.6000000000000005,18.472000000000005
WINDOWPANE,1999,2,13.907467988630145,4.6000000000000005,18.472000000000005
WINDOWPANE,2000,2,24.295741348603826,4.6000000000000005,18.472000000000005
WINDOWPANE,2001,2,15.456600288471492,4.6000000000000005,18.472000000000005
WINDOWPANE,2002,2,22.658264844541378,4.6000000000000005,18.472000000000005
WINDOWPANE,2003,2,-4.417495781534939,4.6000000000000005,18.472000000000005
WINDOWPANE,2004,2,-16.597402076328763,4.6000000000000005,18.472000000000005
WINDOWPANE,2005,2,-10.018590616804467,4.6000000000000005,18.472000000000005
WINDOWPANE,2006,2,18.129391814067645,4.6000000000000005,18.472000000000005
WINDOWPANE,2007,2,8.370764217174681,4.6000000000000005,18.472000000000005
WINDOWPANE,2008,2,18.532438160230427,4.6000000000000005,18.472000000000005
WINDOWPANE,2009,2,4.982828654116105,4.6000000000000005,18.472000000000005
WINDOWPANE,2010,2,15.104475010894419,4.6000000000000005,18.472000000000005
WINDOWPANE,2011,2,12.384287978658904,4.6000000000000005,18.472000000000005
WINDOWPANE,2012,2,21.64198967527092,4.6000000000000005,18.472000000000005
WINDOWPANE,2013,2,22.007334283747596,4.6000000000000005,18.472000000000005
WINDOWPANE,2014,2,2.3620354610802394,4.6000000000000005,18.472000000000005
WINDOWPANE,2015,2,2.9386439476271704,4.6000000000000005,18.472000000000005
WINDOWPANE,2016,2,17.761875119755516,4.6000000000000005,18.472000000000005
WINDOWPANE,2017,2,16.006903913480343,4.6000000000000005,18.472000000000005
WINDOWPANE,2018,2,16.307623127642586,4.6000000000000005,18.472000000000005
WINDOWPANE,2019,2,10.509942622661939,4.6000000000000005,18.472000000000005
WINDOWPANE,2020,2,19.57883279883079,4.6000000000000005,18.472000000000005
WINDOWPANE,2022,2,18.011246104009388,4.6000000000000005,18.472000000000005
WINDOWPANE,2023,2,16.638229619353055,4.6000000000000005,18.472000000000005
WINDOWPANE,2024,2,10.577336349371706,4.6000000000000005,18.472000000000005
WINTER FLOUNDER,1959,2,0,4.3,15.030000000000001
WINTER FLOUNDER,1960,2,-0.2216377952519224,4.3,15.030000000000001
WINTER FLOUNDER,1961,2,-7.504247393715531,4.3,15.030000000000001
WINTER FLOUNDER,1962,2,-1.4893169989115904,4.3,15.030000000000001
WINTER FLOUNDER,1963,2,1.99534942003271,4.3,15.030000000000001
WINTER FLOUNDER,1964,2,3.1071588286974077,4.3,15.030000000000001
WINTER FLOUNDER,1965,2,-13.134475644325647,4.3,15.030000000000001
WINTER FLOUNDER,1966,2,-1.8883125118442905,4.3,15.030000000000001
WINTER FLOUNDER,1967,2,-10.022996882900102,4.3,15.030000000000001
WINTER FLOUNDER,1968,2,-9.960053055029007,4.3,15.030000000000001
WINTER FLOUNDER,1969,2,-7.741908370785595,4.3,15.030000000000001
WINTER FLOUNDER,1970,2,9.464566593934663,4.3,15.030000000000001
WINTER FLOUNDER,1971,2,-1.1268521696042342,4.3,15.030000000000001
WINTER FLOUNDER,1972,2,10.799364755716141,4.3,15.030000000000001
WINTER FLOUNDER,1973,2,4.903243047981817,4.3,15.030000000000001
WINTER FLOUNDER,1974,2,19.968645830834234,4.3,15.030000000000001
WINTER FLOUNDER,1975,2,9.127479827284489,4.3,15.030000000000001
WINTER FLOUNDER,1976,2,24.757732289066368,4.3,15.030000000000001
WINTER FLOUNDER,1977,2,-3.1414762248599715,4.3,15.030000000000001
WINTER FLOUNDER,1978,2,2.011495051776194,4.3,15.030000000000001
WINTER FLOUNDER,1979,2,-3.623623716854027,4.3,15.030000000000001
WINTER FLOUNDER,1980,2,-0.31977204767622425,4.3,15.030000000000001
WINTER FLOUNDER,1981,2,3.4145869016092263,4.3,15.030000000000001
WINTER FLOUNDER,1982,2,-1.4689638158664877,4.3,15.030000000000001
WINTER FLOUNDER,1983,2,9.2256564230768,4.3,15.030000000000001
WINTER FLOUNDER,1984,2,9.693653486719427,4.3,15.030000000000001
WINTER FLOUNDER,1985,2,7.6057776636725976,4.3,15.030000000000001
WINTER FLOUNDER,1986,2,10.574068482975008,4.3,15.030000000000001
WINTER FLOUNDER,1987,2,-3.80721777133445,4.3,15.030000000000001
WINTER FLOUNDER,1988,2,8.65384515061966,4.3,15.030000000000001
WINTER FLOUNDER,1989,2,-1.0401914096585614,4.3,15.030000000000001
WINTER FLOUNDER,1990,2,13.589224419515617,4.3,15.030000000000001
WINTER FLOUNDER,1991,2,17.463858436981482,4.3,15.030000000000001
WINTER FLOUNDER,1992,2,3.4310180875251177,4.3,15.030000000000001
WINTER FLOUNDER,1993,2,-5.375698480599965,4.3,15.030000000000001
WINTER FLOUNDER,1994,2,5.301346122033991,4.3,15.030000000000001
WINTER FLOUNDER,1995,2,10.851312268150195,4.3,15.030000000000001
WINTER FLOUNDER,1996,2,8.923664556620537,4.3,15.030000000000001
WINTER FLOUNDER,1997,2,20.979025275954996,4.3,15.030000000000001
WINTER FLOUNDER,1998,2,22.742204284095862,4.3,15.030000000000001
WINTER FLOUNDER,1999,2,7.773489156041563,4.3,15.030000000000001
WINTER FLOUNDER,2000,2,24.059423913535056,4.3,15.030000000000001
WINTER FLOUNDER,2001,2,12.598673530584051,4.3,15.030000000000001
WINTER FLOUNDER,2002,2,20.668871903915303,4.3,15.030000000000001
WINTER FLOUNDER,2003,2,1.4626226906471373,4.3,15.030000000000001
WINTER FLOUNDER,2004,2,-12.555908462100604,4.3,15.030000000000001
WINTER FLOUNDER,2005,2,-2.0481183028034167,4.3,15.030000000000001
WINTER FLOUNDER,2006,2,21.188400657017397,4.3,15.030000000000001
WINTER FLOUNDER,2007,2,11.444301296591647,4.3,15.030000000000001
WINTER FLOUNDER,2008,2,20.006878398629127,4.3,15.030000000000001
WINTER FLOUNDER,2009,2,5.171516011273383,4.3,15.030000000000001
WINTER FLOUNDER,2010,2,17.91638289743115,4.3,15.030000000000001
WINTER FLOUNDER,2011,2,14.635665923163131,4.3,15.030000000000001
WINTER FLOUNDER,2012,2,13.75752184842473,4.3,15.030000000000001
WINTER FLOUNDER,2013,2,11.928387451691492,4.3,15.030000000000001
WINTER FLOUNDER,2014,2,-9.475928155193756,4.3,15.030000000000001
WINTER FLOUNDER,2015,2,-11.998346857838868,4.3,15.030000000000001
WINTER FLOUNDER,2016,2,10.400007286109101,4.3,15.030000000000001
WINTER FLOUNDER,2017,2,7.042240873023175,4.3,15.030000000000001
WINTER FLOUNDER,2018,2,16.04749765016369,4.3,15.030000000000001
WINTER FLOUNDER,2019,2,-0.7441531218671429,4.3,15.030000000000001
WINTER FLOUNDER,2020,2,18.299617439456952,4.3,15.030000000000001
WINTER FLOUNDER,2022,2,9.245508075178165,4.3,15.030000000000001
WINTER FLOUNDER,2023,2,15.51113139982364,4.3,15.030000000000001
WINTER FLOUNDER,2024,2,7.4163522114786815,4.3,15.030000000000001
WINTER SKATE,1959,2,0,4.5,16.43
WINTER SKATE,1960,2,-1.574755677966067,4.5,16.43
WINTER SKATE,1961,2,-2.12412228093757,4.5,16.43
WINTER SKATE,1962,2,1.0505466243940589,4.5,16.43
WINTER SKATE,1963,2,2.416550312281842,4.5,16.43
WINTER SKATE,1964,2,0.5119709890935837,4.5,16.43
WINTER SKATE,1965,2,-13.187698109641943,4.5,16.43
WINTER SKATE,1966,2,-4.513847614806451,4.5,16.43
WINTER SKATE,1967,2,-7.127631427504923,4.5,16.43
WINTER SKATE,1968,2,-12.806357586250385,4.5,16.43
WINTER SKATE,1969,2,-7.031054214338752,4.5,16.43
WINTER SKATE,1970,2,3.264539850211719,4.5,16.43
WINTER SKATE,1971,2,-1.0845162107237059,4.5,16.43
WINTER SKATE,1972,2,8.94942290439235,4.5,16.43
WINTER SKATE,1973,2,6.66415471827176,4.5,16.43
WINTER SKATE,1974,2,15.183899202576399,4.5,16.43
WINTER SKATE,1975,2,12.459640806107132,4.5,16.43
WINTER SKATE,1976,2,17.8742471448232,4.5,16.43
WINTER SKATE,1977,2,0.15450782973374544,4.5,16.43
WINTER SKATE,1978,2,1.1345282487715025,4.5,16.43
WINTER SKATE,1979,2,-4.553755792125244,4.5,16.43
WINTER SKATE,1980,2,-3.1424297086252295,4.5,16.43
WINTER SKATE,1981,2,-2.2178193688882146,4.5,16.43
WINTER SKATE,1982,2,-3.281855575084066,4.5,16.43
WINTER SKATE,1983,2,11.655652971659293,4.5,16.43
WINTER SKATE,1984,2,7.397919096604255,4.5,16.43
WINTER SKATE,1985,2,9.756967485869538,4.5,16.43
WINTER SKATE,1986,2,12.562917978944967,4.5,16.43
WINTER SKATE,1987,2,-2.1945346645373576,4.5,16.43
WINTER SKATE,1988,2,4.476116722619167,4.5,16.43
WINTER SKATE,1989,2,3.517955888214658,4.5,16.43
WINTER SKATE,1990,2,13.383684665382148,4.5,16.43
WINTER SKATE,1991,2,16.928048185787944,4.5,16.43
WINTER SKATE,1992,2,5.964241276316258,4.5,16.43
WINTER SKATE,1993,2,-7.396183282281541,4.5,16.43
WINTER SKATE,1994,2,3.179943452196653,4.5,16.43
WINTER SKATE,1995,2,12.384303066349318,4.5,16.43
WINTER SKATE,1996,2,1.6264774385998493,4.5,16.43
WINTER SKATE,1997,2,13.90042444560568,4.5,16.43
WINTER SKATE,1998,2,15.299703607194033,4.5,16.43
WINTER SKATE,1999,2,13.220993133797293,4.5,16.43
WINTER SKATE,2000,2,19.024574315805324,4.5,16.43
WINTER SKATE,2001,2,12.583206105781429,4.5,16.43
WINTER SKATE,2002,2,17.59486499284064,4.5,16.43
WINTER SKATE,2003,2,0.13032361952073757,4.5,16.43
WINTER SKATE,2004,2,-13.001978266696014,4.5,16.43
WINTER SKATE,2005,2,-6.285404790963085,4.5,16.43
WINTER SKATE,2006,2,16.57606108063382,4.5,16.43
WINTER SKATE,2007,2,7.919278702203414,4.5,16.43
WINTER SKATE,2008,2,17.063741500573244,4.5,16.43
WINTER SKATE,2009,2,5.058169759655485,4.5,16.43
WINTER SKATE,2010,2,12.399947110558855,4.5,16.43
WINTER SKATE,2011,2,10.64857735851254,4.5,16.43
WINTER SKATE,2012,2,15.12725385876736,4.5,16.43
WINTER SKATE,2013,2,14.538233226395732,4.5,16.43
WINTER SKATE,2014,2,-1.8517868688016392,4.5,16.43
WINTER SKATE,2015,2,-0.3417935658696507,4.5,16.43
WINTER SKATE,2016,2,10.529114825280928,4.5,16.43
WINTER SKATE,2017,2,13.00978264446448,4.5,16.43
WINTER SKATE,2018,2,14.091912698359877,4.5,16.43
WINTER SKATE,2019,2,4.465601795828391,4.5,16.43
WINTER SKATE,2020,2,16.049062043375116,4.5,16.43
WINTER SKATE,2022,2,11.088700218579604,4.5,16.43
WINTER SKATE,2023,2,14.4124386618425,4.5,16.43
WINTER SKATE,2024,2,6.749480427442165,4.5,16.43
WITCH FLOUNDER,1959,2,0,4.7,10.213000000000003
WITCH FLOUNDER,1960,2,-8.568918388208672,4.7,10.213000000000003
WITCH FLOUNDER,1961,2,-5.7253793505751105,4.7,10.213000000000003
WITCH FLOUNDER,1962,2,-18.339974684187794,4.7,10.213000000000003
WITCH FLOUNDER,1963,2,-1.9432110841559052,4.7,10.213000000000003
WITCH FLOUNDER,1964,2,2.895956279793907,4.7,10.213000000000003
WITCH FLOUNDER,1965,2,-1.9948887633077703,4.7,10.213000000000003
WITCH FLOUNDER,1966,2,8.419800600109738,4.7,10.213000000000003
WITCH FLOUNDER,1967,2,-5.457620791442324,4.7,10.213000000000003
WITCH FLOUNDER,1968,2,-8.988885892040194,4.7,10.213000000000003
WITCH FLOUNDER,1969,2,-27.800369487567238,4.7,10.213000000000003
WITCH FLOUNDER,1970,2,6.156362574977862,4.7,10.213000000000003
WITCH FLOUNDER,1971,2,-5.335571552582735,4.7,10.213000000000003
WITCH FLOUNDER,1972,2,-3.2947493512940866,4.7,10.213000000000003
WITCH FLOUNDER,1973,2,-8.778935720654047,4.7,10.213000000000003
WITCH FLOUNDER,1974,2,-6.9544700830583395,4.7,10.213000000000003
WITCH FLOUNDER,1975,2,-0.381839088479083,4.7,10.213000000000003
WITCH FLOUNDER,1976,2,-2.140111684275354,4.7,10.213000000000003
WITCH FLOUNDER,1977,2,-11.501182677809723,4.7,10.213000000000003
WITCH FLOUNDER,1978,2,-10.827902881417103,4.7,10.213000000000003
WITCH FLOUNDER,1979,2,-11.193160961311264,4.7,10.213000000000003
WITCH FLOUNDER,1980,2,-11.739399509845,4.7,10.213000000000003
WITCH FLOUNDER,1981,2,-9.925154638306438,4.7,10.213000000000003
WITCH FLOUNDER,1982,2,-12.554805922111655,4.7,10.213000000000003
WITCH FLOUNDER,1983,2,-3.2800536306699257,4.7,10.213000000000003
WITCH FLOUNDER,1984,2,3.6014948097426895,4.7,10.213000000000003
WITCH FLOUNDER,1985,2,-8.591313368347926,4.7,10.213000000000003
WITCH FLOUNDER,1986,2,-9.176633263229931,4.7,10.213000000000003
WITCH FLOUNDER,1987,2,-11.204478176454856,4.7,10.213000000000003
WITCH FLOUNDER,1988,2,2.7897976690359343,4.7,10.213000000000003
WITCH FLOUNDER,1989,2,-9.215493921443013,4.7,10.213000000000003
WITCH FLOUNDER,1990,2,-2.4358930901435514,4.7,10.213000000000003
WITCH FLOUNDER,1991,2,-7.509451727433145,4.7,10.213000000000003
WITCH FLOUNDER,1992,2,-14.404472116043749,4.7,10.213000000000003
WITCH FLOUNDER,1993,2,-17.813048147623306,4.7,10.213000000000003
WITCH FLOUNDER,1994,2,-12.041504528984504,4.7,10.213000000000003
WITCH FLOUNDER,1995,2,-3.6820472249887928,4.7,10.213000000000003
WITCH FLOUNDER,1996,2,16.152542769086978,4.7,10.213000000000003
WITCH FLOUNDER,1997,2,1.8509933494338213,4.7,10.213000000000003
WITCH FLOUNDER,1998,2,16.081090923463833,4.7,10.213000000000003
WITCH FLOUNDER,1999,2,-8.188198264593083,4.7,10.213000000000003
WITCH FLOUNDER,2000,2,1.3689887470304427,4.7,10.213000000000003
WITCH FLOUNDER,2001,2,-2.4421702586592033,4.7,10.213000000000003
WITCH FLOUNDER,2002,2,2.043862504271459,4.7,10.213000000000003
WITCH FLOUNDER,2003,2,-7.602500755915813,4.7,10.213000000000003
WITCH FLOUNDER,2004,2,-8.817362985885296,4.7,10.213000000000003
WITCH FLOUNDER,2005,2,-10.908838033612795,4.7,10.213000000000003
WITCH FLOUNDER,2006,2,-1.5384421554404355,4.7,10.213000000000003
WITCH FLOUNDER,2007,2,18.20100798955852,4.7,10.213000000000003
WITCH FLOUNDER,2008,2,5.022458393800164,4.7,10.213000000000003
WITCH FLOUNDER,2009,2,-13.5610696247427,4.7,10.213000000000003
WITCH FLOUNDER,2010,2,-0.3696057671288884,4.7,10.213000000000003
WITCH FLOUNDER,2011,2,2.6489150767876026,4.7,10.213000000000003
WITCH FLOUNDER,2012,2,-17.903996773181476,4.7,10.213000000000003
WITCH FLOUNDER,2013,2,-12.795325250845217,4.7,10.213000000000003
WITCH FLOUNDER,2014,2,-16.009326440481665,4.7,10.213000000000003
WITCH FLOUNDER,2015,2,-8.41975417851397,4.7,10.213000000000003
WITCH FLOUNDER,2016,2,-11.552636416116997,4.7,10.213000000000003
WITCH FLOUNDER,2017,2,-6.486464962734516,4.7,10.213000000000003
WITCH FLOUNDER,2018,2,-4.675310324884435,4.7,10.213000000000003
WITCH FLOUNDER,2019,2,-20.007250772890544,4.7,10.213000000000003
WITCH FLOUNDER,2020,2,-3.9009328005418666,4.7,10.213000000000003
WITCH FLOUNDER,2022,2,-14.111768008295854,4.7,10.213000000000003
WITCH FLOUNDER,2023,2,-5.643419581614964,4.7,10.213000000000003
WITCH FLOUNDER,2024,2,12.38566239308102,4.7,10.213000000000003
YELLOWTAIL FLOUNDER,1959,2,0,4.2,12.4
YELLOWTAIL FLOUNDER,1960,2,-2.9120442203985846,4.2,12.4
YELLOWTAIL FLOUNDER,1961,2,-3.5508765690937594,4.2,12.4
YELLOWTAIL FLOUNDER,1962,2,-5.938760508260259,4.2,12.4
YELLOWTAIL FLOUNDER,1963,2,-4.8114168449538965,4.2,12.4
YELLOWTAIL FLOUNDER,1964,2,0.4127934758487868,4.2,12.4
YELLOWTAIL FLOUNDER,1965,2,2.046959198496552,4.2,12.4
YELLOWTAIL FLOUNDER,1966,2,9.88033849978757,4.2,12.4
YELLOWTAIL FLOUNDER,1967,2,5.79582276027989,4.2,12.4
YELLOWTAIL FLOUNDER,1968,2,3.0224001036191197,4.2,12.4
YELLOWTAIL FLOUNDER,1969,2,-13.39155842976841,4.2,12.4
YELLOWTAIL FLOUNDER,1970,2,11.866529063497936,4.2,12.4
YELLOWTAIL FLOUNDER,1971,2,-5.517332516432376,4.2,12.4
YELLOWTAIL FLOUNDER,1972,2,1.2425508861268924,4.2,12.4
YELLOWTAIL FLOUNDER,1973,2,-7.695617118514107,4.2,12.4
YELLOWTAIL FLOUNDER,1974,2,-4.685681947995633,4.2,12.4
YELLOWTAIL FLOUNDER,1975,2,-4.838505918116688,4.2,12.4
YELLOWTAIL FLOUNDER,1976,2,20.211737270743896,4.2,12.4
YELLOWTAIL FLOUNDER,1977,2,-14.856485725430744,4.2,12.4
YELLOWTAIL FLOUNDER,1978,2,-9.563837708354129,4.2,12.4
YELLOWTAIL FLOUNDER,1979,2,1.9326328745471528,4.2,12.4
YELLOWTAIL FLOUNDER,1980,2,7.579417682421209,4.2,12.4
YELLOWTAIL FLOUNDER,1981,2,6.972424755251865,4.2,12.4
YELLOWTAIL FLOUNDER,1982,2,-13.77446429911764,4.2,12.4
YELLOWTAIL FLOUNDER,1983,2,-2.4621346635973325,4.2,12.4
YELLOWTAIL FLOUNDER,1984,2,7.975813497662145,4.2,12.4
YELLOWTAIL FLOUNDER,1985,2,-10.672318524523654,4.2,12.4
YELLOWTAIL FLOUNDER,1986,2,-15.39260911243678,4.2,12.4
YELLOWTAIL FLOUNDER,1987,2,-6.372204592528007,4.2,12.4
YELLOWTAIL FLOUNDER,1988,2,7.438386450612185,4.2,12.4
YELLOWTAIL FLOUNDER,1989,2,-10.889769952471141,4.2,12.4
YELLOWTAIL FLOUNDER,1990,2,6.810866371054317,4.2,12.4
YELLOWTAIL FLOUNDER,1991,2,-5.095291511926007,4.2,12.4
YELLOWTAIL FLOUNDER,1992,2,2.6730088443280238,4.2,12.4
YELLOWTAIL FLOUNDER,1993,2,-5.949474517885037,4.2,12.4
YELLOWTAIL FLOUNDER,1994,2,-14.707697997673101,4.2,12.4
YELLOWTAIL FLOUNDER,1995,2,-11.139380803306217,4.2,12.4
YELLOWTAIL FLOUNDER,1996,2,25.319585164649908,4.2,12.4
YELLOWTAIL FLOUNDER,1997,2,7.61606858232912,4.2,12.4
YELLOWTAIL FLOUNDER,1998,2,33.85494933163015,4.2,12.4
YELLOWTAIL FLOUNDER,1999,2,-24.220929692995504,4.2,12.4
YELLOWTAIL FLOUNDER,2000,2,18.306706755123585,4.2,12.4
YELLOWTAIL FLOUNDER,2001,2,-7.51645148863863,4.2,12.4
YELLOWTAIL FLOUNDER,2002,2,-4.048466692462142,4.2,12.4
YELLOWTAIL FLOUNDER,2003,2,4.484738010414489,4.2,12.4
YELLOWTAIL FLOUNDER,2004,2,-2.170804848184403,4.2,12.4
YELLOWTAIL FLOUNDER,2005,2,-2.1580343559061106,4.2,12.4
YELLOWTAIL FLOUNDER,2006,2,4.98406412449053,4.2,12.4
YELLOWTAIL FLOUNDER,2007,2,25.214904330485737,4.2,12.4
YELLOWTAIL FLOUNDER,2008,2,15.878632504841804,4.2,12.4
YELLOWTAIL FLOUNDER,2009,2,-15.08037017870059,4.2,12.4
YELLOWTAIL FLOUNDER,2010,2,-1.2930208865577981,4.2,12.4
YELLOWTAIL FLOUNDER,2011,2,-1.8879699793733593,4.2,12.4
YELLOWTAIL FLOUNDER,2012,2,-12.731100440634293,4.2,12.4
YELLOWTAIL FLOUNDER,2013,2,-11.643404726729102,4.2,12.4
YELLOWTAIL FLOUNDER,2014,2,-23.95084523900742,4.2,12.4
YELLOWTAIL FLOUNDER,2015,2,-32.79534408033426,4.2,12.4
YELLOWTAIL FLOUNDER,2016,2,-21.072534131754082,4.2,12.4
YELLOWTAIL FLOUNDER,2017,2,-12.746134359336814,4.2,12.4
YELLOWTAIL FLOUNDER,2018,2,3.5055920434432295,4.2,12.4
YELLOWTAIL FLOUNDER,2019,2,-18.35121464362001,4.2,12.4
YELLOWTAIL FLOUNDER,2020,2,-0.39725080896080556,4.2,12.4
YELLOWTAIL FLOUNDER,2022,2,-14.331791491879272,4.2,12.4
YELLOWTAIL FLOUNDER,2023,2,12.916775176555475,4.2,12.4
YELLOWTAIL FLOUNDER,2024,2,14.751088537356964,4.2,12.4
