species,year,season,habitat_used,perc_within_hist,tmin_used,tmax_used,absolute_trend
ACADIAN REDFISH,1959,FALL,FALL,92.15529415359381,4.76,9.6,0.329837422494684
ACADIAN REDFISH,1960,FALL,FALL,90.36250463301442,4.76,9.6,0.329837422494684
ACADIAN REDFISH,1961,FALL,FALL,95.24636035378093,4.76,9.6,0.329837422494684
ACADIAN REDFISH,1962,FALL,FALL,87.58607942873341,4.76,9.6,0.329837422494684
ACADIAN REDFISH,1963,FALL,FALL,94.1545911496774,4.76,9.6,0.329837422494684
ACADIAN REDFISH,1964,FALL,FALL,95.67830830577702,4.76,9.6,0.329837422494684
ACADIAN REDFISH,1965,FALL,FALL,94.64159987979359,4.76,9.6,0.329837422494684
ACADIAN REDFISH,1966,FALL,FALL,91.98495688228974,4.76,9.6,0.329837422494684
ACADIAN REDFISH,1967,FALL,FALL,92.81744659840811,4.76,9.6,0.329837422494684
ACADIAN REDFISH,1968,FALL,FALL,87.28118528124597,4.76,9.6,0.329837422494684
ACADIAN REDFISH,1969,FALL,FALL,82.4832753923108,4.76,9.6,0.329837422494684
ACADIAN REDFISH,1970,FALL,FALL,84.83928551556922,4.76,9.6,0.329837422494684
ACADIAN REDFISH,1971,FALL,FALL,88.53637043585525,4.76,9.6,0.329837422494684
ACADIAN REDFISH,1972,FALL,FALL,89.74147156115967,4.76,9.6,0.329837422494684
ACADIAN REDFISH,1973,FALL,FALL,90.44609883925916,4.76,9.6,0.329837422494684
ACADIAN REDFISH,1974,FALL,FALL,70.69564727383838,4.76,9.6,0.329837422494684
ACADIAN REDFISH,1975,FALL,FALL,79.40272149292967,4.76,9.6,0.329837422494684
ACADIAN REDFISH,1976,FALL,FALL,68.80935891745531,4.76,9.6,0.329837422494684
ACADIAN REDFISH,1977,FALL,FALL,83.70424928788232,4.76,9.6,0.329837422494684
ACADIAN REDFISH,1978,FALL,FALL,84.78838098649506,4.76,9.6,0.329837422494684
ACADIAN REDFISH,1979,FALL,FALL,90.56235759683244,4.76,9.6,0.329837422494684
ACADIAN REDFISH,1980,FALL,FALL,80.92626699461962,4.76,9.6,0.329837422494684
ACADIAN REDFISH,1981,FALL,FALL,82.97826702776217,4.76,9.6,0.329837422494684
ACADIAN REDFISH,1982,FALL,FALL,90.5437241333135,4.76,9.6,0.329837422494684
ACADIAN REDFISH,1983,FALL,FALL,88.90553779981586,4.76,9.6,0.329837422494684
ACADIAN REDFISH,1984,FALL,FALL,85.83801215442224,4.76,9.6,0.329837422494684
ACADIAN REDFISH,1985,FALL,FALL,75.27526542684241,4.76,9.6,0.329837422494684
ACADIAN REDFISH,1986,FALL,FALL,83.6714073210458,4.76,9.6,0.329837422494684
ACADIAN REDFISH,1987,FALL,FALL,92.37404144265194,4.76,9.6,0.329837422494684
ACADIAN REDFISH,1988,FALL,FALL,93.01156185546748,4.76,9.6,0.329837422494684
ACADIAN REDFISH,1989,FALL,FALL,84.8936173061454,4.76,9.6,0.329837422494684
ACADIAN REDFISH,1990,FALL,FALL,81.01920852827304,4.76,9.6,0.329837422494684
ACADIAN REDFISH,1991,FALL,FALL,70.95087122911565,4.76,9.6,0.329837422494684
ACADIAN REDFISH,1992,FALL,FALL,93.75496378089056,4.76,9.6,0.329837422494684
ACADIAN REDFISH,1993,FALL,FALL,81.88176033983326,4.76,9.6,0.329837422494684
ACADIAN REDFISH,1994,FALL,FALL,83.91688501075623,4.76,9.6,0.329837422494684
ACADIAN REDFISH,1995,FALL,FALL,87.12903326815227,4.76,9.6,0.329837422494684
ACADIAN REDFISH,1996,FALL,FALL,97.24419943618571,4.76,9.6,0.329837422494684
ACADIAN REDFISH,1997,FALL,FALL,92.40741294040082,4.76,9.6,0.329837422494684
ACADIAN REDFISH,1998,FALL,FALL,95.95153582474258,4.76,9.6,0.329837422494684
ACADIAN REDFISH,1999,FALL,FALL,72.49815285320537,4.76,9.6,0.329837422494684
ACADIAN REDFISH,2000,FALL,FALL,88.04147771271909,4.76,9.6,0.329837422494684
ACADIAN REDFISH,2001,FALL,FALL,88.94581229419683,4.76,9.6,0.329837422494684
ACADIAN REDFISH,2002,FALL,FALL,80.34490185895035,4.76,9.6,0.329837422494684
ACADIAN REDFISH,2003,FALL,FALL,86.80183942095965,4.76,9.6,0.329837422494684
ACADIAN REDFISH,2004,FALL,FALL,95.62668163338334,4.76,9.6,0.329837422494684
ACADIAN REDFISH,2005,FALL,FALL,90.93550929836519,4.76,9.6,0.329837422494684
ACADIAN REDFISH,2006,FALL,FALL,85.5453294753093,4.76,9.6,0.329837422494684
ACADIAN REDFISH,2007,FALL,FALL,95.03062948691795,4.76,9.6,0.329837422494684
ACADIAN REDFISH,2008,FALL,FALL,90.45449401217748,4.76,9.6,0.329837422494684
ACADIAN REDFISH,2009,FALL,FALL,80.35381255966288,4.76,9.6,0.329837422494684
ACADIAN REDFISH,2010,FALL,FALL,81.99651560713116,4.76,9.6,0.329837422494684
ACADIAN REDFISH,2011,FALL,FALL,85.51379358003362,4.76,9.6,0.329837422494684
ACADIAN REDFISH,2012,FALL,FALL,63.820091819544885,4.76,9.6,0.329837422494684
ACADIAN REDFISH,2013,FALL,FALL,51.697732694530615,4.76,9.6,0.329837422494684
ACADIAN REDFISH,2014,FALL,FALL,50.701304092266355,4.76,9.6,0.329837422494684
ACADIAN REDFISH,2015,FALL,FALL,77.16393659380394,4.76,9.6,0.329837422494684
ACADIAN REDFISH,2016,FALL,FALL,50.13716289362856,4.76,9.6,0.329837422494684
ACADIAN REDFISH,2017,FALL,FALL,67.63375182231319,4.76,9.6,0.329837422494684
ACADIAN REDFISH,2018,FALL,FALL,68.18028334532906,4.76,9.6,0.329837422494684
ACADIAN REDFISH,2019,FALL,FALL,34.83318640421517,4.76,9.6,0.329837422494684
ACADIAN REDFISH,2020,FALL,FALL,63.40376989261971,4.76,9.6,0.329837422494684
ACADIAN REDFISH,2022,FALL,FALL,64.18463790668984,4.76,9.6,0.329837422494684
ACADIAN REDFISH,2023,FALL,FALL,86.72473842035562,4.76,9.6,0.329837422494684
ACADIAN REDFISH,2024,FALL,FALL,88.67162269778255,4.76,9.6,0.329837422494684
AMERICAN PLAICE,1959,FALL,FALL,71.27050138331613,4.28,9.511000000000005,0.31895859472634636
AMERICAN PLAICE,1960,FALL,FALL,71.99434895581176,4.28,9.511000000000005,0.31895859472634636
AMERICAN PLAICE,1961,FALL,FALL,77.92731343780017,4.28,9.511000000000005,0.31895859472634636
AMERICAN PLAICE,1962,FALL,FALL,71.08149569247601,4.28,9.511000000000005,0.31895859472634636
AMERICAN PLAICE,1963,FALL,FALL,73.03218329035077,4.28,9.511000000000005,0.31895859472634636
AMERICAN PLAICE,1964,FALL,FALL,76.41661784429606,4.28,9.511000000000005,0.31895859472634636
AMERICAN PLAICE,1965,FALL,FALL,78.88578135442431,4.28,9.511000000000005,0.31895859472634636
AMERICAN PLAICE,1966,FALL,FALL,74.82618074787746,4.28,9.511000000000005,0.31895859472634636
AMERICAN PLAICE,1967,FALL,FALL,73.8145405877267,4.28,9.511000000000005,0.31895859472634636
AMERICAN PLAICE,1968,FALL,FALL,75.43129818449817,4.28,9.511000000000005,0.31895859472634636
AMERICAN PLAICE,1969,FALL,FALL,63.26981181150851,4.28,9.511000000000005,0.31895859472634636
AMERICAN PLAICE,1970,FALL,FALL,64.75601016398363,4.28,9.511000000000005,0.31895859472634636
AMERICAN PLAICE,1971,FALL,FALL,66.09456355081382,4.28,9.511000000000005,0.31895859472634636
AMERICAN PLAICE,1972,FALL,FALL,66.62775473468265,4.28,9.511000000000005,0.31895859472634636
AMERICAN PLAICE,1973,FALL,FALL,67.73990398183173,4.28,9.511000000000005,0.31895859472634636
AMERICAN PLAICE,1974,FALL,FALL,51.17130206962529,4.28,9.511000000000005,0.31895859472634636
AMERICAN PLAICE,1975,FALL,FALL,56.48228999385516,4.28,9.511000000000005,0.31895859472634636
AMERICAN PLAICE,1976,FALL,FALL,51.51743758140762,4.28,9.511000000000005,0.31895859472634636
AMERICAN PLAICE,1977,FALL,FALL,61.75749540278767,4.28,9.511000000000005,0.31895859472634636
AMERICAN PLAICE,1978,FALL,FALL,62.66243252258389,4.28,9.511000000000005,0.31895859472634636
AMERICAN PLAICE,1979,FALL,FALL,69.03255537558863,4.28,9.511000000000005,0.31895859472634636
AMERICAN PLAICE,1980,FALL,FALL,62.75490110062587,4.28,9.511000000000005,0.31895859472634636
AMERICAN PLAICE,1981,FALL,FALL,63.426512264955626,4.28,9.511000000000005,0.31895859472634636
AMERICAN PLAICE,1982,FALL,FALL,66.28444067522908,4.28,9.511000000000005,0.31895859472634636
AMERICAN PLAICE,1983,FALL,FALL,66.20136064343228,4.28,9.511000000000005,0.31895859472634636
AMERICAN PLAICE,1984,FALL,FALL,63.71896204645907,4.28,9.511000000000005,0.31895859472634636
AMERICAN PLAICE,1985,FALL,FALL,54.444742556446414,4.28,9.511000000000005,0.31895859472634636
AMERICAN PLAICE,1986,FALL,FALL,61.46823460740573,4.28,9.511000000000005,0.31895859472634636
AMERICAN PLAICE,1987,FALL,FALL,70.73709262680019,4.28,9.511000000000005,0.31895859472634636
AMERICAN PLAICE,1988,FALL,FALL,71.47312607202,4.28,9.511000000000005,0.31895859472634636
AMERICAN PLAICE,1989,FALL,FALL,64.69794319967204,4.28,9.511000000000005,0.31895859472634636
AMERICAN PLAICE,1990,FALL,FALL,62.21677600190174,4.28,9.511000000000005,0.31895859472634636
AMERICAN PLAICE,1991,FALL,FALL,51.97086636296604,4.28,9.511000000000005,0.31895859472634636
AMERICAN PLAICE,1992,FALL,FALL,72.11430408076782,4.28,9.511000000000005,0.31895859472634636
AMERICAN PLAICE,1993,FALL,FALL,59.796592232031706,4.28,9.511000000000005,0.31895859472634636
AMERICAN PLAICE,1994,FALL,FALL,61.401690763383044,4.28,9.511000000000005,0.31895859472634636
AMERICAN PLAICE,1995,FALL,FALL,65.187940844739515,4.28,9.511000000000005,0.31895859472634636
AMERICAN PLAICE,1996,FALL,FALL,86.01805911819483,4.28,9.511000000000005,0.31895859472634636
AMERICAN PLAICE,1997,FALL,FALL,71.13269614499437,4.28,9.511000000000005,0.31895859472634636
AMERICAN PLAICE,1998,FALL,FALL,74.6777678363841,4.28,9.511000000000005,0.31895859472634636
AMERICAN PLAICE,1999,FALL,FALL,51.19430155522095,4.28,9.511000000000005,0.31895859472634636
AMERICAN PLAICE,2000,FALL,FALL,66.39622369888109,4.28,9.511000000000005,0.31895859472634636
AMERICAN PLAICE,2001,FALL,FALL,64.9242228378605,4.28,9.511000000000005,0.31895859472634636
AMERICAN PLAICE,2002,FALL,FALL,59.708267428445815,4.28,9.511000000000005,0.31895859472634636
AMERICAN PLAICE,2003,FALL,FALL,64.58116132358985,4.28,9.511000000000005,0.31895859472634636
AMERICAN PLAICE,2004,FALL,FALL,75.1410781181313,4.28,9.511000000000005,0.31895859472634636
AMERICAN PLAICE,2005,FALL,FALL,68.31799652584849,4.28,9.511000000000005,0.31895859472634636
AMERICAN PLAICE,2006,FALL,FALL,62.565673250242085,4.28,9.511000000000005,0.31895859472634636
AMERICAN PLAICE,2007,FALL,FALL,82.14330069562578,4.28,9.511000000000005,0.31895859472634636
AMERICAN PLAICE,2008,FALL,FALL,67.46833714770992,4.28,9.511000000000005,0.31895859472634636
AMERICAN PLAICE,2009,FALL,FALL,57.97069539020248,4.28,9.511000000000005,0.31895859472634636
AMERICAN PLAICE,2010,FALL,FALL,61.31254761372741,4.28,9.511000000000005,0.31895859472634636
AMERICAN PLAICE,2011,FALL,FALL,61.87322913602312,4.28,9.511000000000005,0.31895859472634636
AMERICAN PLAICE,2012,FALL,FALL,45.08527676770559,4.28,9.511000000000005,0.31895859472634636
AMERICAN PLAICE,2013,FALL,FALL,36.860548264759004,4.28,9.511000000000005,0.31895859472634636
AMERICAN PLAICE,2014,FALL,FALL,35.21820247240219,4.28,9.511000000000005,0.31895859472634636
AMERICAN PLAICE,2015,FALL,FALL,54.63211631337194,4.28,9.511000000000005,0.31895859472634636
AMERICAN PLAICE,2016,FALL,FALL,33.306757183958965,4.28,9.511000000000005,0.31895859472634636
AMERICAN PLAICE,2017,FALL,FALL,48.233947456440404,4.28,9.511000000000005,0.31895859472634636
AMERICAN PLAICE,2018,FALL,FALL,49.61054640372927,4.28,9.511000000000005,0.31895859472634636
AMERICAN PLAICE,2019,FALL,FALL,23.189697272958124,4.28,9.511000000000005,0.31895859472634636
AMERICAN PLAICE,2020,FALL,FALL,42.53410050639307,4.28,9.511000000000005,0.31895859472634636
AMERICAN PLAICE,2022,FALL,FALL,46.021641768315526,4.28,9.511000000000005,0.31895859472634636
AMERICAN PLAICE,2023,FALL,FALL,66.76851892203163,4.28,9.511000000000005,0.31895859472634636
AMERICAN PLAICE,2024,FALL,FALL,75.03737565598902,4.28,9.511000000000005,0.31895859472634636
ATLANTIC COD,1959,FALL,FALL,77.48344790392856,3,11,0.1987218347701761
ATLANTIC COD,1960,FALL,FALL,79.00113734537297,3,11,0.1987218347701761
ATLANTIC COD,1961,FALL,FALL,83.47913971100263,3,11,0.1987218347701761
ATLANTIC COD,1962,FALL,FALL,81.49039384271218,3,11,0.1987218347701761
ATLANTIC COD,1963,FALL,FALL,79.62391572004016,3,11,0.1987218347701761
ATLANTIC COD,1964,FALL,FALL,81.55200747412024,3,11,0.1987218347701761
ATLANTIC COD,1965,FALL,FALL,91.24294056701675,3,11,0.1987218347701761
ATLANTIC COD,1966,FALL,FALL,87.44929110926483,3,11,0.1987218347701761
ATLANTIC COD,1967,FALL,FALL,86.90275743039385,3,11,0.1987218347701761
ATLANTIC COD,1968,FALL,FALL,86.61468995098652,3,11,0.1987218347701761
ATLANTIC COD,1969,FALL,FALL,75.68794760109651,3,11,0.1987218347701761
ATLANTIC COD,1970,FALL,FALL,78.65539487545318,3,11,0.1987218347701761
ATLANTIC COD,1971,FALL,FALL,75.97297980731679,3,11,0.1987218347701761
ATLANTIC COD,1972,FALL,FALL,78.57241202274776,3,11,0.1987218347701761
ATLANTIC COD,1973,FALL,FALL,78.29711701943825,3,11,0.1987218347701761
ATLANTIC COD,1974,FALL,FALL,72.21275859386654,3,11,0.1987218347701761
ATLANTIC COD,1975,FALL,FALL,71.28447117359742,3,11,0.1987218347701761
ATLANTIC COD,1976,FALL,FALL,78.56572399838707,3,11,0.1987218347701761
ATLANTIC COD,1977,FALL,FALL,75.37860103330155,3,11,0.1987218347701761
ATLANTIC COD,1978,FALL,FALL,75.11134126630921,3,11,0.1987218347701761
ATLANTIC COD,1979,FALL,FALL,80.87515655900198,3,11,0.1987218347701761
ATLANTIC COD,1980,FALL,FALL,83.41688302179266,3,11,0.1987218347701761
ATLANTIC COD,1981,FALL,FALL,82.09605890716138,3,11,0.1987218347701761
ATLANTIC COD,1982,FALL,FALL,74.52927064214283,3,11,0.1987218347701761
ATLANTIC COD,1983,FALL,FALL,77.84007740044218,3,11,0.1987218347701761
ATLANTIC COD,1984,FALL,FALL,77.36387850876433,3,11,0.1987218347701761
ATLANTIC COD,1985,FALL,FALL,69.58642569130383,3,11,0.1987218347701761
ATLANTIC COD,1986,FALL,FALL,72.95519371058529,3,11,0.1987218347701761
ATLANTIC COD,1987,FALL,FALL,81.87259313476639,3,11,0.1987218347701761
ATLANTIC COD,1988,FALL,FALL,81.11714569805663,3,11,0.1987218347701761
ATLANTIC COD,1989,FALL,FALL,77.28036574222172,3,11,0.1987218347701761
ATLANTIC COD,1990,FALL,FALL,78.5247639082752,3,11,0.1987218347701761
ATLANTIC COD,1991,FALL,FALL,69.45163456371671,3,11,0.1987218347701761
ATLANTIC COD,1992,FALL,FALL,80.76042199542141,3,11,0.1987218347701761
ATLANTIC COD,1993,FALL,FALL,76.85868268074469,3,11,0.1987218347701761
ATLANTIC COD,1994,FALL,FALL,72.5215817345171,3,11,0.1987218347701761
ATLANTIC COD,1995,FALL,FALL,73.78028999210045,3,11,0.1987218347701761
ATLANTIC COD,1996,FALL,FALL,89.79805927276543,3,11,0.1987218347701761
ATLANTIC COD,1997,FALL,FALL,78.44209493082973,3,11,0.1987218347701761
ATLANTIC COD,1998,FALL,FALL,88.81096213746771,3,11,0.1987218347701761
ATLANTIC COD,1999,FALL,FALL,66.5954243217596,3,11,0.1987218347701761
ATLANTIC COD,2000,FALL,FALL,78.4713826548446,3,11,0.1987218347701761
ATLANTIC COD,2001,FALL,FALL,68.1504225327944,3,11,0.1987218347701761
ATLANTIC COD,2002,FALL,FALL,72.77774109845649,3,11,0.1987218347701761
ATLANTIC COD,2003,FALL,FALL,76.95757118948418,3,11,0.1987218347701761
ATLANTIC COD,2004,FALL,FALL,83.36937346112784,3,11,0.1987218347701761
ATLANTIC COD,2005,FALL,FALL,77.78466724530936,3,11,0.1987218347701761
ATLANTIC COD,2006,FALL,FALL,70.10937664721337,3,11,0.1987218347701761
ATLANTIC COD,2007,FALL,FALL,87.67299864669795,3,11,0.1987218347701761
ATLANTIC COD,2008,FALL,FALL,77.07686809610841,3,11,0.1987218347701761
ATLANTIC COD,2009,FALL,FALL,67.2207614064634,3,11,0.1987218347701761
ATLANTIC COD,2010,FALL,FALL,74.13141538346851,3,11,0.1987218347701761
ATLANTIC COD,2011,FALL,FALL,70.83458156238336,3,11,0.1987218347701761
ATLANTIC COD,2012,FALL,FALL,63.817147429035394,3,11,0.1987218347701761
ATLANTIC COD,2013,FALL,FALL,67.84339568881833,3,11,0.1987218347701761
ATLANTIC COD,2014,FALL,FALL,65.0875179737825,3,11,0.1987218347701761
ATLANTIC COD,2015,FALL,FALL,62.38247438404566,3,11,0.1987218347701761
ATLANTIC COD,2016,FALL,FALL,64.94420984352651,3,11,0.1987218347701761
ATLANTIC COD,2017,FALL,FALL,62.889765198792205,3,11,0.1987218347701761
ATLANTIC COD,2018,FALL,FALL,72.85205558243956,3,11,0.1987218347701761
ATLANTIC COD,2019,FALL,FALL,73.37823766526515,3,11,0.1987218347701761
ATLANTIC COD,2020,FALL,FALL,65.26537863745627,3,11,0.1987218347701761
ATLANTIC COD,2022,FALL,FALL,65.05542150392897,3,11,0.1987218347701761
ATLANTIC COD,2023,FALL,FALL,79.33830336093301,3,11,0.1987218347701761
ATLANTIC COD,2024,FALL,FALL,75.5817002680692,3,11,0.1987218347701761
ATLANTIC HALIBUT,1959,WINTER,SPRING,46.553017189401146,5,16,0.6560401212676306
ATLANTIC HALIBUT,1960,WINTER,SPRING,63.35922301730152,5,16,0.6560401212676306
ATLANTIC HALIBUT,1961,WINTER,SPRING,49.72834315787184,5,16,0.6560401212676306
ATLANTIC HALIBUT,1962,WINTER,SPRING,59.451426806418496,5,16,0.6560401212676306
ATLANTIC HALIBUT,1963,WINTER,SPRING,71.54003304948614,5,16,0.6560401212676306
ATLANTIC HALIBUT,1964,WINTER,SPRING,61.29898991295325,5,16,0.6560401212676306
ATLANTIC HALIBUT,1965,WINTER,SPRING,43.99574968478687,5,16,0.6560401212676306
ATLANTIC HALIBUT,1966,WINTER,SPRING,40.280328008268995,5,16,0.6560401212676306
ATLANTIC HALIBUT,1967,WINTER,SPRING,51.61480083366135,5,16,0.6560401212676306
ATLANTIC HALIBUT,1968,WINTER,SPRING,40.80591166851266,5,16,0.6560401212676306
ATLANTIC HALIBUT,1969,WINTER,SPRING,46.46837068760836,5,16,0.6560401212676306
ATLANTIC HALIBUT,1970,WINTER,SPRING,60.78651961005149,5,16,0.6560401212676306
ATLANTIC HALIBUT,1971,WINTER,SPRING,47.842513429692374,5,16,0.6560401212676306
ATLANTIC HALIBUT,1972,WINTER,SPRING,56.49520407259578,5,16,0.6560401212676306
ATLANTIC HALIBUT,1973,WINTER,SPRING,52.77355569218308,5,16,0.6560401212676306
ATLANTIC HALIBUT,1974,WINTER,SPRING,72.82796097320711,5,16,0.6560401212676306
ATLANTIC HALIBUT,1975,WINTER,SPRING,85.10254647845376,5,16,0.6560401212676306
ATLANTIC HALIBUT,1976,WINTER,SPRING,86.21526657857098,5,16,0.6560401212676306
ATLANTIC HALIBUT,1977,WINTER,SPRING,59.086441382169305,5,16,0.6560401212676306
ATLANTIC HALIBUT,1978,WINTER,SPRING,70.0038583628139,5,16,0.6560401212676306
ATLANTIC HALIBUT,1979,WINTER,SPRING,62.53368479301935,5,16,0.6560401212676306
ATLANTIC HALIBUT,1980,WINTER,SPRING,69.6510167454313,5,16,0.6560401212676306
ATLANTIC HALIBUT,1981,WINTER,SPRING,56.9707636278275,5,16,0.6560401212676306
ATLANTIC HALIBUT,1982,WINTER,SPRING,71.62881724124907,5,16,0.6560401212676306
ATLANTIC HALIBUT,1983,WINTER,SPRING,75.67928427952285,5,16,0.6560401212676306
ATLANTIC HALIBUT,1984,WINTER,SPRING,81.24316646495063,5,16,0.6560401212676306
ATLANTIC HALIBUT,1985,WINTER,SPRING,86.16267085784315,5,16,0.6560401212676306
ATLANTIC HALIBUT,1986,WINTER,SPRING,79.39469682245524,5,16,0.6560401212676306
ATLANTIC HALIBUT,1987,WINTER,SPRING,69.23320405302805,5,16,0.6560401212676306
ATLANTIC HALIBUT,1988,WINTER,SPRING,72.69609930716692,5,16,0.6560401212676306
ATLANTIC HALIBUT,1989,WINTER,SPRING,59.93253531398739,5,16,0.6560401212676306
ATLANTIC HALIBUT,1990,WINTER,SPRING,67.8137384834877,5,16,0.6560401212676306
ATLANTIC HALIBUT,1991,WINTER,SPRING,89.58764815320633,5,16,0.6560401212676306
ATLANTIC HALIBUT,1992,WINTER,SPRING,70.43146086962787,5,16,0.6560401212676306
ATLANTIC HALIBUT,1993,WINTER,SPRING,68.77245329287611,5,16,0.6560401212676306
ATLANTIC HALIBUT,1994,WINTER,SPRING,79.46037432612543,5,16,0.6560401212676306
ATLANTIC HALIBUT,1995,WINTER,SPRING,85.27917452919422,5,16,0.6560401212676306
ATLANTIC HALIBUT,1996,WINTER,SPRING,80.40881781695236,5,16,0.6560401212676306
ATLANTIC HALIBUT,1997,WINTER,SPRING,85.3772083017595,5,16,0.6560401212676306
ATLANTIC HALIBUT,1998,WINTER,SPRING,73.64935569270406,5,16,0.6560401212676306
ATLANTIC HALIBUT,1999,WINTER,SPRING,84.04515705173323,5,16,0.6560401212676306
ATLANTIC HALIBUT,2000,WINTER,SPRING,90.24619889135069,5,16,0.6560401212676306
ATLANTIC HALIBUT,2001,WINTER,SPRING,85.69490712452911,5,16,0.6560401212676306
ATLANTIC HALIBUT,2002,WINTER,SPRING,94.4817322752004,5,16,0.6560401212676306
ATLANTIC HALIBUT,2003,WINTER,SPRING,72.10576607062534,5,16,0.6560401212676306
ATLANTIC HALIBUT,2004,WINTER,SPRING,61.59454608423387,5,16,0.6560401212676306
ATLANTIC HALIBUT,2005,WINTER,SPRING,62.415550178299775,5,16,0.6560401212676306
ATLANTIC HALIBUT,2006,WINTER,SPRING,87.03794583304695,5,16,0.6560401212676306
ATLANTIC HALIBUT,2007,WINTER,SPRING,75.2563395505841,5,16,0.6560401212676306
ATLANTIC HALIBUT,2008,WINTER,SPRING,82.1798696679415,5,16,0.6560401212676306
ATLANTIC HALIBUT,2009,WINTER,SPRING,73.26859721645044,5,16,0.6560401212676306
ATLANTIC HALIBUT,2010,WINTER,SPRING,86.80294586160564,5,16,0.6560401212676306
ATLANTIC HALIBUT,2011,WINTER,SPRING,87.49740025864895,5,16,0.6560401212676306
ATLANTIC HALIBUT,2012,WINTER,SPRING,97.59776557026582,5,16,0.6560401212676306
ATLANTIC HALIBUT,2013,WINTER,SPRING,94.83235591775151,5,16,0.6560401212676306
ATLANTIC HALIBUT,2014,WINTER,SPRING,88.81452363358065,5,16,0.6560401212676306
ATLANTIC HALIBUT,2015,WINTER,SPRING,89.70429869707527,5,16,0.6560401212676306
ATLANTIC HALIBUT,2016,WINTER,SPRING,97.27702395203134,5,16,0.6560401212676306
ATLANTIC HALIBUT,2017,WINTER,SPRING,92.01337299264367,5,16,0.6560401212676306
ATLANTIC HALIBUT,2018,WINTER,SPRING,94.33551335836529,5,16,0.6560401212676306
ATLANTIC HALIBUT,2019,WINTER,SPRING,84.6706699229364,5,16,0.6560401212676306
ATLANTIC HALIBUT,2020,WINTER,SPRING,98.12079986075052,5,16,0.6560401212676306
ATLANTIC HALIBUT,2021,WINTER,SPRING,99.55606604659192,5,16,0.6560401212676306
ATLANTIC HALIBUT,2022,WINTER,SPRING,97.83189997797703,5,16,0.6560401212676306
ATLANTIC HALIBUT,2023,WINTER,SPRING,96.69183744496321,5,16,0.6560401212676306
ATLANTIC HALIBUT,2024,WINTER,SPRING,73.80089242277445,5,16,0.6560401212676306
ATLANTIC HERRING,1959,FALL,FALL,99.9654642984718,2,16,0.04936257001725066
ATLANTIC HERRING,1960,FALL,FALL,99.96397249259552,2,16,0.04936257001725066
ATLANTIC HERRING,1961,FALL,FALL,99.96779692839036,2,16,0.04936257001725066
ATLANTIC HERRING,1962,FALL,FALL,99.79645826434714,2,16,0.04936257001725066
ATLANTIC HERRING,1963,FALL,FALL,99.67380392677966,2,16,0.04936257001725066
ATLANTIC HERRING,1964,FALL,FALL,99.98955898826901,2,16,0.04936257001725066
ATLANTIC HERRING,1965,FALL,FALL,100,2,16,0.04936257001725066
ATLANTIC HERRING,1966,FALL,FALL,100,2,16,0.04936257001725066
ATLANTIC HERRING,1967,FALL,FALL,100,2,16,0.04936257001725066
ATLANTIC HERRING,1968,FALL,FALL,99.9957125202376,2,16,0.04936257001725066
ATLANTIC HERRING,1969,FALL,FALL,99.87864785142308,2,16,0.04936257001725066
ATLANTIC HERRING,1970,FALL,FALL,99.93882867771008,2,16,0.04936257001725066
ATLANTIC HERRING,1971,FALL,FALL,99.73598049025767,2,16,0.04936257001725066
ATLANTIC HERRING,1972,FALL,FALL,99.94878765291281,2,16,0.04936257001725066
ATLANTIC HERRING,1973,FALL,FALL,99.90591368055819,2,16,0.04936257001725066
ATLANTIC HERRING,1974,FALL,FALL,99.8760930014113,2,16,0.04936257001725066
ATLANTIC HERRING,1975,FALL,FALL,95.17762539412688,2,16,0.04936257001725066
ATLANTIC HERRING,1976,FALL,FALL,99.95083488962257,2,16,0.04936257001725066
ATLANTIC HERRING,1977,FALL,FALL,97.82270170415966,2,16,0.04936257001725066
ATLANTIC HERRING,1978,FALL,FALL,99.008004919356,2,16,0.04936257001725066
ATLANTIC HERRING,1979,FALL,FALL,99.99149112415618,2,16,0.04936257001725066
ATLANTIC HERRING,1980,FALL,FALL,99.99385394539257,2,16,0.04936257001725066
ATLANTIC HERRING,1981,FALL,FALL,100,2,16,0.04936257001725066
ATLANTIC HERRING,1982,FALL,FALL,99.93391107999231,2,16,0.04936257001725066
ATLANTIC HERRING,1983,FALL,FALL,99.94868783757855,2,16,0.04936257001725066
ATLANTIC HERRING,1984,FALL,FALL,99.99527284675344,2,16,0.04936257001725066
ATLANTIC HERRING,1985,FALL,FALL,97.07562618350794,2,16,0.04936257001725066
ATLANTIC HERRING,1986,FALL,FALL,98.79856247056186,2,16,0.04936257001725066
ATLANTIC HERRING,1987,FALL,FALL,99.96180111898654,2,16,0.04936257001725066
ATLANTIC HERRING,1988,FALL,FALL,99.99696142259093,2,16,0.04936257001725066
ATLANTIC HERRING,1989,FALL,FALL,99.92302067844766,2,16,0.04936257001725066
ATLANTIC HERRING,1990,FALL,FALL,99.662575174369465,2,16,0.04936257001725066
ATLANTIC HERRING,1991,FALL,FALL,98.66738887866516,2,16,0.04936257001725066
ATLANTIC HERRING,1992,FALL,FALL,99.99437685029193,2,16,0.04936257001725066
ATLANTIC HERRING,1993,FALL,FALL,99.80259669837022,2,16,0.04936257001725066
ATLANTIC HERRING,1994,FALL,FALL,99.6805141262373,2,16,0.04936257001725066
ATLANTIC HERRING,1995,FALL,FALL,98.08563080085749,2,16,0.04936257001725066
ATLANTIC HERRING,1996,FALL,FALL,99.91387681054408,2,16,0.04936257001725066
ATLANTIC HERRING,1997,FALL,FALL,99.62682305549527,2,16,0.04936257001725066
ATLANTIC HERRING,1998,FALL,FALL,99.67076594775195,2,16,0.04936257001725066
ATLANTIC HERRING,1999,FALL,FALL,98.33938977395478,2,16,0.04936257001725066
ATLANTIC HERRING,2000,FALL,FALL,99.64871842605054,2,16,0.04936257001725066
ATLANTIC HERRING,2001,FALL,FALL,99.11420347690616,2,16,0.04936257001725066
ATLANTIC HERRING,2002,FALL,FALL,98.67338052572524,2,16,0.04936257001725066
ATLANTIC HERRING,2003,FALL,FALL,99.62482600365145,2,16,0.04936257001725066
ATLANTIC HERRING,2004,FALL,FALL,99.83938943178676,2,16,0.04936257001725066
ATLANTIC HERRING,2005,FALL,FALL,99.48388788613677,2,16,0.04936257001725066
ATLANTIC HERRING,2006,FALL,FALL,99.36206027170677,2,16,0.04936257001725066
ATLANTIC HERRING,2007,FALL,FALL,99.35705395644312,2,16,0.04936257001725066
ATLANTIC HERRING,2008,FALL,FALL,99.51720563503345,2,16,0.04936257001725066
ATLANTIC HERRING,2009,FALL,FALL,96.44171128210061,2,16,0.04936257001725066
ATLANTIC HERRING,2010,FALL,FALL,99.17904344807428,2,16,0.04936257001725066
ATLANTIC HERRING,2011,FALL,FALL,98.09982801017303,2,16,0.04936257001725066
ATLANTIC HERRING,2012,FALL,FALL,95.55524425891225,2,16,0.04936257001725066
ATLANTIC HERRING,2013,FALL,FALL,95.68695640927224,2,16,0.04936257001725066
ATLANTIC HERRING,2014,FALL,FALL,91.61258176479572,2,16,0.04936257001725066
ATLANTIC HERRING,2015,FALL,FALL,95.57848333846596,2,16,0.04936257001725066
ATLANTIC HERRING,2016,FALL,FALL,93.76875250002922,2,16,0.04936257001725066
ATLANTIC HERRING,2017,FALL,FALL,97.05604114287293,2,16,0.04936257001725066
ATLANTIC HERRING,2018,FALL,FALL,97.9569519565998,2,16,0.04936257001725066
ATLANTIC HERRING,2019,FALL,FALL,95.85001528034795,2,16,0.04936257001725066
ATLANTIC HERRING,2020,FALL,FALL,99.32499861182885,2,16,0.04936257001725066
ATLANTIC HERRING,2022,FALL,FALL,96.67638566470163,2,16,0.04936257001725066
ATLANTIC HERRING,2023,FALL,FALL,99.1376415485229,2,16,0.04936257001725066
ATLANTIC HERRING,2024,FALL,FALL,97.97034982353867,2,16,0.04936257001725066
BARNDOOR SKATE,1959,SPRING,SPRING,77.34455405440315,5.806000000000001,13.69,0.22110492255423772
BARNDOOR SKATE,1960,SPRING,SPRING,64.42565612625683,5.806000000000001,13.69,0.22110492255423772
BARNDOOR SKATE,1961,SPRING,SPRING,63.546340672451464,5.806000000000001,13.69,0.22110492255423772
BARNDOOR SKATE,1962,SPRING,SPRING,76.70799720530842,5.806000000000001,13.69,0.22110492255423772
BARNDOOR SKATE,1963,SPRING,SPRING,74.10391605751977,5.806000000000001,13.69,0.22110492255423772
BARNDOOR SKATE,1964,SPRING,SPRING,68.3730589407426,5.806000000000001,13.69,0.22110492255423772
BARNDOOR SKATE,1965,SPRING,SPRING,62.72599137045805,5.806000000000001,13.69,0.22110492255423772
BARNDOOR SKATE,1966,SPRING,SPRING,68.36645939350963,5.806000000000001,13.69,0.22110492255423772
BARNDOOR SKATE,1967,SPRING,SPRING,69.79574808490231,5.806000000000001,13.69,0.22110492255423772
BARNDOOR SKATE,1968,SPRING,SPRING,64.51434872910852,5.806000000000001,13.69,0.22110492255423772
BARNDOOR SKATE,1969,SPRING,SPRING,73.11753181117673,5.806000000000001,13.69,0.22110492255423772
BARNDOOR SKATE,1970,SPRING,SPRING,77.36432660760606,5.806000000000001,13.69,0.22110492255423772
BARNDOOR SKATE,1971,SPRING,SPRING,70.70027180480983,5.806000000000001,13.69,0.22110492255423772
BARNDOOR SKATE,1972,SPRING,SPRING,82.32302605470403,5.806000000000001,13.69,0.22110492255423772
BARNDOOR SKATE,1973,SPRING,SPRING,83.59809387258906,5.806000000000001,13.69,0.22110492255423772
BARNDOOR SKATE,1974,SPRING,SPRING,90.36263275880681,5.806000000000001,13.69,0.22110492255423772
BARNDOOR SKATE,1975,SPRING,SPRING,88.98421184281948,5.806000000000001,13.69,0.22110492255423772
BARNDOOR SKATE,1976,SPRING,SPRING,90.78611954645397,5.806000000000001,13.69,0.22110492255423772
BARNDOOR SKATE,1977,SPRING,SPRING,86.63853979721273,5.806000000000001,13.69,0.22110492255423772
BARNDOOR SKATE,1978,SPRING,SPRING,73.28553755814605,5.806000000000001,13.69,0.22110492255423772
BARNDOOR SKATE,1979,SPRING,SPRING,67.87371385107166,5.806000000000001,13.69,0.22110492255423772
BARNDOOR SKATE,1980,SPRING,SPRING,79.94925848570043,5.806000000000001,13.69,0.22110492255423772
BARNDOOR SKATE,1981,SPRING,SPRING,70.81741856428006,5.806000000000001,13.69,0.22110492255423772
BARNDOOR SKATE,1982,SPRING,SPRING,73.49121288414386,5.806000000000001,13.69,0.22110492255423772
BARNDOOR SKATE,1983,SPRING,SPRING,86.86747073678106,5.806000000000001,13.69,0.22110492255423772
BARNDOOR SKATE,1984,SPRING,SPRING,81.00905232710969,5.806000000000001,13.69,0.22110492255423772
BARNDOOR SKATE,1985,SPRING,SPRING,91.21745586080071,5.806000000000001,13.69,0.22110492255423772
BARNDOOR SKATE,1986,SPRING,SPRING,91.72734158535239,5.806000000000001,13.69,0.22110492255423772
BARNDOOR SKATE,1987,SPRING,SPRING,81.85475368423293,5.806000000000001,13.69,0.22110492255423772
BARNDOOR SKATE,1988,SPRING,SPRING,84.82968997931056,5.806000000000001,13.69,0.22110492255423772
BARNDOOR SKATE,1989,SPRING,SPRING,89.28391517134366,5.806000000000001,13.69,0.22110492255423772
BARNDOOR SKATE,1990,SPRING,SPRING,93.52954903894424,5.806000000000001,13.69,0.22110492255423772
BARNDOOR SKATE,1991,SPRING,SPRING,94.04389115554001,5.806000000000001,13.69,0.22110492255423772
BARNDOOR SKATE,1992,SPRING,SPRING,80.37206860945236,5.806000000000001,13.69,0.22110492255423772
BARNDOOR SKATE,1993,SPRING,SPRING,66.295321988173,5.806000000000001,13.69,0.22110492255423772
BARNDOOR SKATE,1994,SPRING,SPRING,81.29279342390228,5.806000000000001,13.69,0.22110492255423772
BARNDOOR SKATE,1995,SPRING,SPRING,83.67051465864918,5.806000000000001,13.69,0.22110492255423772
BARNDOOR SKATE,1996,SPRING,SPRING,68.07839999060769,5.806000000000001,13.69,0.22110492255423772
BARNDOOR SKATE,1997,SPRING,SPRING,84.21491264697714,5.806000000000001,13.69,0.22110492255423772
BARNDOOR SKATE,1998,SPRING,SPRING,55.86898151248493,5.806000000000001,13.69,0.22110492255423772
BARNDOOR SKATE,1999,SPRING,SPRING,89.97187730073004,5.806000000000001,13.69,0.22110492255423772
BARNDOOR SKATE,2000,SPRING,SPRING,98.69996416413414,5.806000000000001,13.69,0.22110492255423772
BARNDOOR SKATE,2001,SPRING,SPRING,81.60634793861456,5.806000000000001,13.69,0.22110492255423772
BARNDOOR SKATE,2002,SPRING,SPRING,98.0373231336455,5.806000000000001,13.69,0.22110492255423772
BARNDOOR SKATE,2003,SPRING,SPRING,65.32970245197066,5.806000000000001,13.69,0.22110492255423772
BARNDOOR SKATE,2004,SPRING,SPRING,56.498892124663534,5.806000000000001,13.69,0.22110492255423772
BARNDOOR SKATE,2005,SPRING,SPRING,55.72771972374213,5.806000000000001,13.69,0.22110492255423772
BARNDOOR SKATE,2006,SPRING,SPRING,80.78330435443641,5.806000000000001,13.69,0.22110492255423772
BARNDOOR SKATE,2007,SPRING,SPRING,58.765050135889965,5.806000000000001,13.69,0.22110492255423772
BARNDOOR SKATE,2008,SPRING,SPRING,79.21487863185985,5.806000000000001,13.69,0.22110492255423772
BARNDOOR SKATE,2009,SPRING,SPRING,80.6212103930655,5.806000000000001,13.69,0.22110492255423772
BARNDOOR SKATE,2010,SPRING,SPRING,94.21199979435086,5.806000000000001,13.69,0.22110492255423772
BARNDOOR SKATE,2011,SPRING,SPRING,80.37422795922107,5.806000000000001,13.69,0.22110492255423772
BARNDOOR SKATE,2012,SPRING,SPRING,94.51651314281196,5.806000000000001,13.69,0.22110492255423772
BARNDOOR SKATE,2013,SPRING,SPRING,97.29655762264325,5.806000000000001,13.69,0.22110492255423772
BARNDOOR SKATE,2014,SPRING,SPRING,82.34256980818888,5.806000000000001,13.69,0.22110492255423772
BARNDOOR SKATE,2015,SPRING,SPRING,94.72325045133226,5.806000000000001,13.69,0.22110492255423772
BARNDOOR SKATE,2016,SPRING,SPRING,97.27493664605872,5.806000000000001,13.69,0.22110492255423772
BARNDOOR SKATE,2017,SPRING,SPRING,82.39330710364082,5.806000000000001,13.69,0.22110492255423772
BARNDOOR SKATE,2018,SPRING,SPRING,88.96099707416076,5.806000000000001,13.69,0.22110492255423772
BARNDOOR SKATE,2019,SPRING,SPRING,72.68141371150519,5.806000000000001,13.69,0.22110492255423772
BARNDOOR SKATE,2020,SPRING,SPRING,95.33158517731974,5.806000000000001,13.69,0.22110492255423772
BARNDOOR SKATE,2022,SPRING,SPRING,96.37643476630433,5.806000000000001,13.69,0.22110492255423772
BARNDOOR SKATE,2023,SPRING,SPRING,94.28820635516661,5.806000000000001,13.69,0.22110492255423772
BARNDOOR SKATE,2024,SPRING,SPRING,75.84535866041314,5.806000000000001,13.69,0.22110492255423772
CLEARNOSE SKATE,1959,WINTER,SPRING,69.24743436114977,7.3,22.602000000000004,0.2947835470034216
CLEARNOSE SKATE,1960,WINTER,SPRING,74.15990018948087,7.3,22.602000000000004,0.2947835470034216
CLEARNOSE SKATE,1961,WINTER,SPRING,64.11080677784955,7.3,22.602000000000004,0.2947835470034216
CLEARNOSE SKATE,1962,WINTER,SPRING,66.13632623059148,7.3,22.602000000000004,0.2947835470034216
CLEARNOSE SKATE,1963,WINTER,SPRING,67.98339910017415,7.3,22.602000000000004,0.2947835470034216
CLEARNOSE SKATE,1964,WINTER,SPRING,75.54633914120444,7.3,22.602000000000004,0.2947835470034216
CLEARNOSE SKATE,1965,WINTER,SPRING,71.69746331830873,7.3,22.602000000000004,0.2947835470034216
CLEARNOSE SKATE,1966,WINTER,SPRING,50.72928527637277,7.3,22.602000000000004,0.2947835470034216
CLEARNOSE SKATE,1967,WINTER,SPRING,70.94496041547498,7.3,22.602000000000004,0.2947835470034216
CLEARNOSE SKATE,1968,WINTER,SPRING,53.94413158436689,7.3,22.602000000000004,0.2947835470034216
CLEARNOSE SKATE,1969,WINTER,SPRING,37.081857073637984,7.3,22.602000000000004,0.2947835470034216
CLEARNOSE SKATE,1970,WINTER,SPRING,66.89017467133843,7.3,22.602000000000004,0.2947835470034216
CLEARNOSE SKATE,1971,WINTER,SPRING,72.47011821299037,7.3,22.602000000000004,0.2947835470034216
CLEARNOSE SKATE,1972,WINTER,SPRING,82.00286218608274,7.3,22.602000000000004,0.2947835470034216
CLEARNOSE SKATE,1973,WINTER,SPRING,69.3932892745052,7.3,22.602000000000004,0.2947835470034216
CLEARNOSE SKATE,1974,WINTER,SPRING,96.36832093340823,7.3,22.602000000000004,0.2947835470034216
CLEARNOSE SKATE,1975,WINTER,SPRING,87.95050737179572,7.3,22.602000000000004,0.2947835470034216
CLEARNOSE SKATE,1976,WINTER,SPRING,88.09951026181379,7.3,22.602000000000004,0.2947835470034216
CLEARNOSE SKATE,1977,WINTER,SPRING,62.58844660387661,7.3,22.602000000000004,0.2947835470034216
CLEARNOSE SKATE,1978,WINTER,SPRING,71.23391965991968,7.3,22.602000000000004,0.2947835470034216
CLEARNOSE SKATE,1979,WINTER,SPRING,72.40810243226227,7.3,22.602000000000004,0.2947835470034216
CLEARNOSE SKATE,1980,WINTER,SPRING,70.7684924103654,7.3,22.602000000000004,0.2947835470034216
CLEARNOSE SKATE,1981,WINTER,SPRING,57.9842968137837,7.3,22.602000000000004,0.2947835470034216
CLEARNOSE SKATE,1982,WINTER,SPRING,67.2888190541423,7.3,22.602000000000004,0.2947835470034216
CLEARNOSE SKATE,1983,WINTER,SPRING,82.42466678502647,7.3,22.602000000000004,0.2947835470034216
CLEARNOSE SKATE,1984,WINTER,SPRING,73.92546643526357,7.3,22.602000000000004,0.2947835470034216
CLEARNOSE SKATE,1985,WINTER,SPRING,71.56229944503005,7.3,22.602000000000004,0.2947835470034216
CLEARNOSE SKATE,1986,WINTER,SPRING,74.77887821005945,7.3,22.602000000000004,0.2947835470034216
CLEARNOSE SKATE,1987,WINTER,SPRING,68.26150630628848,7.3,22.602000000000004,0.2947835470034216
CLEARNOSE SKATE,1988,WINTER,SPRING,68.25025308733476,7.3,22.602000000000004,0.2947835470034216
CLEARNOSE SKATE,1989,WINTER,SPRING,68.08076899407297,7.3,22.602000000000004,0.2947835470034216
CLEARNOSE SKATE,1990,WINTER,SPRING,88.57322471379618,7.3,22.602000000000004,0.2947835470034216
CLEARNOSE SKATE,1991,WINTER,SPRING,85.24244775053253,7.3,22.602000000000004,0.2947835470034216
CLEARNOSE SKATE,1992,WINTER,SPRING,87.24892179382768,7.3,22.602000000000004,0.2947835470034216
CLEARNOSE SKATE,1993,WINTER,SPRING,57.06377762603702,7.3,22.602000000000004,0.2947835470034216
CLEARNOSE SKATE,1994,WINTER,SPRING,59.11525597432761,7.3,22.602000000000004,0.2947835470034216
CLEARNOSE SKATE,1995,WINTER,SPRING,82.88043729284811,7.3,22.602000000000004,0.2947835470034216
CLEARNOSE SKATE,1996,WINTER,SPRING,39.79093942496612,7.3,22.602000000000004,0.2947835470034216
CLEARNOSE SKATE,1997,WINTER,SPRING,91.57640402652291,7.3,22.602000000000004,0.2947835470034216
CLEARNOSE SKATE,1998,WINTER,SPRING,79.34539965002631,7.3,22.602000000000004,0.2947835470034216
CLEARNOSE SKATE,1999,WINTER,SPRING,76.57058810102512,7.3,22.602000000000004,0.2947835470034216
CLEARNOSE SKATE,2000,WINTER,SPRING,83.47433696418445,7.3,22.602000000000004,0.2947835470034216
CLEARNOSE SKATE,2001,WINTER,SPRING,73.79868834557858,7.3,22.602000000000004,0.2947835470034216
CLEARNOSE SKATE,2002,WINTER,SPRING,99.910234728159935,7.3,22.602000000000004,0.2947835470034216
CLEARNOSE SKATE,2003,WINTER,SPRING,68.18632710227132,7.3,22.602000000000004,0.2947835470034216
CLEARNOSE SKATE,2004,WINTER,SPRING,52.74895574694888,7.3,22.602000000000004,0.2947835470034216
CLEARNOSE SKATE,2005,WINTER,SPRING,44.478394276691255,7.3,22.602000000000004,0.2947835470034216
CLEARNOSE SKATE,2006,WINTER,SPRING,94.37088715323641,7.3,22.602000000000004,0.2947835470034216
CLEARNOSE SKATE,2007,WINTER,SPRING,88.56654834762223,7.3,22.602000000000004,0.2947835470034216
CLEARNOSE SKATE,2008,WINTER,SPRING,99.3257586836772,7.3,22.602000000000004,0.2947835470034216
CLEARNOSE SKATE,2009,WINTER,SPRING,66.55902876479706,7.3,22.602000000000004,0.2947835470034216
CLEARNOSE SKATE,2010,WINTER,SPRING,45.77573381184837,7.3,22.602000000000004,0.2947835470034216
CLEARNOSE SKATE,2011,WINTER,SPRING,62.89532264107539,7.3,22.602000000000004,0.2947835470034216
CLEARNOSE SKATE,2012,WINTER,SPRING,99.84636611777917,7.3,22.602000000000004,0.2947835470034216
CLEARNOSE SKATE,2013,WINTER,SPRING,77.9733907899863,7.3,22.602000000000004,0.2947835470034216
CLEARNOSE SKATE,2014,WINTER,SPRING,86.6044577768841,7.3,22.602000000000004,0.2947835470034216
CLEARNOSE SKATE,2015,WINTER,SPRING,65.9006506379917,7.3,22.602000000000004,0.2947835470034216
CLEARNOSE SKATE,2016,WINTER,SPRING,93.69798502970353,7.3,22.602000000000004,0.2947835470034216
CLEARNOSE SKATE,2017,WINTER,SPRING,97.13569451208186,7.3,22.602000000000004,0.2947835470034216
CLEARNOSE SKATE,2018,WINTER,SPRING,73.09657059513306,7.3,22.602000000000004,0.2947835470034216
CLEARNOSE SKATE,2019,WINTER,SPRING,65.98919951564748,7.3,22.602000000000004,0.2947835470034216
CLEARNOSE SKATE,2020,WINTER,SPRING,99.25218305539045,7.3,22.602000000000004,0.2947835470034216
CLEARNOSE SKATE,2021,WINTER,SPRING,99.91035096549727,7.3,22.602000000000004,0.2947835470034216
CLEARNOSE SKATE,2022,WINTER,SPRING,89.58174976717697,7.3,22.602000000000004,0.2947835470034216
CLEARNOSE SKATE,2023,WINTER,SPRING,95.76144826998288,7.3,22.602000000000004,0.2947835470034216
CLEARNOSE SKATE,2024,WINTER,SPRING,93.55559755460648,7.3,22.602000000000004,0.2947835470034216
"CRAB,RED DEEPSEA",1959,SUMMER,FALL,46.5496688809727,5.507,10.213000000000001,0.9133365028131981
"CRAB,RED DEEPSEA",1960,SUMMER,FALL,30.562958940224465,5.507,10.213000000000001,0.9133365028131981
"CRAB,RED DEEPSEA",1961,SUMMER,FALL,32.968498610710355,5.507,10.213000000000001,0.9133365028131981
"CRAB,RED DEEPSEA",1962,SUMMER,FALL,24.227056016238954,5.507,10.213000000000001,0.9133365028131981
"CRAB,RED DEEPSEA",1963,SUMMER,FALL,62.45554933491532,5.507,10.213000000000001,0.9133365028131981
"CRAB,RED DEEPSEA",1964,SUMMER,FALL,89.16629258139281,5.507,10.213000000000001,0.9133365028131981
"CRAB,RED DEEPSEA",1965,SUMMER,FALL,64.54952343589856,5.507,10.213000000000001,0.9133365028131981
"CRAB,RED DEEPSEA",1966,SUMMER,FALL,58.419782035557844,5.507,10.213000000000001,0.9133365028131981
"CRAB,RED DEEPSEA",1967,SUMMER,FALL,44.77448965309094,5.507,10.213000000000001,0.9133365028131981
"CRAB,RED DEEPSEA",1968,SUMMER,FALL,25.274457287650833,5.507,10.213000000000001,0.9133365028131981
"CRAB,RED DEEPSEA",1969,SUMMER,FALL,15.607930579435983,5.507,10.213000000000001,0.9133365028131981
"CRAB,RED DEEPSEA",1970,SUMMER,FALL,54.8023428037921,5.507,10.213000000000001,0.9133365028131981
"CRAB,RED DEEPSEA",1971,SUMMER,FALL,55.802593415018166,5.507,10.213000000000001,0.9133365028131981
"CRAB,RED DEEPSEA",1972,SUMMER,FALL,59.14994507724626,5.507,10.213000000000001,0.9133365028131981
"CRAB,RED DEEPSEA",1973,SUMMER,FALL,55.26902383625182,5.507,10.213000000000001,0.9133365028131981
"CRAB,RED DEEPSEA",1974,SUMMER,FALL,80.1297930028018,5.507,10.213000000000001,0.9133365028131981
"CRAB,RED DEEPSEA",1975,SUMMER,FALL,86.82848358107506,5.507,10.213000000000001,0.9133365028131981
"CRAB,RED DEEPSEA",1976,SUMMER,FALL,98.48520102355202,5.507,10.213000000000001,0.9133365028131981
"CRAB,RED DEEPSEA",1977,SUMMER,FALL,73.31187168380762,5.507,10.213000000000001,0.9133365028131981
"CRAB,RED DEEPSEA",1978,SUMMER,FALL,55.92955797345196,5.507,10.213000000000001,0.9133365028131981
"CRAB,RED DEEPSEA",1979,SUMMER,FALL,50.70413063524457,5.507,10.213000000000001,0.9133365028131981
"CRAB,RED DEEPSEA",1980,SUMMER,FALL,48.78327104133013,5.507,10.213000000000001,0.9133365028131981
"CRAB,RED DEEPSEA",1981,SUMMER,FALL,52.10871683278191,5.507,10.213000000000001,0.9133365028131981
"CRAB,RED DEEPSEA",1982,SUMMER,FALL,48.24697663169306,5.507,10.213000000000001,0.9133365028131981
"CRAB,RED DEEPSEA",1983,SUMMER,FALL,66.78535277427424,5.507,10.213000000000001,0.9133365028131981
"CRAB,RED DEEPSEA",1984,SUMMER,FALL,88.88787469752762,5.507,10.213000000000001,0.9133365028131981
"CRAB,RED DEEPSEA",1985,SUMMER,FALL,76.50957309576836,5.507,10.213000000000001,0.9133365028131981
"CRAB,RED DEEPSEA",1986,SUMMER,FALL,87.93117499018305,5.507,10.213000000000001,0.9133365028131981
"CRAB,RED DEEPSEA",1987,SUMMER,FALL,70.82982572509059,5.507,10.213000000000001,0.9133365028131981
"CRAB,RED DEEPSEA",1988,SUMMER,FALL,91.43228732322018,5.507,10.213000000000001,0.9133365028131981
"CRAB,RED DEEPSEA",1989,SUMMER,FALL,65.84980738477255,5.507,10.213000000000001,0.9133365028131981
"CRAB,RED DEEPSEA",1990,SUMMER,FALL,80.06139643051593,5.507,10.213000000000001,0.9133365028131981
"CRAB,RED DEEPSEA",1991,SUMMER,FALL,93.59106391384383,5.507,10.213000000000001,0.9133365028131981
"CRAB,RED DEEPSEA",1992,SUMMER,FALL,30.40731770693802,5.507,10.213000000000001,0.9133365028131981
"CRAB,RED DEEPSEA",1993,SUMMER,FALL,72.5101820875777,5.507,10.213000000000001,0.9133365028131981
"CRAB,RED DEEPSEA",1994,SUMMER,FALL,97.06273523531168,5.507,10.213000000000001,0.9133365028131981
"CRAB,RED DEEPSEA",1995,SUMMER,FALL,96.71031638232543,5.507,10.213000000000001,0.9133365028131981
"CRAB,RED DEEPSEA",1996,SUMMER,FALL,98.65264894658273,5.507,10.213000000000001,0.9133365028131981
"CRAB,RED DEEPSEA",1997,SUMMER,FALL,98.4597790554572,5.507,10.213000000000001,0.9133365028131981
"CRAB,RED DEEPSEA",1998,SUMMER,FALL,98.58667294578366,5.507,10.213000000000001,0.9133365028131981
"CRAB,RED DEEPSEA",1999,SUMMER,FALL,91.3641203012921,5.507,10.213000000000001,0.9133365028131981
"CRAB,RED DEEPSEA",2000,SUMMER,FALL,99.46109455859471,5.507,10.213000000000001,0.9133365028131981
"CRAB,RED DEEPSEA",2001,SUMMER,FALL,94.76895383504387,5.507,10.213000000000001,0.9133365028131981
"CRAB,RED DEEPSEA",2002,SUMMER,FALL,99.06898572083004,5.507,10.213000000000001,0.9133365028131981
"CRAB,RED DEEPSEA",2003,SUMMER,FALL,71.39754121409531,5.507,10.213000000000001,0.9133365028131981
"CRAB,RED DEEPSEA",2004,SUMMER,FALL,51.61596379456164,5.507,10.213000000000001,0.9133365028131981
"CRAB,RED DEEPSEA",2005,SUMMER,FALL,86.08019132625377,5.507,10.213000000000001,0.9133365028131981
"CRAB,RED DEEPSEA",2006,SUMMER,FALL,99.0289284879779,5.507,10.213000000000001,0.9133365028131981
"CRAB,RED DEEPSEA",2007,SUMMER,FALL,92.01984074556452,5.507,10.213000000000001,0.9133365028131981
"CRAB,RED DEEPSEA",2008,SUMMER,FALL,95.27310405716462,5.507,10.213000000000001,0.9133365028131981
"CRAB,RED DEEPSEA",2009,SUMMER,FALL,70.9969717154327,5.507,10.213000000000001,0.9133365028131981
"CRAB,RED DEEPSEA",2010,SUMMER,FALL,99.19552080746783,5.507,10.213000000000001,0.9133365028131981
"CRAB,RED DEEPSEA",2011,SUMMER,FALL,99.23431175556267,5.507,10.213000000000001,0.9133365028131981
"CRAB,RED DEEPSEA",2012,SUMMER,FALL,98.75884853609355,5.507,10.213000000000001,0.9133365028131981
"CRAB,RED DEEPSEA",2013,SUMMER,FALL,96.87650277092058,5.507,10.213000000000001,0.9133365028131981
"CRAB,RED DEEPSEA",2014,SUMMER,FALL,97.66670374653621,5.507,10.213000000000001,0.9133365028131981
"CRAB,RED DEEPSEA",2015,SUMMER,FALL,95.3374791129162,5.507,10.213000000000001,0.9133365028131981
"CRAB,RED DEEPSEA",2016,SUMMER,FALL,97.69801522711357,5.507,10.213000000000001,0.9133365028131981
"CRAB,RED DEEPSEA",2017,SUMMER,FALL,98.73028663936564,5.507,10.213000000000001,0.9133365028131981
"CRAB,RED DEEPSEA",2018,SUMMER,FALL,98.89220181224655,5.507,10.213000000000001,0.9133365028131981
"CRAB,RED DEEPSEA",2019,SUMMER,FALL,94.30424452572791,5.507,10.213000000000001,0.9133365028131981
"CRAB,RED DEEPSEA",2020,SUMMER,FALL,98.8730053419848,5.507,10.213000000000001,0.9133365028131981
"CRAB,RED DEEPSEA",2022,SUMMER,FALL,98.09805745050686,5.507,10.213000000000001,0.9133365028131981
"CRAB,RED DEEPSEA",2023,SUMMER,FALL,95.30768111269303,5.507,10.213000000000001,0.9133365028131981
"CRAB,RED DEEPSEA",2024,SUMMER,FALL,98.39509660707293,5.507,10.213000000000001,0.9133365028131981
HADDOCK,1959,SPRING,SPRING,79.51825160649881,4.62,11.3,0.2406145505934473
HADDOCK,1960,SPRING,SPRING,80.69546511377396,4.62,11.3,0.2406145505934473
HADDOCK,1961,SPRING,SPRING,76.22500280157833,4.62,11.3,0.2406145505934473
HADDOCK,1962,SPRING,SPRING,78.37109377956315,4.62,11.3,0.2406145505934473
HADDOCK,1963,SPRING,SPRING,88.1330229500166,4.62,11.3,0.2406145505934473
HADDOCK,1964,SPRING,SPRING,83.2756791258689,4.62,11.3,0.2406145505934473
HADDOCK,1965,SPRING,SPRING,70.83594711855832,4.62,11.3,0.2406145505934473
HADDOCK,1966,SPRING,SPRING,81.68599373409775,4.62,11.3,0.2406145505934473
HADDOCK,1967,SPRING,SPRING,75.64539646959051,4.62,11.3,0.2406145505934473
HADDOCK,1968,SPRING,SPRING,71.77257091617459,4.62,11.3,0.2406145505934473
HADDOCK,1969,SPRING,SPRING,71.73139376757116,4.62,11.3,0.2406145505934473
HADDOCK,1970,SPRING,SPRING,89.7648352019539,4.62,11.3,0.2406145505934473
HADDOCK,1971,SPRING,SPRING,80.50704354718592,4.62,11.3,0.2406145505934473
HADDOCK,1972,SPRING,SPRING,87.49996632508136,4.62,11.3,0.2406145505934473
HADDOCK,1973,SPRING,SPRING,84.56923033146408,4.62,11.3,0.2406145505934473
HADDOCK,1974,SPRING,SPRING,92.50133807577853,4.62,11.3,0.2406145505934473
HADDOCK,1975,SPRING,SPRING,93.7894827518694,4.62,11.3,0.2406145505934473
HADDOCK,1976,SPRING,SPRING,94.27053772505361,4.62,11.3,0.2406145505934473
HADDOCK,1977,SPRING,SPRING,84.36145132918766,4.62,11.3,0.2406145505934473
HADDOCK,1978,SPRING,SPRING,83.33661323097894,4.62,11.3,0.2406145505934473
HADDOCK,1979,SPRING,SPRING,76.72134327265425,4.62,11.3,0.2406145505934473
HADDOCK,1980,SPRING,SPRING,78.80422775277137,4.62,11.3,0.2406145505934473
HADDOCK,1981,SPRING,SPRING,81.36104748198541,4.62,11.3,0.2406145505934473
HADDOCK,1982,SPRING,SPRING,76.76255203847757,4.62,11.3,0.2406145505934473
HADDOCK,1983,SPRING,SPRING,87.74891500032659,4.62,11.3,0.2406145505934473
HADDOCK,1984,SPRING,SPRING,86.61261185388219,4.62,11.3,0.2406145505934473
HADDOCK,1985,SPRING,SPRING,89.55373741495704,4.62,11.3,0.2406145505934473
HADDOCK,1986,SPRING,SPRING,89.2952203863834,4.62,11.3,0.2406145505934473
HADDOCK,1987,SPRING,SPRING,76.50705717543184,4.62,11.3,0.2406145505934473
HADDOCK,1988,SPRING,SPRING,88.63735831889183,4.62,11.3,0.2406145505934473
HADDOCK,1989,SPRING,SPRING,81.50853346424152,4.62,11.3,0.2406145505934473
HADDOCK,1990,SPRING,SPRING,88.18142161316362,4.62,11.3,0.2406145505934473
HADDOCK,1991,SPRING,SPRING,92.5319265230325,4.62,11.3,0.2406145505934473
HADDOCK,1992,SPRING,SPRING,76.985861884761,4.62,11.3,0.2406145505934473
HADDOCK,1993,SPRING,SPRING,76.33582909158982,4.62,11.3,0.2406145505934473
HADDOCK,1994,SPRING,SPRING,88.73899300598097,4.62,11.3,0.2406145505934473
HADDOCK,1995,SPRING,SPRING,90.66734086206233,4.62,11.3,0.2406145505934473
HADDOCK,1996,SPRING,SPRING,89.32518557654647,4.62,11.3,0.2406145505934473
HADDOCK,1997,SPRING,SPRING,95.0920090722221,4.62,11.3,0.2406145505934473
HADDOCK,1998,SPRING,SPRING,94.36948977293447,4.62,11.3,0.2406145505934473
HADDOCK,1999,SPRING,SPRING,94.09345794595076,4.62,11.3,0.2406145505934473
HADDOCK,2000,SPRING,SPRING,93.28427172788605,4.62,11.3,0.2406145505934473
HADDOCK,2001,SPRING,SPRING,90.45374934059363,4.62,11.3,0.2406145505934473
HADDOCK,2002,SPRING,SPRING,97.82435472828277,4.62,11.3,0.2406145505934473
HADDOCK,2003,SPRING,SPRING,82.7229198171408,4.62,11.3,0.2406145505934473
HADDOCK,2004,SPRING,SPRING,69.44332333580344,4.62,11.3,0.2406145505934473
HADDOCK,2005,SPRING,SPRING,78.20700257039152,4.62,11.3,0.2406145505934473
HADDOCK,2006,SPRING,SPRING,94.20549848053919,4.62,11.3,0.2406145505934473
HADDOCK,2007,SPRING,SPRING,88.37720171834061,4.62,11.3,0.2406145505934473
HADDOCK,2008,SPRING,SPRING,94.79634695621748,4.62,11.3,0.2406145505934473
HADDOCK,2009,SPRING,SPRING,87.08936983255879,4.62,11.3,0.2406145505934473
HADDOCK,2010,SPRING,SPRING,95.09172319549033,4.62,11.3,0.2406145505934473
HADDOCK,2011,SPRING,SPRING,95.82333123269456,4.62,11.3,0.2406145505934473
HADDOCK,2012,SPRING,SPRING,90.80251627469279,4.62,11.3,0.2406145505934473
HADDOCK,2013,SPRING,SPRING,95.93198592366835,4.62,11.3,0.2406145505934473
HADDOCK,2014,SPRING,SPRING,88.91183011178654,4.62,11.3,0.2406145505934473
HADDOCK,2015,SPRING,SPRING,89.26760648280182,4.62,11.3,0.2406145505934473
HADDOCK,2016,SPRING,SPRING,92.85501110340921,4.62,11.3,0.2406145505934473
HADDOCK,2017,SPRING,SPRING,94.30472204780733,4.62,11.3,0.2406145505934473
HADDOCK,2018,SPRING,SPRING,96.86678732458402,4.62,11.3,0.2406145505934473
HADDOCK,2019,SPRING,SPRING,95.9483829570475,4.62,11.3,0.2406145505934473
HADDOCK,2020,SPRING,SPRING,97.09194097127468,4.62,11.3,0.2406145505934473
HADDOCK,2022,SPRING,SPRING,92.46364613879199,4.62,11.3,0.2406145505934473
HADDOCK,2023,SPRING,SPRING,95.92347548735528,4.62,11.3,0.2406145505934473
HADDOCK,2024,SPRING,SPRING,92.09525449028695,4.62,11.3,0.2406145505934473
LITTLE SKATE,1959,WINTER,SPRING,76.79213373395632,4.36,15.672000000000008,0.3239296543454503
LITTLE SKATE,1960,WINTER,SPRING,84.59977521823008,4.36,15.672000000000008,0.3239296543454503
LITTLE SKATE,1961,WINTER,SPRING,77.3673018814146,4.36,15.672000000000008,0.3239296543454503
LITTLE SKATE,1962,WINTER,SPRING,81.58708778698191,4.36,15.672000000000008,0.3239296543454503
LITTLE SKATE,1963,WINTER,SPRING,79.25168833675193,4.36,15.672000000000008,0.3239296543454503
LITTLE SKATE,1964,WINTER,SPRING,80.34625010782116,4.36,15.672000000000008,0.3239296543454503
LITTLE SKATE,1965,WINTER,SPRING,70.74631535754243,4.36,15.672000000000008,0.3239296543454503
LITTLE SKATE,1966,WINTER,SPRING,69.1608257014863,4.36,15.672000000000008,0.3239296543454503
LITTLE SKATE,1967,WINTER,SPRING,79.75386895697869,4.36,15.672000000000008,0.3239296543454503
LITTLE SKATE,1968,WINTER,SPRING,66.41271702044939,4.36,15.672000000000008,0.3239296543454503
LITTLE SKATE,1969,WINTER,SPRING,70.99408583087181,4.36,15.672000000000008,0.3239296543454503
LITTLE SKATE,1970,WINTER,SPRING,77.39947529853633,4.36,15.672000000000008,0.3239296543454503
LITTLE SKATE,1971,WINTER,SPRING,76.02203301671837,4.36,15.672000000000008,0.3239296543454503
LITTLE SKATE,1972,WINTER,SPRING,86.88583935577206,4.36,15.672000000000008,0.3239296543454503
LITTLE SKATE,1973,WINTER,SPRING,82.66997375813446,4.36,15.672000000000008,0.3239296543454503
LITTLE SKATE,1974,WINTER,SPRING,92.50880100127775,4.36,15.672000000000008,0.3239296543454503
LITTLE SKATE,1975,WINTER,SPRING,93.09574274324068,4.36,15.672000000000008,0.3239296543454503
LITTLE SKATE,1976,WINTER,SPRING,91.45168109228139,4.36,15.672000000000008,0.3239296543454503
LITTLE SKATE,1977,WINTER,SPRING,67.60296631169759,4.36,15.672000000000008,0.3239296543454503
LITTLE SKATE,1978,WINTER,SPRING,78.81759985378308,4.36,15.672000000000008,0.3239296543454503
LITTLE SKATE,1979,WINTER,SPRING,76.57078757904706,4.36,15.672000000000008,0.3239296543454503
LITTLE SKATE,1980,WINTER,SPRING,75.73929415216068,4.36,15.672000000000008,0.3239296543454503
LITTLE SKATE,1981,WINTER,SPRING,67.25294240630141,4.36,15.672000000000008,0.3239296543454503
LITTLE SKATE,1982,WINTER,SPRING,73.10480730043106,4.36,15.672000000000008,0.3239296543454503
LITTLE SKATE,1983,WINTER,SPRING,89.4792132836502,4.36,15.672000000000008,0.3239296543454503
LITTLE SKATE,1984,WINTER,SPRING,87.22577075642602,4.36,15.672000000000008,0.3239296543454503
LITTLE SKATE,1985,WINTER,SPRING,89.5706295282196,4.36,15.672000000000008,0.3239296543454503
LITTLE SKATE,1986,WINTER,SPRING,89.26498284647477,4.36,15.672000000000008,0.3239296543454503
LITTLE SKATE,1987,WINTER,SPRING,81.4989947632206,4.36,15.672000000000008,0.3239296543454503
LITTLE SKATE,1988,WINTER,SPRING,82.24386576933323,4.36,15.672000000000008,0.3239296543454503
LITTLE SKATE,1989,WINTER,SPRING,81.58109274800661,4.36,15.672000000000008,0.3239296543454503
LITTLE SKATE,1990,WINTER,SPRING,89.34814655208302,4.36,15.672000000000008,0.3239296543454503
LITTLE SKATE,1991,WINTER,SPRING,96.17492240789375,4.36,15.672000000000008,0.3239296543454503
LITTLE SKATE,1992,WINTER,SPRING,89.09883278535911,4.36,15.672000000000008,0.3239296543454503
LITTLE SKATE,1993,WINTER,SPRING,77.27411276396404,4.36,15.672000000000008,0.3239296543454503
LITTLE SKATE,1994,WINTER,SPRING,79.25230366469809,4.36,15.672000000000008,0.3239296543454503
LITTLE SKATE,1995,WINTER,SPRING,95.04365452584874,4.36,15.672000000000008,0.3239296543454503
LITTLE SKATE,1996,WINTER,SPRING,78.64956828145412,4.36,15.672000000000008,0.3239296543454503
LITTLE SKATE,1997,WINTER,SPRING,94.4567894761611,4.36,15.672000000000008,0.3239296543454503
LITTLE SKATE,1998,WINTER,SPRING,93.72942352940844,4.36,15.672000000000008,0.3239296543454503
LITTLE SKATE,1999,WINTER,SPRING,95.34945382123028,4.36,15.672000000000008,0.3239296543454503
LITTLE SKATE,2000,WINTER,SPRING,95.79408757649857,4.36,15.672000000000008,0.3239296543454503
LITTLE SKATE,2001,WINTER,SPRING,93.48719262836258,4.36,15.672000000000008,0.3239296543454503
LITTLE SKATE,2002,WINTER,SPRING,98.34845779660205,4.36,15.672000000000008,0.3239296543454503
LITTLE SKATE,2003,WINTER,SPRING,79.47163464834215,4.36,15.672000000000008,0.3239296543454503
LITTLE SKATE,2004,WINTER,SPRING,66.92096989025252,4.36,15.672000000000008,0.3239296543454503
LITTLE SKATE,2005,WINTER,SPRING,77.80670729734005,4.36,15.672000000000008,0.3239296543454503
LITTLE SKATE,2006,WINTER,SPRING,96.82350214462606,4.36,15.672000000000008,0.3239296543454503
LITTLE SKATE,2007,WINTER,SPRING,88.3119788837892,4.36,15.672000000000008,0.3239296543454503
LITTLE SKATE,2008,WINTER,SPRING,95.96069060970774,4.36,15.672000000000008,0.3239296543454503
LITTLE SKATE,2009,WINTER,SPRING,87.94136600493286,4.36,15.672000000000008,0.3239296543454503
LITTLE SKATE,2010,WINTER,SPRING,88.92640247447792,4.36,15.672000000000008,0.3239296543454503
LITTLE SKATE,2011,WINTER,SPRING,90.38888242788555,4.36,15.672000000000008,0.3239296543454503
LITTLE SKATE,2012,WINTER,SPRING,99.23193284873912,4.36,15.672000000000008,0.3239296543454503
LITTLE SKATE,2013,WINTER,SPRING,97.24322601833344,4.36,15.672000000000008,0.3239296543454503
LITTLE SKATE,2014,WINTER,SPRING,90.75406095584614,4.36,15.672000000000008,0.3239296543454503
LITTLE SKATE,2015,WINTER,SPRING,89.54121572763502,4.36,15.672000000000008,0.3239296543454503
LITTLE SKATE,2016,WINTER,SPRING,97.81393713686342,4.36,15.672000000000008,0.3239296543454503
LITTLE SKATE,2017,WINTER,SPRING,97.99228468955432,4.36,15.672000000000008,0.3239296543454503
LITTLE SKATE,2018,WINTER,SPRING,95.96846764637512,4.36,15.672000000000008,0.3239296543454503
LITTLE SKATE,2019,WINTER,SPRING,92.7199617184815,4.36,15.672000000000008,0.3239296543454503
LITTLE SKATE,2020,WINTER,SPRING,99.54939983136404,4.36,15.672000000000008,0.3239296543454503
LITTLE SKATE,2021,WINTER,SPRING,98.49288641417489,4.36,15.672000000000008,0.3239296543454503
LITTLE SKATE,2022,WINTER,SPRING,96.0472063981252,4.36,15.672000000000008,0.3239296543454503
LITTLE SKATE,2023,WINTER,SPRING,98.04502362626515,4.36,15.672000000000008,0.3239296543454503
LITTLE SKATE,2024,WINTER,SPRING,91.61195659850601,4.36,15.672000000000008,0.3239296543454503
OCEAN POUT,1959,FALL,FALL,68.42884231705537,3.9,10.700000000000001,0.2340850301626156
OCEAN POUT,1960,FALL,FALL,68.7754360824671,3.9,10.700000000000001,0.2340850301626156
OCEAN POUT,1961,FALL,FALL,74.37955802815004,3.9,10.700000000000001,0.2340850301626156
OCEAN POUT,1962,FALL,FALL,69.03335825854356,3.9,10.700000000000001,0.2340850301626156
OCEAN POUT,1963,FALL,FALL,68.00986589868023,3.9,10.700000000000001,0.2340850301626156
OCEAN POUT,1964,FALL,FALL,71.78586466193676,3.9,10.700000000000001,0.2340850301626156
OCEAN POUT,1965,FALL,FALL,82.83371246478055,3.9,10.700000000000001,0.2340850301626156
OCEAN POUT,1966,FALL,FALL,81.11842902597299,3.9,10.700000000000001,0.2340850301626156
OCEAN POUT,1967,FALL,FALL,79.48541951923791,3.9,10.700000000000001,0.2340850301626156
OCEAN POUT,1968,FALL,FALL,82.58633407843308,3.9,10.700000000000001,0.2340850301626156
OCEAN POUT,1969,FALL,FALL,61.926226179269484,3.9,10.700000000000001,0.2340850301626156
OCEAN POUT,1970,FALL,FALL,69.34047649702634,3.9,10.700000000000001,0.2340850301626156
OCEAN POUT,1971,FALL,FALL,63.883943057562654,3.9,10.700000000000001,0.2340850301626156
OCEAN POUT,1972,FALL,FALL,63.21009214009236,3.9,10.700000000000001,0.2340850301626156
OCEAN POUT,1973,FALL,FALL,62.58475387329124,3.9,10.700000000000001,0.2340850301626156
OCEAN POUT,1974,FALL,FALL,56.863616641366974,3.9,10.700000000000001,0.2340850301626156
OCEAN POUT,1975,FALL,FALL,57.458832030102236,3.9,10.700000000000001,0.2340850301626156
OCEAN POUT,1976,FALL,FALL,64.86484593226506,3.9,10.700000000000001,0.2340850301626156
OCEAN POUT,1977,FALL,FALL,60.14221753926322,3.9,10.700000000000001,0.2340850301626156
OCEAN POUT,1978,FALL,FALL,61.12914639800909,3.9,10.700000000000001,0.2340850301626156
OCEAN POUT,1979,FALL,FALL,69.95674699735213,3.9,10.700000000000001,0.2340850301626156
OCEAN POUT,1980,FALL,FALL,71.53685997324969,3.9,10.700000000000001,0.2340850301626156
OCEAN POUT,1981,FALL,FALL,71.43081030646792,3.9,10.700000000000001,0.2340850301626156
OCEAN POUT,1982,FALL,FALL,61.835765180604085,3.9,10.700000000000001,0.2340850301626156
OCEAN POUT,1983,FALL,FALL,63.54790788778564,3.9,10.700000000000001,0.2340850301626156
OCEAN POUT,1984,FALL,FALL,65.17682407061295,3.9,10.700000000000001,0.2340850301626156
OCEAN POUT,1985,FALL,FALL,55.43594336410857,3.9,10.700000000000001,0.2340850301626156
OCEAN POUT,1986,FALL,FALL,58.65411935206506,3.9,10.700000000000001,0.2340850301626156
OCEAN POUT,1987,FALL,FALL,68.90916103460259,3.9,10.700000000000001,0.2340850301626156
OCEAN POUT,1988,FALL,FALL,69.32805989700205,3.9,10.700000000000001,0.2340850301626156
OCEAN POUT,1989,FALL,FALL,65.07423347965249,3.9,10.700000000000001,0.2340850301626156
OCEAN POUT,1990,FALL,FALL,67.63786055781235,3.9,10.700000000000001,0.2340850301626156
OCEAN POUT,1991,FALL,FALL,55.226350891435615,3.9,10.700000000000001,0.2340850301626156
OCEAN POUT,1992,FALL,FALL,69.57165693818703,3.9,10.700000000000001,0.2340850301626156
OCEAN POUT,1993,FALL,FALL,63.101938754255514,3.9,10.700000000000001,0.2340850301626156
OCEAN POUT,1994,FALL,FALL,57.646350948666125,3.9,10.700000000000001,0.2340850301626156
OCEAN POUT,1995,FALL,FALL,60.826210739098286,3.9,10.700000000000001,0.2340850301626156
OCEAN POUT,1996,FALL,FALL,89.1216942084385,3.9,10.700000000000001,0.2340850301626156
OCEAN POUT,1997,FALL,FALL,66.54184583310585,3.9,10.700000000000001,0.2340850301626156
OCEAN POUT,1998,FALL,FALL,83.25360307714539,3.9,10.700000000000001,0.2340850301626156
OCEAN POUT,1999,FALL,FALL,52.539249087729864,3.9,10.700000000000001,0.2340850301626156
OCEAN POUT,2000,FALL,FALL,65.36993684488898,3.9,10.700000000000001,0.2340850301626156
OCEAN POUT,2001,FALL,FALL,55.68106452222724,3.9,10.700000000000001,0.2340850301626156
OCEAN POUT,2002,FALL,FALL,58.24644338743879,3.9,10.700000000000001,0.2340850301626156
OCEAN POUT,2003,FALL,FALL,63.592781091756315,3.9,10.700000000000001,0.2340850301626156
OCEAN POUT,2004,FALL,FALL,73.23851839564742,3.9,10.700000000000001,0.2340850301626156
OCEAN POUT,2005,FALL,FALL,64.67231727385442,3.9,10.700000000000001,0.2340850301626156
OCEAN POUT,2006,FALL,FALL,56.78796627587129,3.9,10.700000000000001,0.2340850301626156
OCEAN POUT,2007,FALL,FALL,87.68420309593566,3.9,10.700000000000001,0.2340850301626156
OCEAN POUT,2008,FALL,FALL,65.61484685625899,3.9,10.700000000000001,0.2340850301626156
OCEAN POUT,2009,FALL,FALL,53.34162999336728,3.9,10.700000000000001,0.2340850301626156
OCEAN POUT,2010,FALL,FALL,60.09286420347334,3.9,10.700000000000001,0.2340850301626156
OCEAN POUT,2011,FALL,FALL,57.86772141001604,3.9,10.700000000000001,0.2340850301626156
OCEAN POUT,2012,FALL,FALL,50.693719601202346,3.9,10.700000000000001,0.2340850301626156
OCEAN POUT,2013,FALL,FALL,51.605436246244864,3.9,10.700000000000001,0.2340850301626156
OCEAN POUT,2014,FALL,FALL,51.06714707234657,3.9,10.700000000000001,0.2340850301626156
OCEAN POUT,2015,FALL,FALL,49.786431481913034,3.9,10.700000000000001,0.2340850301626156
OCEAN POUT,2016,FALL,FALL,50.984351706416,3.9,10.700000000000001,0.2340850301626156
OCEAN POUT,2017,FALL,FALL,49.43240402946672,3.9,10.700000000000001,0.2340850301626156
OCEAN POUT,2018,FALL,FALL,58.6784074151582,3.9,10.700000000000001,0.2340850301626156
OCEAN POUT,2019,FALL,FALL,57.33501055506489,3.9,10.700000000000001,0.2340850301626156
OCEAN POUT,2020,FALL,FALL,51.85358382016025,3.9,10.700000000000001,0.2340850301626156
OCEAN POUT,2022,FALL,FALL,50.220743025296024,3.9,10.700000000000001,0.2340850301626156
OCEAN POUT,2023,FALL,FALL,68.02626525866975,3.9,10.700000000000001,0.2340850301626156
OCEAN POUT,2024,FALL,FALL,67.12760615453458,3.9,10.700000000000001,0.2340850301626156
OFFSHORE HAKE,1959,WINTER,SPRING,35.00356904711481,7.372000000000001,13,0.9170319699304185
OFFSHORE HAKE,1960,WINTER,SPRING,24.379058032059515,7.372000000000001,13,0.9170319699304185
OFFSHORE HAKE,1961,WINTER,SPRING,26.712609165317662,7.372000000000001,13,0.9170319699304185
OFFSHORE HAKE,1962,WINTER,SPRING,25.856224275171936,7.372000000000001,13,0.9170319699304185
OFFSHORE HAKE,1963,WINTER,SPRING,33.5426786073022,7.372000000000001,13,0.9170319699304185
OFFSHORE HAKE,1964,WINTER,SPRING,32.366530810526726,7.372000000000001,13,0.9170319699304185
OFFSHORE HAKE,1965,WINTER,SPRING,29.985390140100026,7.372000000000001,13,0.9170319699304185
OFFSHORE HAKE,1966,WINTER,SPRING,26.980265482155456,7.372000000000001,13,0.9170319699304185
OFFSHORE HAKE,1967,WINTER,SPRING,28.48164695297244,7.372000000000001,13,0.9170319699304185
OFFSHORE HAKE,1968,WINTER,SPRING,30.273893671012697,7.372000000000001,13,0.9170319699304185
OFFSHORE HAKE,1969,WINTER,SPRING,27.92900795820094,7.372000000000001,13,0.9170319699304185
OFFSHORE HAKE,1970,WINTER,SPRING,26.932746296783456,7.372000000000001,13,0.9170319699304185
OFFSHORE HAKE,1971,WINTER,SPRING,30.093407379802546,7.372000000000001,13,0.9170319699304185
OFFSHORE HAKE,1972,WINTER,SPRING,25.006430502369987,7.372000000000001,13,0.9170319699304185
OFFSHORE HAKE,1973,WINTER,SPRING,31.14756167349999,7.372000000000001,13,0.9170319699304185
OFFSHORE HAKE,1974,WINTER,SPRING,30.179121868552993,7.372000000000001,13,0.9170319699304185
OFFSHORE HAKE,1975,WINTER,SPRING,55.66808796844804,7.372000000000001,13,0.9170319699304185
OFFSHORE HAKE,1976,WINTER,SPRING,49.661360038661165,7.372000000000001,13,0.9170319699304185
OFFSHORE HAKE,1977,WINTER,SPRING,42.428121731788124,7.372000000000001,13,0.9170319699304185
OFFSHORE HAKE,1978,WINTER,SPRING,30.2081678346488,7.372000000000001,13,0.9170319699304185
OFFSHORE HAKE,1979,WINTER,SPRING,30.53513140591534,7.372000000000001,13,0.9170319699304185
OFFSHORE HAKE,1980,WINTER,SPRING,34.16263713944745,7.372000000000001,13,0.9170319699304185
OFFSHORE HAKE,1981,WINTER,SPRING,32.2846238545779,7.372000000000001,13,0.9170319699304185
OFFSHORE HAKE,1982,WINTER,SPRING,34.1365147110856,7.372000000000001,13,0.9170319699304185
OFFSHORE HAKE,1983,WINTER,SPRING,30.80847787605061,7.372000000000001,13,0.9170319699304185
OFFSHORE HAKE,1984,WINTER,SPRING,31.415531579874234,7.372000000000001,13,0.9170319699304185
OFFSHORE HAKE,1985,WINTER,SPRING,32.511705896345156,7.372000000000001,13,0.9170319699304185
OFFSHORE HAKE,1986,WINTER,SPRING,36.18115052241196,7.372000000000001,13,0.9170319699304185
OFFSHORE HAKE,1987,WINTER,SPRING,45.734882258004106,7.372000000000001,13,0.9170319699304185
OFFSHORE HAKE,1988,WINTER,SPRING,34.198213332640364,7.372000000000001,13,0.9170319699304185
OFFSHORE HAKE,1989,WINTER,SPRING,35.706782090347644,7.372000000000001,13,0.9170319699304185
OFFSHORE HAKE,1990,WINTER,SPRING,31.282738372257164,7.372000000000001,13,0.9170319699304185
OFFSHORE HAKE,1991,WINTER,SPRING,40.97840131291176,7.372000000000001,13,0.9170319699304185
OFFSHORE HAKE,1992,WINTER,SPRING,42.59758438639226,7.372000000000001,13,0.9170319699304185
OFFSHORE HAKE,1993,WINTER,SPRING,56.92418029589974,7.372000000000001,13,0.9170319699304185
OFFSHORE HAKE,1994,WINTER,SPRING,64.3484413364635,7.372000000000001,13,0.9170319699304185
OFFSHORE HAKE,1995,WINTER,SPRING,79.04671125200078,7.372000000000001,13,0.9170319699304185
OFFSHORE HAKE,1996,WINTER,SPRING,86.18165441566335,7.372000000000001,13,0.9170319699304185
OFFSHORE HAKE,1997,WINTER,SPRING,80.54677825077516,7.372000000000001,13,0.9170319699304185
OFFSHORE HAKE,1998,WINTER,SPRING,70.24990662607544,7.372000000000001,13,0.9170319699304185
OFFSHORE HAKE,1999,WINTER,SPRING,24.82710957440291,7.372000000000001,13,0.9170319699304185
OFFSHORE HAKE,2000,WINTER,SPRING,68.8539266017915,7.372000000000001,13,0.9170319699304185
OFFSHORE HAKE,2001,WINTER,SPRING,79.87943777204765,7.372000000000001,13,0.9170319699304185
OFFSHORE HAKE,2002,WINTER,SPRING,55.35727070922321,7.372000000000001,13,0.9170319699304185
OFFSHORE HAKE,2003,WINTER,SPRING,67.08831802066477,7.372000000000001,13,0.9170319699304185
OFFSHORE HAKE,2004,WINTER,SPRING,48.175249395419506,7.372000000000001,13,0.9170319699304185
OFFSHORE HAKE,2005,WINTER,SPRING,29.174790013758177,7.372000000000001,13,0.9170319699304185
OFFSHORE HAKE,2006,WINTER,SPRING,59.624042389019984,7.372000000000001,13,0.9170319699304185
OFFSHORE HAKE,2007,WINTER,SPRING,79.46123625347734,7.372000000000001,13,0.9170319699304185
OFFSHORE HAKE,2008,WINTER,SPRING,33.2064161805045,7.372000000000001,13,0.9170319699304185
OFFSHORE HAKE,2009,WINTER,SPRING,27.019436657181352,7.372000000000001,13,0.9170319699304185
OFFSHORE HAKE,2010,WINTER,SPRING,39.632508682765824,7.372000000000001,13,0.9170319699304185
OFFSHORE HAKE,2011,WINTER,SPRING,93.31480080038496,7.372000000000001,13,0.9170319699304185
OFFSHORE HAKE,2012,WINTER,SPRING,87.16069195874937,7.372000000000001,13,0.9170319699304185
OFFSHORE HAKE,2013,WINTER,SPRING,81.04561338542007,7.372000000000001,13,0.9170319699304185
OFFSHORE HAKE,2014,WINTER,SPRING,91.29670934897727,7.372000000000001,13,0.9170319699304185
OFFSHORE HAKE,2015,WINTER,SPRING,66.45203530740879,7.372000000000001,13,0.9170319699304185
OFFSHORE HAKE,2016,WINTER,SPRING,78.58527546915607,7.372000000000001,13,0.9170319699304185
OFFSHORE HAKE,2017,WINTER,SPRING,79.30404957366831,7.372000000000001,13,0.9170319699304185
OFFSHORE HAKE,2018,WINTER,SPRING,81.28512132178383,7.372000000000001,13,0.9170319699304185
OFFSHORE HAKE,2019,WINTER,SPRING,81.41620216907744,7.372000000000001,13,0.9170319699304185
OFFSHORE HAKE,2020,WINTER,SPRING,82.16234481422983,7.372000000000001,13,0.9170319699304185
OFFSHORE HAKE,2021,WINTER,SPRING,82.8133234542492,7.372000000000001,13,0.9170319699304185
OFFSHORE HAKE,2022,WINTER,SPRING,74.64675809365603,7.372000000000001,13,0.9170319699304185
OFFSHORE HAKE,2023,WINTER,SPRING,74.92057814408057,7.372000000000001,13,0.9170319699304185
OFFSHORE HAKE,2024,WINTER,SPRING,87.81671415791057,7.372000000000001,13,0.9170319699304185
POLLOCK,1959,FALL,FALL,94.98983644995398,4.48,9.8,0.2826918900161299
POLLOCK,1960,FALL,FALL,93.97611277880088,4.48,9.8,0.2826918900161299
POLLOCK,1961,FALL,FALL,96.37892546684473,4.48,9.8,0.2826918900161299
POLLOCK,1962,FALL,FALL,92.91352224929626,4.48,9.8,0.2826918900161299
POLLOCK,1963,FALL,FALL,96.58651959757596,4.48,9.8,0.2826918900161299
POLLOCK,1964,FALL,FALL,97.28044008344263,4.48,9.8,0.2826918900161299
POLLOCK,1965,FALL,FALL,96.67344978902193,4.48,9.8,0.2826918900161299
POLLOCK,1966,FALL,FALL,95.07143043456861,4.48,9.8,0.2826918900161299
POLLOCK,1967,FALL,FALL,96.22197302557781,4.48,9.8,0.2826918900161299
POLLOCK,1968,FALL,FALL,93.97918198156214,4.48,9.8,0.2826918900161299
POLLOCK,1969,FALL,FALL,90.70042358698875,4.48,9.8,0.2826918900161299
POLLOCK,1970,FALL,FALL,91.28337722199433,4.48,9.8,0.2826918900161299
POLLOCK,1971,FALL,FALL,93.91118136383719,4.48,9.8,0.2826918900161299
POLLOCK,1972,FALL,FALL,95.42820748428423,4.48,9.8,0.2826918900161299
POLLOCK,1973,FALL,FALL,95.60108668174672,4.48,9.8,0.2826918900161299
POLLOCK,1974,FALL,FALL,78.799123413727,4.48,9.8,0.2826918900161299
POLLOCK,1975,FALL,FALL,88.41280313995706,4.48,9.8,0.2826918900161299
POLLOCK,1976,FALL,FALL,77.95353417999297,4.48,9.8,0.2826918900161299
POLLOCK,1977,FALL,FALL,90.05191431524422,4.48,9.8,0.2826918900161299
POLLOCK,1978,FALL,FALL,90.72488507661575,4.48,9.8,0.2826918900161299
POLLOCK,1979,FALL,FALL,94.36285674030303,4.48,9.8,0.2826918900161299
POLLOCK,1980,FALL,FALL,88.05326124624246,4.48,9.8,0.2826918900161299
POLLOCK,1981,FALL,FALL,88.78119729805778,4.48,9.8,0.2826918900161299
POLLOCK,1982,FALL,FALL,93.96501511612865,4.48,9.8,0.2826918900161299
POLLOCK,1983,FALL,FALL,93.66235767248398,4.48,9.8,0.2826918900161299
POLLOCK,1984,FALL,FALL,90.72040494990301,4.48,9.8,0.2826918900161299
POLLOCK,1985,FALL,FALL,82.0814927383871,4.48,9.8,0.2826918900161299
POLLOCK,1986,FALL,FALL,89.30822157675937,4.48,9.8,0.2826918900161299
POLLOCK,1987,FALL,FALL,95.75228185401355,4.48,9.8,0.2826918900161299
POLLOCK,1988,FALL,FALL,95.91063356272052,4.48,9.8,0.2826918900161299
POLLOCK,1989,FALL,FALL,90.24328812948046,4.48,9.8,0.2826918900161299
POLLOCK,1990,FALL,FALL,87.2044740407342,4.48,9.8,0.2826918900161299
POLLOCK,1991,FALL,FALL,78.13624678156721,4.48,9.8,0.2826918900161299
POLLOCK,1992,FALL,FALL,96.05817160531636,4.48,9.8,0.2826918900161299
POLLOCK,1993,FALL,FALL,88.42025281964511,4.48,9.8,0.2826918900161299
POLLOCK,1994,FALL,FALL,89.86481216800435,4.48,9.8,0.2826918900161299
POLLOCK,1995,FALL,FALL,92.32389454052522,4.48,9.8,0.2826918900161299
POLLOCK,1996,FALL,FALL,95.71303860049308,4.48,9.8,0.2826918900161299
POLLOCK,1997,FALL,FALL,94.37044635206975,4.48,9.8,0.2826918900161299
POLLOCK,1998,FALL,FALL,95.74964706648106,4.48,9.8,0.2826918900161299
POLLOCK,1999,FALL,FALL,80.97886219456328,4.48,9.8,0.2826918900161299
POLLOCK,2000,FALL,FALL,92.17809633710291,4.48,9.8,0.2826918900161299
POLLOCK,2001,FALL,FALL,92.51006013809695,4.48,9.8,0.2826918900161299
POLLOCK,2002,FALL,FALL,86.03588869853978,4.48,9.8,0.2826918900161299
POLLOCK,2003,FALL,FALL,91.75200222794902,4.48,9.8,0.2826918900161299
POLLOCK,2004,FALL,FALL,95.72647414873668,4.48,9.8,0.2826918900161299
POLLOCK,2005,FALL,FALL,94.71507344767043,4.48,9.8,0.2826918900161299
POLLOCK,2006,FALL,FALL,90.98084930564946,4.48,9.8,0.2826918900161299
POLLOCK,2007,FALL,FALL,95.38926082244772,4.48,9.8,0.2826918900161299
POLLOCK,2008,FALL,FALL,93.5932093636617,4.48,9.8,0.2826918900161299
POLLOCK,2009,FALL,FALL,87.6451069602538,4.48,9.8,0.2826918900161299
POLLOCK,2010,FALL,FALL,88.73746397228633,4.48,9.8,0.2826918900161299
POLLOCK,2011,FALL,FALL,90.18338084526576,4.48,9.8,0.2826918900161299
POLLOCK,2012,FALL,FALL,70.74061655998119,4.48,9.8,0.2826918900161299
POLLOCK,2013,FALL,FALL,62.113586603364624,4.48,9.8,0.2826918900161299
POLLOCK,2014,FALL,FALL,60.7494582093835,4.48,9.8,0.2826918900161299
POLLOCK,2015,FALL,FALL,84.05212922543961,4.48,9.8,0.2826918900161299
POLLOCK,2016,FALL,FALL,66.68744521145965,4.48,9.8,0.2826918900161299
POLLOCK,2017,FALL,FALL,74.02063199679189,4.48,9.8,0.2826918900161299
POLLOCK,2018,FALL,FALL,77.01662237473673,4.48,9.8,0.2826918900161299
POLLOCK,2019,FALL,FALL,51.29347228197767,4.48,9.8,0.2826918900161299
POLLOCK,2020,FALL,FALL,75.27385907455842,4.48,9.8,0.2826918900161299
POLLOCK,2022,FALL,FALL,72.59222743475446,4.48,9.8,0.2826918900161299
POLLOCK,2023,FALL,FALL,90.30723875472688,4.48,9.8,0.2826918900161299
POLLOCK,2024,FALL,FALL,86.79851688346855,4.48,9.8,0.2826918900161299
RED HAKE,1959,WINTER,SPRING,72.09555149821254,4.9,12.77,0.2639018826686817
RED HAKE,1960,WINTER,SPRING,79.21957270979073,4.9,12.77,0.2639018826686817
RED HAKE,1961,WINTER,SPRING,71.47585507347172,4.9,12.77,0.2639018826686817
RED HAKE,1962,WINTER,SPRING,76.15872026193718,4.9,12.77,0.2639018826686817
RED HAKE,1963,WINTER,SPRING,76.52379628567587,4.9,12.77,0.2639018826686817
RED HAKE,1964,WINTER,SPRING,76.7178215713908,4.9,12.77,0.2639018826686817
RED HAKE,1965,WINTER,SPRING,69.44236847433135,4.9,12.77,0.2639018826686817
RED HAKE,1966,WINTER,SPRING,67.77582460932162,4.9,12.77,0.2639018826686817
RED HAKE,1967,WINTER,SPRING,76.50307698379635,4.9,12.77,0.2639018826686817
RED HAKE,1968,WINTER,SPRING,63.7681639974364,4.9,12.77,0.2639018826686817
RED HAKE,1969,WINTER,SPRING,64.3905010727574,4.9,12.77,0.2639018826686817
RED HAKE,1970,WINTER,SPRING,69.91065737210647,4.9,12.77,0.2639018826686817
RED HAKE,1971,WINTER,SPRING,71.16261027570474,4.9,12.77,0.2639018826686817
RED HAKE,1972,WINTER,SPRING,80.82286903664998,4.9,12.77,0.2639018826686817
RED HAKE,1973,WINTER,SPRING,79.09243673983096,4.9,12.77,0.2639018826686817
RED HAKE,1974,WINTER,SPRING,87.8651520333254,4.9,12.77,0.2639018826686817
RED HAKE,1975,WINTER,SPRING,89.26556772500446,4.9,12.77,0.2639018826686817
RED HAKE,1976,WINTER,SPRING,82.84334546412828,4.9,12.77,0.2639018826686817
RED HAKE,1977,WINTER,SPRING,66.74804507931927,4.9,12.77,0.2639018826686817
RED HAKE,1978,WINTER,SPRING,73.26208268577523,4.9,12.77,0.2639018826686817
RED HAKE,1979,WINTER,SPRING,73.39756237302561,4.9,12.77,0.2639018826686817
RED HAKE,1980,WINTER,SPRING,74.40269092599374,4.9,12.77,0.2639018826686817
RED HAKE,1981,WINTER,SPRING,62.72557145633488,4.9,12.77,0.2639018826686817
RED HAKE,1982,WINTER,SPRING,70.4276950121569,4.9,12.77,0.2639018826686817
RED HAKE,1983,WINTER,SPRING,85.80558322914068,4.9,12.77,0.2639018826686817
RED HAKE,1984,WINTER,SPRING,83.89388606748341,4.9,12.77,0.2639018826686817
RED HAKE,1985,WINTER,SPRING,84.71079277112814,4.9,12.77,0.2639018826686817
RED HAKE,1986,WINTER,SPRING,83.30302824646564,4.9,12.77,0.2639018826686817
RED HAKE,1987,WINTER,SPRING,77.72906959427883,4.9,12.77,0.2639018826686817
RED HAKE,1988,WINTER,SPRING,77.15649458232018,4.9,12.77,0.2639018826686817
RED HAKE,1989,WINTER,SPRING,77.63613342462217,4.9,12.77,0.2639018826686817
RED HAKE,1990,WINTER,SPRING,83.33529788985679,4.9,12.77,0.2639018826686817
RED HAKE,1991,WINTER,SPRING,93.52376708941446,4.9,12.77,0.2639018826686817
RED HAKE,1992,WINTER,SPRING,82.15802895823704,4.9,12.77,0.2639018826686817
RED HAKE,1993,WINTER,SPRING,76.18590509716137,4.9,12.77,0.2639018826686817
RED HAKE,1994,WINTER,SPRING,75.92342000964231,4.9,12.77,0.2639018826686817
RED HAKE,1995,WINTER,SPRING,89.28415276245076,4.9,12.77,0.2639018826686817
RED HAKE,1996,WINTER,SPRING,73.97843097539749,4.9,12.77,0.2639018826686817
RED HAKE,1997,WINTER,SPRING,90.18257367982613,4.9,12.77,0.2639018826686817
RED HAKE,1998,WINTER,SPRING,89.8712343655571,4.9,12.77,0.2639018826686817
RED HAKE,1999,WINTER,SPRING,90.29609585674633,4.9,12.77,0.2639018826686817
RED HAKE,2000,WINTER,SPRING,88.92803402904266,4.9,12.77,0.2639018826686817
RED HAKE,2001,WINTER,SPRING,87.43318159266776,4.9,12.77,0.2639018826686817
RED HAKE,2002,WINTER,SPRING,92.32846583578933,4.9,12.77,0.2639018826686817
RED HAKE,2003,WINTER,SPRING,75.06500102707201,4.9,12.77,0.2639018826686817
RED HAKE,2004,WINTER,SPRING,66.67311324273624,4.9,12.77,0.2639018826686817
RED HAKE,2005,WINTER,SPRING,74.03482536239258,4.9,12.77,0.2639018826686817
RED HAKE,2006,WINTER,SPRING,89.61684081425076,4.9,12.77,0.2639018826686817
RED HAKE,2007,WINTER,SPRING,82.47966588621625,4.9,12.77,0.2639018826686817
RED HAKE,2008,WINTER,SPRING,91.72757584946505,4.9,12.77,0.2639018826686817
RED HAKE,2009,WINTER,SPRING,78.22295706450954,4.9,12.77,0.2639018826686817
RED HAKE,2010,WINTER,SPRING,82.95450124491825,4.9,12.77,0.2639018826686817
RED HAKE,2011,WINTER,SPRING,85.85890832713842,4.9,12.77,0.2639018826686817
RED HAKE,2012,WINTER,SPRING,89.74150756628956,4.9,12.77,0.2639018826686817
RED HAKE,2013,WINTER,SPRING,93.37771264607059,4.9,12.77,0.2639018826686817
RED HAKE,2014,WINTER,SPRING,85.68585184730773,4.9,12.77,0.2639018826686817
RED HAKE,2015,WINTER,SPRING,82.44731249855445,4.9,12.77,0.2639018826686817
RED HAKE,2016,WINTER,SPRING,88.7869190973118,4.9,12.77,0.2639018826686817
RED HAKE,2017,WINTER,SPRING,91.80418692572027,4.9,12.77,0.2639018826686817
RED HAKE,2018,WINTER,SPRING,88.99322749760263,4.9,12.77,0.2639018826686817
RED HAKE,2019,WINTER,SPRING,85.99819528801078,4.9,12.77,0.2639018826686817
RED HAKE,2020,WINTER,SPRING,91.98340409651381,4.9,12.77,0.2639018826686817
RED HAKE,2021,WINTER,SPRING,82.38111803133495,4.9,12.77,0.2639018826686817
RED HAKE,2022,WINTER,SPRING,86.8784533837488,4.9,12.77,0.2639018826686817
RED HAKE,2023,WINTER,SPRING,89.54744787275565,4.9,12.77,0.2639018826686817
RED HAKE,2024,WINTER,SPRING,87.06950389825337,4.9,12.77,0.2639018826686817
ROSETTE SKATE,1959,SPRING,SPRING,40.62195267747077,9.14,14.33,0.21518544107052173
ROSETTE SKATE,1960,SPRING,SPRING,53.987693800079626,9.14,14.33,0.21518544107052173
ROSETTE SKATE,1961,SPRING,SPRING,53.91532503168159,9.14,14.33,0.21518544107052173
ROSETTE SKATE,1962,SPRING,SPRING,72.93131571267503,9.14,14.33,0.21518544107052173
ROSETTE SKATE,1963,SPRING,SPRING,64.97449771655845,9.14,14.33,0.21518544107052173
ROSETTE SKATE,1964,SPRING,SPRING,60.326036384567814,9.14,14.33,0.21518544107052173
ROSETTE SKATE,1965,SPRING,SPRING,62.81739764596518,9.14,14.33,0.21518544107052173
ROSETTE SKATE,1966,SPRING,SPRING,45.11072806916439,9.14,14.33,0.21518544107052173
ROSETTE SKATE,1967,SPRING,SPRING,62.2932873090151,9.14,14.33,0.21518544107052173
ROSETTE SKATE,1968,SPRING,SPRING,64.63852774908818,9.14,14.33,0.21518544107052173
ROSETTE SKATE,1969,SPRING,SPRING,62.91350599634692,9.14,14.33,0.21518544107052173
ROSETTE SKATE,1970,SPRING,SPRING,75.58647398565766,9.14,14.33,0.21518544107052173
ROSETTE SKATE,1971,SPRING,SPRING,54.011728747219166,9.14,14.33,0.21518544107052173
ROSETTE SKATE,1972,SPRING,SPRING,78.0812473479196,9.14,14.33,0.21518544107052173
ROSETTE SKATE,1973,SPRING,SPRING,70.81259228782696,9.14,14.33,0.21518544107052173
ROSETTE SKATE,1974,SPRING,SPRING,88.04374530722642,9.14,14.33,0.21518544107052173
ROSETTE SKATE,1975,SPRING,SPRING,67.87096071663908,9.14,14.33,0.21518544107052173
ROSETTE SKATE,1976,SPRING,SPRING,84.50442624299815,9.14,14.33,0.21518544107052173
ROSETTE SKATE,1977,SPRING,SPRING,71.15381080991953,9.14,14.33,0.21518544107052173
ROSETTE SKATE,1978,SPRING,SPRING,78.75317476099974,9.14,14.33,0.21518544107052173
ROSETTE SKATE,1979,SPRING,SPRING,66.39198859949823,9.14,14.33,0.21518544107052173
ROSETTE SKATE,1980,SPRING,SPRING,62.82073056532326,9.14,14.33,0.21518544107052173
ROSETTE SKATE,1981,SPRING,SPRING,64.45241949547335,9.14,14.33,0.21518544107052173
ROSETTE SKATE,1982,SPRING,SPRING,70.17621680018712,9.14,14.33,0.21518544107052173
ROSETTE SKATE,1983,SPRING,SPRING,78.88802589378206,9.14,14.33,0.21518544107052173
ROSETTE SKATE,1984,SPRING,SPRING,50.37732223578659,9.14,14.33,0.21518544107052173
ROSETTE SKATE,1985,SPRING,SPRING,86.98553570961003,9.14,14.33,0.21518544107052173
ROSETTE SKATE,1986,SPRING,SPRING,92.2242252315403,9.14,14.33,0.21518544107052173
ROSETTE SKATE,1987,SPRING,SPRING,74.28148960033872,9.14,14.33,0.21518544107052173
ROSETTE SKATE,1988,SPRING,SPRING,78.10044478753518,9.14,14.33,0.21518544107052173
ROSETTE SKATE,1989,SPRING,SPRING,86.0787783490156,9.14,14.33,0.21518544107052173
ROSETTE SKATE,1990,SPRING,SPRING,92.6340860239004,9.14,14.33,0.21518544107052173
ROSETTE SKATE,1991,SPRING,SPRING,89.54530883736376,9.14,14.33,0.21518544107052173
ROSETTE SKATE,1992,SPRING,SPRING,87.24875494814928,9.14,14.33,0.21518544107052173
ROSETTE SKATE,1993,SPRING,SPRING,63.341801196390705,9.14,14.33,0.21518544107052173
ROSETTE SKATE,1994,SPRING,SPRING,79.529781069259,9.14,14.33,0.21518544107052173
ROSETTE SKATE,1995,SPRING,SPRING,72.65429544337016,9.14,14.33,0.21518544107052173
ROSETTE SKATE,1996,SPRING,SPRING,47.99141184395783,9.14,14.33,0.21518544107052173
ROSETTE SKATE,1997,SPRING,SPRING,80.06105091019377,9.14,14.33,0.21518544107052173
ROSETTE SKATE,1998,SPRING,SPRING,31.225232049522106,9.14,14.33,0.21518544107052173
ROSETTE SKATE,1999,SPRING,SPRING,88.37242388891231,9.14,14.33,0.21518544107052173
ROSETTE SKATE,2000,SPRING,SPRING,90.92748912241704,9.14,14.33,0.21518544107052173
ROSETTE SKATE,2001,SPRING,SPRING,61.4602230851242,9.14,14.33,0.21518544107052173
ROSETTE SKATE,2002,SPRING,SPRING,93.15330125021546,9.14,14.33,0.21518544107052173
ROSETTE SKATE,2003,SPRING,SPRING,40.61173214938925,9.14,14.33,0.21518544107052173
ROSETTE SKATE,2004,SPRING,SPRING,43.47094409987549,9.14,14.33,0.21518544107052173
ROSETTE SKATE,2005,SPRING,SPRING,50.84437895342134,9.14,14.33,0.21518544107052173
ROSETTE SKATE,2006,SPRING,SPRING,87.77893487061964,9.14,14.33,0.21518544107052173
ROSETTE SKATE,2007,SPRING,SPRING,32.46406352778016,9.14,14.33,0.21518544107052173
ROSETTE SKATE,2008,SPRING,SPRING,75.10902601662941,9.14,14.33,0.21518544107052173
ROSETTE SKATE,2009,SPRING,SPRING,87.11210802580402,9.14,14.33,0.21518544107052173
ROSETTE SKATE,2010,SPRING,SPRING,62.013907175374726,9.14,14.33,0.21518544107052173
ROSETTE SKATE,2011,SPRING,SPRING,72.06684748508421,9.14,14.33,0.21518544107052173
ROSETTE SKATE,2012,SPRING,SPRING,90.4670703701467,9.14,14.33,0.21518544107052173
ROSETTE SKATE,2013,SPRING,SPRING,79.601917406089,9.14,14.33,0.21518544107052173
ROSETTE SKATE,2014,SPRING,SPRING,74.77654813072377,9.14,14.33,0.21518544107052173
ROSETTE SKATE,2015,SPRING,SPRING,89.09904497935109,9.14,14.33,0.21518544107052173
ROSETTE SKATE,2016,SPRING,SPRING,87.78818710347294,9.14,14.33,0.21518544107052173
ROSETTE SKATE,2017,SPRING,SPRING,69.18034400855642,9.14,14.33,0.21518544107052173
ROSETTE SKATE,2018,SPRING,SPRING,73.12417510677209,9.14,14.33,0.21518544107052173
ROSETTE SKATE,2019,SPRING,SPRING,74.18856902248801,9.14,14.33,0.21518544107052173
ROSETTE SKATE,2020,SPRING,SPRING,86.90409299028387,9.14,14.33,0.21518544107052173
ROSETTE SKATE,2022,SPRING,SPRING,86.48522976076504,9.14,14.33,0.21518544107052173
ROSETTE SKATE,2023,SPRING,SPRING,87.51557698584143,9.14,14.33,0.21518544107052173
ROSETTE SKATE,2024,SPRING,SPRING,54.934222752436156,9.14,14.33,0.21518544107052173
SEA SCALLOP,1959,SPRING,SPRING,65.15579332145406,5,10,0.2308204610226662
SEA SCALLOP,1960,SPRING,SPRING,64.75995463647791,5,10,0.2308204610226662
SEA SCALLOP,1961,SPRING,SPRING,61.956483798290364,5,10,0.2308204610226662
SEA SCALLOP,1962,SPRING,SPRING,62.04873998452253,5,10,0.2308204610226662
SEA SCALLOP,1963,SPRING,SPRING,75.35670111762016,5,10,0.2308204610226662
SEA SCALLOP,1964,SPRING,SPRING,68.83460673874129,5,10,0.2308204610226662
SEA SCALLOP,1965,SPRING,SPRING,57.24894927274043,5,10,0.2308204610226662
SEA SCALLOP,1966,SPRING,SPRING,66.11887765744748,5,10,0.2308204610226662
SEA SCALLOP,1967,SPRING,SPRING,60.93280270632893,5,10,0.2308204610226662
SEA SCALLOP,1968,SPRING,SPRING,54.13369153947145,5,10,0.2308204610226662
SEA SCALLOP,1969,SPRING,SPRING,57.539366495988496,5,10,0.2308204610226662
SEA SCALLOP,1970,SPRING,SPRING,75.09016966755199,5,10,0.2308204610226662
SEA SCALLOP,1971,SPRING,SPRING,66.68941142778205,5,10,0.2308204610226662
SEA SCALLOP,1972,SPRING,SPRING,70.89593562366578,5,10,0.2308204610226662
SEA SCALLOP,1973,SPRING,SPRING,69.57315455526573,5,10,0.2308204610226662
SEA SCALLOP,1974,SPRING,SPRING,75.24764935520079,5,10,0.2308204610226662
SEA SCALLOP,1975,SPRING,SPRING,79.60544209321823,5,10,0.2308204610226662
SEA SCALLOP,1976,SPRING,SPRING,79.98680722311869,5,10,0.2308204610226662
SEA SCALLOP,1977,SPRING,SPRING,64.76030973266674,5,10,0.2308204610226662
SEA SCALLOP,1978,SPRING,SPRING,58.450292740015655,5,10,0.2308204610226662
SEA SCALLOP,1979,SPRING,SPRING,60.63112585595214,5,10,0.2308204610226662
SEA SCALLOP,1980,SPRING,SPRING,63.31366962506587,5,10,0.2308204610226662
SEA SCALLOP,1981,SPRING,SPRING,64.11772373979473,5,10,0.2308204610226662
SEA SCALLOP,1982,SPRING,SPRING,55.63686251262229,5,10,0.2308204610226662
SEA SCALLOP,1983,SPRING,SPRING,71.17967114206918,5,10,0.2308204610226662
SEA SCALLOP,1984,SPRING,SPRING,75.66316177092433,5,10,0.2308204610226662
SEA SCALLOP,1985,SPRING,SPRING,70.1084722192955,5,10,0.2308204610226662
SEA SCALLOP,1986,SPRING,SPRING,68.55883045805719,5,10,0.2308204610226662
SEA SCALLOP,1987,SPRING,SPRING,61.410268667082214,5,10,0.2308204610226662
SEA SCALLOP,1988,SPRING,SPRING,74.58322514007902,5,10,0.2308204610226662
SEA SCALLOP,1989,SPRING,SPRING,63.69113773124609,5,10,0.2308204610226662
SEA SCALLOP,1990,SPRING,SPRING,65.51903223315465,5,10,0.2308204610226662
SEA SCALLOP,1991,SPRING,SPRING,73.04187256559698,5,10,0.2308204610226662
SEA SCALLOP,1992,SPRING,SPRING,58.279699560292876,5,10,0.2308204610226662
SEA SCALLOP,1993,SPRING,SPRING,60.88792574901382,5,10,0.2308204610226662
SEA SCALLOP,1994,SPRING,SPRING,68.49256426654773,5,10,0.2308204610226662
SEA SCALLOP,1995,SPRING,SPRING,79.6088005777482,5,10,0.2308204610226662
SEA SCALLOP,1996,SPRING,SPRING,75.71481801046141,5,10,0.2308204610226662
SEA SCALLOP,1997,SPRING,SPRING,79.08064539051651,5,10,0.2308204610226662
SEA SCALLOP,1998,SPRING,SPRING,86.36362061252139,5,10,0.2308204610226662
SEA SCALLOP,1999,SPRING,SPRING,75.38513865790686,5,10,0.2308204610226662
SEA SCALLOP,2000,SPRING,SPRING,76.34238485538664,5,10,0.2308204610226662
SEA SCALLOP,2001,SPRING,SPRING,80.03216979379476,5,10,0.2308204610226662
SEA SCALLOP,2002,SPRING,SPRING,79.25437433287786,5,10,0.2308204610226662
SEA SCALLOP,2003,SPRING,SPRING,67.50811265809332,5,10,0.2308204610226662
SEA SCALLOP,2004,SPRING,SPRING,53.70520841003994,5,10,0.2308204610226662
SEA SCALLOP,2005,SPRING,SPRING,61.085534787062976,5,10,0.2308204610226662
SEA SCALLOP,2006,SPRING,SPRING,75.6483768461045,5,10,0.2308204610226662
SEA SCALLOP,2007,SPRING,SPRING,76.68611993696508,5,10,0.2308204610226662
SEA SCALLOP,2008,SPRING,SPRING,73.80910414138943,5,10,0.2308204610226662
SEA SCALLOP,2009,SPRING,SPRING,68.00188705669086,5,10,0.2308204610226662
SEA SCALLOP,2010,SPRING,SPRING,85.717328629014375,5,10,0.2308204610226662
SEA SCALLOP,2011,SPRING,SPRING,81.33813358549953,5,10,0.2308204610226662
SEA SCALLOP,2012,SPRING,SPRING,64.86699052864302,5,10,0.2308204610226662
SEA SCALLOP,2013,SPRING,SPRING,81.75571643145815,5,10,0.2308204610226662
SEA SCALLOP,2014,SPRING,SPRING,73.82320478845085,5,10,0.2308204610226662
SEA SCALLOP,2015,SPRING,SPRING,70.29347510333724,5,10,0.2308204610226662
SEA SCALLOP,2016,SPRING,SPRING,76.43832044268264,5,10,0.2308204610226662
SEA SCALLOP,2017,SPRING,SPRING,82.6569455672024,5,10,0.2308204610226662
SEA SCALLOP,2018,SPRING,SPRING,85.55406806378792,5,10,0.2308204610226662
SEA SCALLOP,2019,SPRING,SPRING,82.65173344185341,5,10,0.2308204610226662
SEA SCALLOP,2020,SPRING,SPRING,80.3966831418382,5,10,0.2308204610226662
SEA SCALLOP,2022,SPRING,SPRING,69.893435407925807,5,10,0.2308204610226662
SEA SCALLOP,2023,SPRING,SPRING,75.28861454293275,5,10,0.2308204610226662
SEA SCALLOP,2024,SPRING,SPRING,80.90305233522447,5,10,0.2308204610226662
SILVER HAKE,1959,WINTER,SPRING,69.79830425861783,5,13.597999999999992,0.322097069458109
SILVER HAKE,1960,WINTER,SPRING,77.58281794906485,5,13.597999999999992,0.322097069458109
SILVER HAKE,1961,WINTER,SPRING,69.54197209606552,5,13.597999999999992,0.322097069458109
SILVER HAKE,1962,WINTER,SPRING,74.59596855202322,5,13.597999999999992,0.322097069458109
SILVER HAKE,1963,WINTER,SPRING,74.8248175094898,5,13.597999999999992,0.322097069458109
SILVER HAKE,1964,WINTER,SPRING,74.8496282064823,5,13.597999999999992,0.322097069458109
SILVER HAKE,1965,WINTER,SPRING,68.33515572656229,5,13.597999999999992,0.322097069458109
SILVER HAKE,1966,WINTER,SPRING,65.96598688840336,5,13.597999999999992,0.322097069458109
SILVER HAKE,1967,WINTER,SPRING,74.99964327793298,5,13.597999999999992,0.322097069458109
SILVER HAKE,1968,WINTER,SPRING,62.2610920588525,5,13.597999999999992,0.322097069458109
SILVER HAKE,1969,WINTER,SPRING,61.43493608926372,5,13.597999999999992,0.322097069458109
SILVER HAKE,1970,WINTER,SPRING,68.6795268897385,5,13.597999999999992,0.322097069458109
SILVER HAKE,1971,WINTER,SPRING,69.79053946436716,5,13.597999999999992,0.322097069458109
SILVER HAKE,1972,WINTER,SPRING,80.20717722472945,5,13.597999999999992,0.322097069458109
SILVER HAKE,1973,WINTER,SPRING,77.6167123198362,5,13.597999999999992,0.322097069458109
SILVER HAKE,1974,WINTER,SPRING,87.34143574774218,5,13.597999999999992,0.322097069458109
SILVER HAKE,1975,WINTER,SPRING,88.93532756070992,5,13.597999999999992,0.322097069458109
SILVER HAKE,1976,WINTER,SPRING,84.06300853945942,5,13.597999999999992,0.322097069458109
SILVER HAKE,1977,WINTER,SPRING,65.40852092851918,5,13.597999999999992,0.322097069458109
SILVER HAKE,1978,WINTER,SPRING,73.12306127204894,5,13.597999999999992,0.322097069458109
SILVER HAKE,1979,WINTER,SPRING,72.62719320087069,5,13.597999999999992,0.322097069458109
SILVER HAKE,1980,WINTER,SPRING,73.24661754521019,5,13.597999999999992,0.322097069458109
SILVER HAKE,1981,WINTER,SPRING,60.74324776935609,5,13.597999999999992,0.322097069458109
SILVER HAKE,1982,WINTER,SPRING,68.89727898595262,5,13.597999999999992,0.322097069458109
SILVER HAKE,1983,WINTER,SPRING,85.13940081845845,5,13.597999999999992,0.322097069458109
SILVER HAKE,1984,WINTER,SPRING,83.07478162417328,5,13.597999999999992,0.322097069458109
SILVER HAKE,1985,WINTER,SPRING,83.67397665225666,5,13.597999999999992,0.322097069458109
SILVER HAKE,1986,WINTER,SPRING,83.81601732769157,5,13.597999999999992,0.322097069458109
SILVER HAKE,1987,WINTER,SPRING,77.13150992355041,5,13.597999999999992,0.322097069458109
SILVER HAKE,1988,WINTER,SPRING,76.28073906591895,5,13.597999999999992,0.322097069458109
SILVER HAKE,1989,WINTER,SPRING,76.67343112622318,5,13.597999999999992,0.322097069458109
SILVER HAKE,1990,WINTER,SPRING,82.90043240268564,5,13.597999999999992,0.322097069458109
SILVER HAKE,1991,WINTER,SPRING,93.02518318707166,5,13.597999999999992,0.322097069458109
SILVER HAKE,1992,WINTER,SPRING,82.18379769683995,5,13.597999999999992,0.322097069458109
SILVER HAKE,1993,WINTER,SPRING,75.38556905526755,5,13.597999999999992,0.322097069458109
SILVER HAKE,1994,WINTER,SPRING,76.51030279617808,5,13.597999999999992,0.322097069458109
SILVER HAKE,1995,WINTER,SPRING,90.32255675334866,5,13.597999999999992,0.322097069458109
SILVER HAKE,1996,WINTER,SPRING,73.24272338572221,5,13.597999999999992,0.322097069458109
SILVER HAKE,1997,WINTER,SPRING,89.3851844148402,5,13.597999999999992,0.322097069458109
SILVER HAKE,1998,WINTER,SPRING,88.08892409309385,5,13.597999999999992,0.322097069458109
SILVER HAKE,1999,WINTER,SPRING,90.64160138340614,5,13.597999999999992,0.322097069458109
SILVER HAKE,2000,WINTER,SPRING,89.90795239097913,5,13.597999999999992,0.322097069458109
SILVER HAKE,2001,WINTER,SPRING,86.17459587603649,5,13.597999999999992,0.322097069458109
SILVER HAKE,2002,WINTER,SPRING,93.67918495958288,5,13.597999999999992,0.322097069458109
SILVER HAKE,2003,WINTER,SPRING,75.34077692459924,5,13.597999999999992,0.322097069458109
SILVER HAKE,2004,WINTER,SPRING,67.22575049981552,5,13.597999999999992,0.322097069458109
SILVER HAKE,2005,WINTER,SPRING,72.79434867824803,5,13.597999999999992,0.322097069458109
SILVER HAKE,2006,WINTER,SPRING,89.86541848384174,5,13.597999999999992,0.322097069458109
SILVER HAKE,2007,WINTER,SPRING,83.39843009411285,5,13.597999999999992,0.322097069458109
SILVER HAKE,2008,WINTER,SPRING,89.57967020848311,5,13.597999999999992,0.322097069458109
SILVER HAKE,2009,WINTER,SPRING,80.23379891417497,5,13.597999999999992,0.322097069458109
SILVER HAKE,2010,WINTER,SPRING,83.16276959358927,5,13.597999999999992,0.322097069458109
SILVER HAKE,2011,WINTER,SPRING,85.8150526441278,5,13.597999999999992,0.322097069458109
SILVER HAKE,2012,WINTER,SPRING,93.34584207671467,5,13.597999999999992,0.322097069458109
SILVER HAKE,2013,WINTER,SPRING,94.32706548287076,5,13.597999999999992,0.322097069458109
SILVER HAKE,2014,WINTER,SPRING,85.73620133979118,5,13.597999999999992,0.322097069458109
SILVER HAKE,2015,WINTER,SPRING,85.24732922962058,5,13.597999999999992,0.322097069458109
SILVER HAKE,2016,WINTER,SPRING,90.82570964557102,5,13.597999999999992,0.322097069458109
SILVER HAKE,2017,WINTER,SPRING,92.9558521482474,5,13.597999999999992,0.322097069458109
SILVER HAKE,2018,WINTER,SPRING,90.53125525800255,5,13.597999999999992,0.322097069458109
SILVER HAKE,2019,WINTER,SPRING,86.65052626253235,5,13.597999999999992,0.322097069458109
SILVER HAKE,2020,WINTER,SPRING,95.07876096685467,5,13.597999999999992,0.322097069458109
SILVER HAKE,2021,WINTER,SPRING,88.8480115866133,5,13.597999999999992,0.322097069458109
SILVER HAKE,2022,WINTER,SPRING,89.30140455743796,5,13.597999999999992,0.322097069458109
SILVER HAKE,2023,WINTER,SPRING,90.91093612781704,5,13.597999999999992,0.322097069458109
SILVER HAKE,2024,WINTER,SPRING,85.46361165538967,5,13.597999999999992,0.322097069458109
SMOOTH SKATE,1959,FALL,FALL,96.1281849415259,5,9.36,0.3866794660987561
SMOOTH SKATE,1960,FALL,FALL,89.98129096435218,5,9.36,0.3866794660987561
SMOOTH SKATE,1961,FALL,FALL,93.84823689920876,5,9.36,0.3866794660987561
SMOOTH SKATE,1962,FALL,FALL,82.74428845940145,5,9.36,0.3866794660987561
SMOOTH SKATE,1963,FALL,FALL,97.09372160680651,5,9.36,0.3866794660987561
SMOOTH SKATE,1964,FALL,FALL,98.21761359860717,5,9.36,0.3866794660987561
SMOOTH SKATE,1965,FALL,FALL,95.96096739704412,5,9.36,0.3866794660987561
SMOOTH SKATE,1966,FALL,FALL,96.78989784171002,5,9.36,0.3866794660987561
SMOOTH SKATE,1967,FALL,FALL,96.05150415153159,5,9.36,0.3866794660987561
SMOOTH SKATE,1968,FALL,FALL,91.20301061298177,5,9.36,0.3866794660987561
SMOOTH SKATE,1969,FALL,FALL,84.48112870351895,5,9.36,0.3866794660987561
SMOOTH SKATE,1970,FALL,FALL,92.56082646527962,5,9.36,0.3866794660987561
SMOOTH SKATE,1971,FALL,FALL,95.86043703891441,5,9.36,0.3866794660987561
SMOOTH SKATE,1972,FALL,FALL,96.45195350780781,5,9.36,0.3866794660987561
SMOOTH SKATE,1973,FALL,FALL,95.36055926342951,5,9.36,0.3866794660987561
SMOOTH SKATE,1974,FALL,FALL,75.79196393350651,5,9.36,0.3866794660987561
SMOOTH SKATE,1975,FALL,FALL,83.11642248790515,5,9.36,0.3866794660987561
SMOOTH SKATE,1976,FALL,FALL,66.98255486643677,5,9.36,0.3866794660987561
SMOOTH SKATE,1977,FALL,FALL,92.25527818689919,5,9.36,0.3866794660987561
SMOOTH SKATE,1978,FALL,FALL,91.92834286598183,5,9.36,0.3866794660987561
SMOOTH SKATE,1979,FALL,FALL,93.62232837593902,5,9.36,0.3866794660987561
SMOOTH SKATE,1980,FALL,FALL,82.85632160554908,5,9.36,0.3866794660987561
SMOOTH SKATE,1981,FALL,FALL,86.92984098037348,5,9.36,0.3866794660987561
SMOOTH SKATE,1982,FALL,FALL,95.79396681350413,5,9.36,0.3866794660987561
SMOOTH SKATE,1983,FALL,FALL,95.85242749138042,5,9.36,0.3866794660987561
SMOOTH SKATE,1984,FALL,FALL,90.39744658340497,5,9.36,0.3866794660987561
SMOOTH SKATE,1985,FALL,FALL,78.62565582870073,5,9.36,0.3866794660987561
SMOOTH SKATE,1986,FALL,FALL,87.95474802917049,5,9.36,0.3866794660987561
SMOOTH SKATE,1987,FALL,FALL,96.10533133287598,5,9.36,0.3866794660987561
SMOOTH SKATE,1988,FALL,FALL,97.19814533625572,5,9.36,0.3866794660987561
SMOOTH SKATE,1989,FALL,FALL,90.01010946397253,5,9.36,0.3866794660987561
SMOOTH SKATE,1990,FALL,FALL,86.36960676747056,5,9.36,0.3866794660987561
SMOOTH SKATE,1991,FALL,FALL,76.3041434820308,5,9.36,0.3866794660987561
SMOOTH SKATE,1992,FALL,FALL,96.44478975654039,5,9.36,0.3866794660987561
SMOOTH SKATE,1993,FALL,FALL,86.64978547408464,5,9.36,0.3866794660987561
SMOOTH SKATE,1994,FALL,FALL,88.19428737460775,5,9.36,0.3866794660987561
SMOOTH SKATE,1995,FALL,FALL,92.52147399941015,5,9.36,0.3866794660987561
SMOOTH SKATE,1996,FALL,FALL,98.36492761392002,5,9.36,0.3866794660987561
SMOOTH SKATE,1997,FALL,FALL,97.3222156731383,5,9.36,0.3866794660987561
SMOOTH SKATE,1998,FALL,FALL,98.64563591204539,5,9.36,0.3866794660987561
SMOOTH SKATE,1999,FALL,FALL,74.48513662742458,5,9.36,0.3866794660987561
SMOOTH SKATE,2000,FALL,FALL,94.90860428116646,5,9.36,0.3866794660987561
SMOOTH SKATE,2001,FALL,FALL,97.22232850780298,5,9.36,0.3866794660987561
SMOOTH SKATE,2002,FALL,FALL,88.3672896310166,5,9.36,0.3866794660987561
SMOOTH SKATE,2003,FALL,FALL,90.41728677096226,5,9.36,0.3866794660987561
SMOOTH SKATE,2004,FALL,FALL,96.0058319956982,5,9.36,0.3866794660987561
SMOOTH SKATE,2005,FALL,FALL,97.44435625859803,5,9.36,0.3866794660987561
SMOOTH SKATE,2006,FALL,FALL,93.29276188447805,5,9.36,0.3866794660987561
SMOOTH SKATE,2007,FALL,FALL,97.87244996425896,5,9.36,0.3866794660987561
SMOOTH SKATE,2008,FALL,FALL,96.35037012896365,5,9.36,0.3866794660987561
SMOOTH SKATE,2009,FALL,FALL,86.19063820339888,5,9.36,0.3866794660987561
SMOOTH SKATE,2010,FALL,FALL,87.95791318553073,5,9.36,0.3866794660987561
SMOOTH SKATE,2011,FALL,FALL,90.47255819371341,5,9.36,0.3866794660987561
SMOOTH SKATE,2012,FALL,FALL,69.9279629071499,5,9.36,0.3866794660987561
SMOOTH SKATE,2013,FALL,FALL,47.09730296765932,5,9.36,0.3866794660987561
SMOOTH SKATE,2014,FALL,FALL,48.948927702092305,5,9.36,0.3866794660987561
SMOOTH SKATE,2015,FALL,FALL,81.6682190682328,5,9.36,0.3866794660987561
SMOOTH SKATE,2016,FALL,FALL,43.36512399644544,5,9.36,0.3866794660987561
SMOOTH SKATE,2017,FALL,FALL,68.32112606273542,5,9.36,0.3866794660987561
SMOOTH SKATE,2018,FALL,FALL,68.44819538927726,5,9.36,0.3866794660987561
SMOOTH SKATE,2019,FALL,FALL,21.038362995532573,5,9.36,0.3866794660987561
SMOOTH SKATE,2020,FALL,FALL,57.37688279678309,5,9.36,0.3866794660987561
SMOOTH SKATE,2022,FALL,FALL,61.46822119031297,5,9.36,0.3866794660987561
SMOOTH SKATE,2023,FALL,FALL,83.790959941346,5,9.36,0.3866794660987561
SMOOTH SKATE,2024,FALL,FALL,89.90085272425964,5,9.36,0.3866794660987561
THORNY SKATE,1959,FALL,FALL,88.09780161470259,2,9.700000000000001,0.31801237303114294
THORNY SKATE,1960,FALL,FALL,89.66322648431692,2,9.700000000000001,0.31801237303114294
THORNY SKATE,1961,FALL,FALL,94.08020791370349,2,9.700000000000001,0.31801237303114294
THORNY SKATE,1962,FALL,FALL,88.36625314577145,2,9.700000000000001,0.31801237303114294
THORNY SKATE,1963,FALL,FALL,90.01813254013065,2,9.700000000000001,0.31801237303114294
THORNY SKATE,1964,FALL,FALL,92.10987935703761,2,9.700000000000001,0.31801237303114294
THORNY SKATE,1965,FALL,FALL,93.76083581589361,2,9.700000000000001,0.31801237303114294
THORNY SKATE,1966,FALL,FALL,88.58186205107805,2,9.700000000000001,0.31801237303114294
THORNY SKATE,1967,FALL,FALL,88.7642614909661,2,9.700000000000001,0.31801237303114294
THORNY SKATE,1968,FALL,FALL,85.78745440833146,2,9.700000000000001,0.31801237303114294
THORNY SKATE,1969,FALL,FALL,81.8394907062063,2,9.700000000000001,0.31801237303114294
THORNY SKATE,1970,FALL,FALL,79.50954252441126,2,9.700000000000001,0.31801237303114294
THORNY SKATE,1971,FALL,FALL,82.87653968080288,2,9.700000000000001,0.31801237303114294
THORNY SKATE,1972,FALL,FALL,84.08945213024107,2,9.700000000000001,0.31801237303114294
THORNY SKATE,1973,FALL,FALL,84.7795064013203,2,9.700000000000001,0.31801237303114294
THORNY SKATE,1974,FALL,FALL,66.80821929213064,2,9.700000000000001,0.31801237303114294
THORNY SKATE,1975,FALL,FALL,75.16404765449904,2,9.700000000000001,0.31801237303114294
THORNY SKATE,1976,FALL,FALL,66.5601882509421,2,9.700000000000001,0.31801237303114294
THORNY SKATE,1977,FALL,FALL,78.15426196110649,2,9.700000000000001,0.31801237303114294
THORNY SKATE,1978,FALL,FALL,79.52755749677473,2,9.700000000000001,0.31801237303114294
THORNY SKATE,1979,FALL,FALL,87.00051910833398,2,9.700000000000001,0.31801237303114294
THORNY SKATE,1980,FALL,FALL,77.2421488807833,2,9.700000000000001,0.31801237303114294
THORNY SKATE,1981,FALL,FALL,78.7979162399259,2,9.700000000000001,0.31801237303114294
THORNY SKATE,1982,FALL,FALL,84.99543349111615,2,9.700000000000001,0.31801237303114294
THORNY SKATE,1983,FALL,FALL,83.21475376091661,2,9.700000000000001,0.31801237303114294
THORNY SKATE,1984,FALL,FALL,80.89101935904091,2,9.700000000000001,0.31801237303114294
THORNY SKATE,1985,FALL,FALL,71.24669210890528,2,9.700000000000001,0.31801237303114294
THORNY SKATE,1986,FALL,FALL,79.01000977473058,2,9.700000000000001,0.31801237303114294
THORNY SKATE,1987,FALL,FALL,88.3130698146237,2,9.700000000000001,0.31801237303114294
THORNY SKATE,1988,FALL,FALL,88.19949176961627,2,9.700000000000001,0.31801237303114294
THORNY SKATE,1989,FALL,FALL,80.98856089426991,2,9.700000000000001,0.31801237303114294
THORNY SKATE,1990,FALL,FALL,77.46143341296481,2,9.700000000000001,0.31801237303114294
THORNY SKATE,1991,FALL,FALL,67.13000120529121,2,9.700000000000001,0.31801237303114294
THORNY SKATE,1992,FALL,FALL,89.22483877397244,2,9.700000000000001,0.31801237303114294
THORNY SKATE,1993,FALL,FALL,76.77211827376067,2,9.700000000000001,0.31801237303114294
THORNY SKATE,1994,FALL,FALL,78.2656682570662,2,9.700000000000001,0.31801237303114294
THORNY SKATE,1995,FALL,FALL,81.8701886028056,2,9.700000000000001,0.31801237303114294
THORNY SKATE,1996,FALL,FALL,96.01061265613201,2,9.700000000000001,0.31801237303114294
THORNY SKATE,1997,FALL,FALL,87.42072721831164,2,9.700000000000001,0.31801237303114294
THORNY SKATE,1998,FALL,FALL,89.6496538395552,2,9.700000000000001,0.31801237303114294
THORNY SKATE,1999,FALL,FALL,68.61371039229842,2,9.700000000000001,0.31801237303114294
THORNY SKATE,2000,FALL,FALL,82.39830823971946,2,9.700000000000001,0.31801237303114294
THORNY SKATE,2001,FALL,FALL,81.94945244614982,2,9.700000000000001,0.31801237303114294
THORNY SKATE,2002,FALL,FALL,74.89450586799569,2,9.700000000000001,0.31801237303114294
THORNY SKATE,2003,FALL,FALL,81.10524336392496,2,9.700000000000001,0.31801237303114294
THORNY SKATE,2004,FALL,FALL,91.07515483513905,2,9.700000000000001,0.31801237303114294
THORNY SKATE,2005,FALL,FALL,84.6136122536424,2,9.700000000000001,0.31801237303114294
THORNY SKATE,2006,FALL,FALL,79.74534395847745,2,9.700000000000001,0.31801237303114294
THORNY SKATE,2007,FALL,FALL,93.39269419017253,2,9.700000000000001,0.31801237303114294
THORNY SKATE,2008,FALL,FALL,84.03224260431583,2,9.700000000000001,0.31801237303114294
THORNY SKATE,2009,FALL,FALL,75.57414064750972,2,9.700000000000001,0.31801237303114294
THORNY SKATE,2010,FALL,FALL,76.62044478271106,2,9.700000000000001,0.31801237303114294
THORNY SKATE,2011,FALL,FALL,79.31121601684478,2,9.700000000000001,0.31801237303114294
THORNY SKATE,2012,FALL,FALL,59.94655231422941,2,9.700000000000001,0.31801237303114294
THORNY SKATE,2013,FALL,FALL,50.8321106140928,2,9.700000000000001,0.31801237303114294
THORNY SKATE,2014,FALL,FALL,49.39045094290784,2,9.700000000000001,0.31801237303114294
THORNY SKATE,2015,FALL,FALL,72.12776596124596,2,9.700000000000001,0.31801237303114294
THORNY SKATE,2016,FALL,FALL,52.86529385733326,2,9.700000000000001,0.31801237303114294
THORNY SKATE,2017,FALL,FALL,63.30074438753851,2,9.700000000000001,0.31801237303114294
THORNY SKATE,2018,FALL,FALL,65.88367249071952,2,9.700000000000001,0.31801237303114294
THORNY SKATE,2019,FALL,FALL,40.109446332872814,2,9.700000000000001,0.31801237303114294
THORNY SKATE,2020,FALL,FALL,62.051673317868165,2,9.700000000000001,0.31801237303114294
THORNY SKATE,2022,FALL,FALL,62.40261612256802,2,9.700000000000001,0.31801237303114294
THORNY SKATE,2023,FALL,FALL,84.86286393505522,2,9.700000000000001,0.31801237303114294
THORNY SKATE,2024,FALL,FALL,88.62658648120517,2,9.700000000000001,0.31801237303114294
WHITE HAKE,1959,SPRING,SPRING,71.09587448634316,5.3,11.09,0.2594999793193667
WHITE HAKE,1960,SPRING,SPRING,67.42583221089026,5.3,11.09,0.2594999793193667
WHITE HAKE,1961,SPRING,SPRING,61.60324908053914,5.3,11.09,0.2594999793193667
WHITE HAKE,1962,SPRING,SPRING,65.62836804323385,5.3,11.09,0.2594999793193667
WHITE HAKE,1963,SPRING,SPRING,76.38294433114882,5.3,11.09,0.2594999793193667
WHITE HAKE,1964,SPRING,SPRING,74.7851824231599,5.3,11.09,0.2594999793193667
WHITE HAKE,1965,SPRING,SPRING,66.27850914036335,5.3,11.09,0.2594999793193667
WHITE HAKE,1966,SPRING,SPRING,72.21001903045604,5.3,11.09,0.2594999793193667
WHITE HAKE,1967,SPRING,SPRING,65.05647032695926,5.3,11.09,0.2594999793193667
WHITE HAKE,1968,SPRING,SPRING,60.01823451104079,5.3,11.09,0.2594999793193667
WHITE HAKE,1969,SPRING,SPRING,59.096684028610646,5.3,11.09,0.2594999793193667
WHITE HAKE,1970,SPRING,SPRING,75.71340173580018,5.3,11.09,0.2594999793193667
WHITE HAKE,1971,SPRING,SPRING,70.94932652289152,5.3,11.09,0.2594999793193667
WHITE HAKE,1972,SPRING,SPRING,74.16526908380769,5.3,11.09,0.2594999793193667
WHITE HAKE,1973,SPRING,SPRING,74.10354601995896,5.3,11.09,0.2594999793193667
WHITE HAKE,1974,SPRING,SPRING,82.9640758426385,5.3,11.09,0.2594999793193667
WHITE HAKE,1975,SPRING,SPRING,83.05264361546897,5.3,11.09,0.2594999793193667
WHITE HAKE,1976,SPRING,SPRING,85.73633964299103,5.3,11.09,0.2594999793193667
WHITE HAKE,1977,SPRING,SPRING,74.37210549639956,5.3,11.09,0.2594999793193667
WHITE HAKE,1978,SPRING,SPRING,61.53007139295561,5.3,11.09,0.2594999793193667
WHITE HAKE,1979,SPRING,SPRING,64.30818955340702,5.3,11.09,0.2594999793193667
WHITE HAKE,1980,SPRING,SPRING,67.1763201279348,5.3,11.09,0.2594999793193667
WHITE HAKE,1981,SPRING,SPRING,64.29300650984845,5.3,11.09,0.2594999793193667
WHITE HAKE,1982,SPRING,SPRING,59.8556042143652,5.3,11.09,0.2594999793193667
WHITE HAKE,1983,SPRING,SPRING,74.56868347429369,5.3,11.09,0.2594999793193667
WHITE HAKE,1984,SPRING,SPRING,80.20717200029398,5.3,11.09,0.2594999793193667
WHITE HAKE,1985,SPRING,SPRING,75.08667217541684,5.3,11.09,0.2594999793193667
WHITE HAKE,1986,SPRING,SPRING,75.13700032925416,5.3,11.09,0.2594999793193667
WHITE HAKE,1987,SPRING,SPRING,66.68639650723578,5.3,11.09,0.2594999793193667
WHITE HAKE,1988,SPRING,SPRING,80.05401358828354,5.3,11.09,0.2594999793193667
WHITE HAKE,1989,SPRING,SPRING,71.56076796413205,5.3,11.09,0.2594999793193667
WHITE HAKE,1990,SPRING,SPRING,73.89899551377432,5.3,11.09,0.2594999793193667
WHITE HAKE,1991,SPRING,SPRING,81.87382592128083,5.3,11.09,0.2594999793193667
WHITE HAKE,1992,SPRING,SPRING,58.98913449389479,5.3,11.09,0.2594999793193667
WHITE HAKE,1993,SPRING,SPRING,64.2398466151234,5.3,11.09,0.2594999793193667
WHITE HAKE,1994,SPRING,SPRING,76.95217220171135,5.3,11.09,0.2594999793193667
WHITE HAKE,1995,SPRING,SPRING,78.09312028207125,5.3,11.09,0.2594999793193667
WHITE HAKE,1996,SPRING,SPRING,79.13796409484698,5.3,11.09,0.2594999793193667
WHITE HAKE,1997,SPRING,SPRING,84.14621111216934,5.3,11.09,0.2594999793193667
WHITE HAKE,1998,SPRING,SPRING,81.31966270816137,5.3,11.09,0.2594999793193667
WHITE HAKE,1999,SPRING,SPRING,83.58657826143366,5.3,11.09,0.2594999793193667
WHITE HAKE,2000,SPRING,SPRING,84.36427803230583,5.3,11.09,0.2594999793193667
WHITE HAKE,2001,SPRING,SPRING,77.70545038365097,5.3,11.09,0.2594999793193667
WHITE HAKE,2002,SPRING,SPRING,91.43418919334742,5.3,11.09,0.2594999793193667
WHITE HAKE,2003,SPRING,SPRING,67.41192408413133,5.3,11.09,0.2594999793193667
WHITE HAKE,2004,SPRING,SPRING,56.31456841672359,5.3,11.09,0.2594999793193667
WHITE HAKE,2005,SPRING,SPRING,62.697505916743566,5.3,11.09,0.2594999793193667
WHITE HAKE,2006,SPRING,SPRING,81.92959877675983,5.3,11.09,0.2594999793193667
WHITE HAKE,2007,SPRING,SPRING,72.81419018300885,5.3,11.09,0.2594999793193667
WHITE HAKE,2008,SPRING,SPRING,80.1128298484038,5.3,11.09,0.2594999793193667
WHITE HAKE,2009,SPRING,SPRING,74.14286857219471,5.3,11.09,0.2594999793193667
WHITE HAKE,2010,SPRING,SPRING,86.86709554915547,5.3,11.09,0.2594999793193667
WHITE HAKE,2011,SPRING,SPRING,85.05498998575159,5.3,11.09,0.2594999793193667
WHITE HAKE,2012,SPRING,SPRING,82.79934294517784,5.3,11.09,0.2594999793193667
WHITE HAKE,2013,SPRING,SPRING,87.33790747491476,5.3,11.09,0.2594999793193667
WHITE HAKE,2014,SPRING,SPRING,76.53981050325504,5.3,11.09,0.2594999793193667
WHITE HAKE,2015,SPRING,SPRING,80.3090111349071,5.3,11.09,0.2594999793193667
WHITE HAKE,2016,SPRING,SPRING,84.81303846422992,5.3,11.09,0.2594999793193667
WHITE HAKE,2017,SPRING,SPRING,82.88502141834593,5.3,11.09,0.2594999793193667
WHITE HAKE,2018,SPRING,SPRING,87.96824644439984,5.3,11.09,0.2594999793193667
WHITE HAKE,2019,SPRING,SPRING,82.35154552986378,5.3,11.09,0.2594999793193667
WHITE HAKE,2020,SPRING,SPRING,91.97971865430941,5.3,11.09,0.2594999793193667
WHITE HAKE,2022,SPRING,SPRING,82.29556753455819,5.3,11.09,0.2594999793193667
WHITE HAKE,2023,SPRING,SPRING,87.24798841278609,5.3,11.09,0.2594999793193667
WHITE HAKE,2024,SPRING,SPRING,81.47866068691313,5.3,11.09,0.2594999793193667
WINDOWPANE,1959,WINTER,SPRING,74.75155464714479,4.37,19.16,0.37747830092173124
WINDOWPANE,1960,WINTER,SPRING,84.03124188886628,4.37,19.16,0.37747830092173124
WINDOWPANE,1961,WINTER,SPRING,76.01883318169165,4.37,19.16,0.37747830092173124
WINDOWPANE,1962,WINTER,SPRING,80.42197468803388,4.37,19.16,0.37747830092173124
WINDOWPANE,1963,WINTER,SPRING,75.99467997885404,4.37,19.16,0.37747830092173124
WINDOWPANE,1964,WINTER,SPRING,79.0274239820844,4.37,19.16,0.37747830092173124
WINDOWPANE,1965,WINTER,SPRING,67.50272481350747,4.37,19.16,0.37747830092173124
WINDOWPANE,1966,WINTER,SPRING,65.70902848856907,4.37,19.16,0.37747830092173124
WINDOWPANE,1967,WINTER,SPRING,77.536819329571685,4.37,19.16,0.37747830092173124
WINDOWPANE,1968,WINTER,SPRING,62.2750348866715,4.37,19.16,0.37747830092173124
WINDOWPANE,1969,WINTER,SPRING,67.15767282620479,4.37,19.16,0.37747830092173124
WINDOWPANE,1970,WINTER,SPRING,72.88228413370997,4.37,19.16,0.37747830092173124
WINDOWPANE,1971,WINTER,SPRING,72.77728662809602,4.37,19.16,0.37747830092173124
WINDOWPANE,1972,WINTER,SPRING,86.17000232627261,4.37,19.16,0.37747830092173124
WINDOWPANE,1973,WINTER,SPRING,81.25498836733615,4.37,19.16,0.37747830092173124
WINDOWPANE,1974,WINTER,SPRING,91.75033262900364,4.37,19.16,0.37747830092173124
WINDOWPANE,1975,WINTER,SPRING,92.06741252425796,4.37,19.16,0.37747830092173124
WINDOWPANE,1976,WINTER,SPRING,89.85434039607449,4.37,19.16,0.37747830092173124
WINDOWPANE,1977,WINTER,SPRING,60.458682190583424,4.37,19.16,0.37747830092173124
WINDOWPANE,1978,WINTER,SPRING,74.8926099452651,4.37,19.16,0.37747830092173124
WINDOWPANE,1979,WINTER,SPRING,72.87180109467998,4.37,19.16,0.37747830092173124
WINDOWPANE,1980,WINTER,SPRING,70.79333810810357,4.37,19.16,0.37747830092173124
WINDOWPANE,1981,WINTER,SPRING,59.53094107516947,4.37,19.16,0.37747830092173124
WINDOWPANE,1982,WINTER,SPRING,66.25576951939485,4.37,19.16,0.37747830092173124
WINDOWPANE,1983,WINTER,SPRING,88.89266846693812,4.37,19.16,0.37747830092173124
WINDOWPANE,1984,WINTER,SPRING,84.6970043348285,4.37,19.16,0.37747830092173124
WINDOWPANE,1985,WINTER,SPRING,86.99971945471154,4.37,19.16,0.37747830092173124
WINDOWPANE,1986,WINTER,SPRING,88.08016300590188,4.37,19.16,0.37747830092173124
WINDOWPANE,1987,WINTER,SPRING,79.41058221581181,4.37,19.16,0.37747830092173124
WINDOWPANE,1988,WINTER,SPRING,78.32831348710766,4.37,19.16,0.37747830092173124
WINDOWPANE,1989,WINTER,SPRING,79.43493615823401,4.37,19.16,0.37747830092173124
WINDOWPANE,1990,WINTER,SPRING,87.97866840742599,4.37,19.16,0.37747830092173124
WINDOWPANE,1991,WINTER,SPRING,95.81655663185086,4.37,19.16,0.37747830092173124
WINDOWPANE,1992,WINTER,SPRING,88.61340910531733,4.37,19.16,0.37747830092173124
WINDOWPANE,1993,WINTER,SPRING,73.26497620792883,4.37,19.16,0.37747830092173124
WINDOWPANE,1994,WINTER,SPRING,74.585677016564,4.37,19.16,0.37747830092173124
WINDOWPANE,1995,WINTER,SPRING,95.40284817840245,4.37,19.16,0.37747830092173124
WINDOWPANE,1996,WINTER,SPRING,74.06668123973058,4.37,19.16,0.37747830092173124
WINDOWPANE,1997,WINTER,SPRING,93.9738284596689,4.37,19.16,0.37747830092173124
WINDOWPANE,1998,WINTER,SPRING,95.2723530183432,4.37,19.16,0.37747830092173124
WINDOWPANE,1999,WINTER,SPRING,95.9364360927158,4.37,19.16,0.37747830092173124
WINDOWPANE,2000,WINTER,SPRING,95.8490369981186,4.37,19.16,0.37747830092173124
WINDOWPANE,2001,WINTER,SPRING,93.01539774266715,4.37,19.16,0.37747830092173124
WINDOWPANE,2002,WINTER,SPRING,99.84456342538888,4.37,19.16,0.37747830092173124
WINDOWPANE,2003,WINTER,SPRING,75.55010029456358,4.37,19.16,0.37747830092173124
WINDOWPANE,2004,WINTER,SPRING,60.823171551210955,4.37,19.16,0.37747830092173124
WINDOWPANE,2005,WINTER,SPRING,74.4304305120824,4.37,19.16,0.37747830092173124
WINDOWPANE,2006,WINTER,SPRING,96.98242763117756,4.37,19.16,0.37747830092173124
WINDOWPANE,2007,WINTER,SPRING,87.59254577962147,4.37,19.16,0.37747830092173124
WINDOWPANE,2008,WINTER,SPRING,96.06769078433211,4.37,19.16,0.37747830092173124
WINDOWPANE,2009,WINTER,SPRING,85.95236365745008,4.37,19.16,0.37747830092173124
WINDOWPANE,2010,WINTER,SPRING,86.92209370989566,4.37,19.16,0.37747830092173124
WINDOWPANE,2011,WINTER,SPRING,88.76363889636913,4.37,19.16,0.37747830092173124
WINDOWPANE,2012,WINTER,SPRING,99.97068336269356,4.37,19.16,0.37747830092173124
WINDOWPANE,2013,WINTER,SPRING,97.21444438860462,4.37,19.16,0.37747830092173124
WINDOWPANE,2014,WINTER,SPRING,89.6374724816313,4.37,19.16,0.37747830092173124
WINDOWPANE,2015,WINTER,SPRING,87.82059130890917,4.37,19.16,0.37747830092173124
WINDOWPANE,2016,WINTER,SPRING,99.10974296990787,4.37,19.16,0.37747830092173124
WINDOWPANE,2017,WINTER,SPRING,98.64842028814903,4.37,19.16,0.37747830092173124
WINDOWPANE,2018,WINTER,SPRING,95.3504966694869,4.37,19.16,0.37747830092173124
WINDOWPANE,2019,WINTER,SPRING,91.93368995236516,4.37,19.16,0.37747830092173124
WINDOWPANE,2020,WINTER,SPRING,99.78416341451616,4.37,19.16,0.37747830092173124
WINDOWPANE,2021,WINTER,SPRING,100,4.37,19.16,0.37747830092173124
WINDOWPANE,2022,WINTER,SPRING,96.66224714455616,4.37,19.16,0.37747830092173124
WINDOWPANE,2023,WINTER,SPRING,99.34748461259842,4.37,19.16,0.37747830092173124
WINDOWPANE,2024,WINTER,SPRING,93.47218543309562,4.37,19.16,0.37747830092173124
WINTER FLOUNDER,1959,FALL,FALL,98.37747769935046,3,16,0.13339016776846843
WINTER FLOUNDER,1960,FALL,FALL,97.46844710164287,3,16,0.13339016776846843
WINTER FLOUNDER,1961,FALL,FALL,96.70198784846085,3,16,0.13339016776846843
WINTER FLOUNDER,1962,FALL,FALL,98.44701717314666,3,16,0.13339016776846843
WINTER FLOUNDER,1963,FALL,FALL,96.09615658214842,3,16,0.13339016776846843
WINTER FLOUNDER,1964,FALL,FALL,97.18336147567015,3,16,0.13339016776846843
WINTER FLOUNDER,1965,FALL,FALL,99.8174363762316,3,16,0.13339016776846843
WINTER FLOUNDER,1966,FALL,FALL,99.72328368661853,3,16,0.13339016776846843
WINTER FLOUNDER,1967,FALL,FALL,99.47327166286173,3,16,0.13339016776846843
WINTER FLOUNDER,1968,FALL,FALL,99.40371305439972,3,16,0.13339016776846843
WINTER FLOUNDER,1969,FALL,FALL,98.80233445438581,3,16,0.13339016776846843
WINTER FLOUNDER,1970,FALL,FALL,99.4364129944029,3,16,0.13339016776846843
WINTER FLOUNDER,1971,FALL,FALL,98.14791033116556,3,16,0.13339016776846843
WINTER FLOUNDER,1972,FALL,FALL,98.94270572039076,3,16,0.13339016776846843
WINTER FLOUNDER,1973,FALL,FALL,98.93924719064702,3,16,0.13339016776846843
WINTER FLOUNDER,1974,FALL,FALL,98.92112385416935,3,16,0.13339016776846843
WINTER FLOUNDER,1975,FALL,FALL,91.82734190715662,3,16,0.13339016776846843
WINTER FLOUNDER,1976,FALL,FALL,99.136490274791,3,16,0.13339016776846843
WINTER FLOUNDER,1977,FALL,FALL,96.91215677077028,3,16,0.13339016776846843
WINTER FLOUNDER,1978,FALL,FALL,96.94943542597436,3,16,0.13339016776846843
WINTER FLOUNDER,1979,FALL,FALL,99.55920084783038,3,16,0.13339016776846843
WINTER FLOUNDER,1980,FALL,FALL,99.46166026042035,3,16,0.13339016776846843
WINTER FLOUNDER,1981,FALL,FALL,99.77006897616191,3,16,0.13339016776846843
WINTER FLOUNDER,1982,FALL,FALL,98.40059309488586,3,16,0.13339016776846843
WINTER FLOUNDER,1983,FALL,FALL,97.00600152332662,3,16,0.13339016776846843
WINTER FLOUNDER,1984,FALL,FALL,98.61724037370726,3,16,0.13339016776846843
WINTER FLOUNDER,1985,FALL,FALL,91.02415952776349,3,16,0.13339016776846843
WINTER FLOUNDER,1986,FALL,FALL,95.06246691018907,3,16,0.13339016776846843
WINTER FLOUNDER,1987,FALL,FALL,98.49636559165998,3,16,0.13339016776846843
WINTER FLOUNDER,1988,FALL,FALL,98.0289024843141,3,16,0.13339016776846843
WINTER FLOUNDER,1989,FALL,FALL,98.29143970408548,3,16,0.13339016776846843
WINTER FLOUNDER,1990,FALL,FALL,97.0675569004613,3,16,0.13339016776846843
WINTER FLOUNDER,1991,FALL,FALL,94.86146389845854,3,16,0.13339016776846843
WINTER FLOUNDER,1992,FALL,FALL,97.21341125421922,3,16,0.13339016776846843
WINTER FLOUNDER,1993,FALL,FALL,99.67989346650626,3,16,0.13339016776846843
WINTER FLOUNDER,1994,FALL,FALL,98.35349937909047,3,16,0.13339016776846843
WINTER FLOUNDER,1995,FALL,FALL,94.263806579218965,3,16,0.13339016776846843
WINTER FLOUNDER,1996,FALL,FALL,98.67263156889635,3,16,0.13339016776846843
WINTER FLOUNDER,1997,FALL,FALL,98.77807471736766,3,16,0.13339016776846843
WINTER FLOUNDER,1998,FALL,FALL,99.03606622232378,3,16,0.13339016776846843
WINTER FLOUNDER,1999,FALL,FALL,93.2864414494513,3,16,0.13339016776846843
WINTER FLOUNDER,2000,FALL,FALL,97.79488853959978,3,16,0.13339016776846843
WINTER FLOUNDER,2001,FALL,FALL,95.55972821122853,3,16,0.13339016776846843
WINTER FLOUNDER,2002,FALL,FALL,95.8742180271252,3,16,0.13339016776846843
WINTER FLOUNDER,2003,FALL,FALL,98.69341604347632,3,16,0.13339016776846843
WINTER FLOUNDER,2004,FALL,FALL,98.5788758503459,3,16,0.13339016776846843
WINTER FLOUNDER,2005,FALL,FALL,98.21911577136915,3,16,0.13339016776846843
WINTER FLOUNDER,2006,FALL,FALL,97.60954097349337,3,16,0.13339016776846843
WINTER FLOUNDER,2007,FALL,FALL,98.09685500016164,3,16,0.13339016776846843
WINTER FLOUNDER,2008,FALL,FALL,96.9850044463874,3,16,0.13339016776846843
WINTER FLOUNDER,2009,FALL,FALL,94.54662024999342,3,16,0.13339016776846843
WINTER FLOUNDER,2010,FALL,FALL,97.97002187103627,3,16,0.13339016776846843
WINTER FLOUNDER,2011,FALL,FALL,94.74735451872883,3,16,0.13339016776846843
WINTER FLOUNDER,2012,FALL,FALL,92.60498911095668,3,16,0.13339016776846843
WINTER FLOUNDER,2013,FALL,FALL,92.00808147743959,3,16,0.13339016776846843
WINTER FLOUNDER,2014,FALL,FALL,83.70787995612531,3,16,0.13339016776846843
WINTER FLOUNDER,2015,FALL,FALL,83.064893254808,3,16,0.13339016776846843
WINTER FLOUNDER,2016,FALL,FALL,87.95807479851351,3,16,0.13339016776846843
WINTER FLOUNDER,2017,FALL,FALL,92.86039170531164,3,16,0.13339016776846843
WINTER FLOUNDER,2018,FALL,FALL,95.53950091303437,3,16,0.13339016776846843
WINTER FLOUNDER,2019,FALL,FALL,82.98757044018689,3,16,0.13339016776846843
WINTER FLOUNDER,2020,FALL,FALL,95.01326453087825,3,16,0.13339016776846843
WINTER FLOUNDER,2022,FALL,FALL,87.89821971233984,3,16,0.13339016776846843
WINTER FLOUNDER,2023,FALL,FALL,92.61129552540544,3,16,0.13339016776846843
WINTER FLOUNDER,2024,FALL,FALL,84.27773362462995,3,16,0.13339016776846843
WINTER SKATE,1959,WINTER,SPRING,80.14300001652153,4.272000000000001,15.200000000000001,0.2870318761380054
WINTER SKATE,1960,WINTER,SPRING,86.55924805510587,4.272000000000001,15.200000000000001,0.2870318761380054
WINTER SKATE,1961,WINTER,SPRING,80.56522068413219,4.272000000000001,15.200000000000001,0.2870318761380054
WINTER SKATE,1962,WINTER,SPRING,84.2868893635166,4.272000000000001,15.200000000000001,0.2870318761380054
WINTER SKATE,1963,WINTER,SPRING,81.46519737773156,4.272000000000001,15.200000000000001,0.2870318761380054
WINTER SKATE,1964,WINTER,SPRING,82.779030570545,4.272000000000001,15.200000000000001,0.2870318761380054
WINTER SKATE,1965,WINTER,SPRING,73.94909955779856,4.272000000000001,15.200000000000001,0.2870318761380054
WINTER SKATE,1966,WINTER,SPRING,72.86765020486288,4.272000000000001,15.200000000000001,0.2870318761380054
WINTER SKATE,1967,WINTER,SPRING,82.58139677872893,4.272000000000001,15.200000000000001,0.2870318761380054
WINTER SKATE,1968,WINTER,SPRING,68.73248789248638,4.272000000000001,15.200000000000001,0.2870318761380054
WINTER SKATE,1969,WINTER,SPRING,74.27242974568308,4.272000000000001,15.200000000000001,0.2870318761380054
WINTER SKATE,1970,WINTER,SPRING,79.49709865333587,4.272000000000001,15.200000000000001,0.2870318761380054
WINTER SKATE,1971,WINTER,SPRING,79.16029991888213,4.272000000000001,15.200000000000001,0.2870318761380054
WINTER SKATE,1972,WINTER,SPRING,89.38733670356821,4.272000000000001,15.200000000000001,0.2870318761380054
WINTER SKATE,1973,WINTER,SPRING,85.982063839306,4.272000000000001,15.200000000000001,0.2870318761380054
WINTER SKATE,1974,WINTER,SPRING,93.64870742527214,4.272000000000001,15.200000000000001,0.2870318761380054
WINTER SKATE,1975,WINTER,SPRING,94.30993986400016,4.272000000000001,15.200000000000001,0.2870318761380054
WINTER SKATE,1976,WINTER,SPRING,92.57313292497949,4.272000000000001,15.200000000000001,0.2870318761380054
WINTER SKATE,1977,WINTER,SPRING,71.33091365701152,4.272000000000001,15.200000000000001,0.2870318761380054
WINTER SKATE,1978,WINTER,SPRING,80.91265825505926,4.272000000000001,15.200000000000001,0.2870318761380054
WINTER SKATE,1979,WINTER,SPRING,79.0129942476457,4.272000000000001,15.200000000000001,0.2870318761380054
WINTER SKATE,1980,WINTER,SPRING,77.97686014472696,4.272000000000001,15.200000000000001,0.2870318761380054
WINTER SKATE,1981,WINTER,SPRING,70.41616780599689,4.272000000000001,15.200000000000001,0.2870318761380054
WINTER SKATE,1982,WINTER,SPRING,74.95506954886346,4.272000000000001,15.200000000000001,0.2870318761380054
WINTER SKATE,1983,WINTER,SPRING,91.23032600798578,4.272000000000001,15.200000000000001,0.2870318761380054
WINTER SKATE,1984,WINTER,SPRING,88.64481155791792,4.272000000000001,15.200000000000001,0.2870318761380054
WINTER SKATE,1985,WINTER,SPRING,90.83116978712175,4.272000000000001,15.200000000000001,0.2870318761380054
WINTER SKATE,1986,WINTER,SPRING,90.7748404948676,4.272000000000001,15.200000000000001,0.2870318761380054
WINTER SKATE,1987,WINTER,SPRING,83.87346936918365,4.272000000000001,15.200000000000001,0.2870318761380054
WINTER SKATE,1988,WINTER,SPRING,84.31521742658789,4.272000000000001,15.200000000000001,0.2870318761380054
WINTER SKATE,1989,WINTER,SPRING,84.32920721894533,4.272000000000001,15.200000000000001,0.2870318761380054
WINTER SKATE,1990,WINTER,SPRING,91.08952050167643,4.272000000000001,15.200000000000001,0.2870318761380054
WINTER SKATE,1991,WINTER,SPRING,96.80874656840305,4.272000000000001,15.200000000000001,0.2870318761380054
WINTER SKATE,1992,WINTER,SPRING,90.70879365231724,4.272000000000001,15.200000000000001,0.2870318761380054
WINTER SKATE,1993,WINTER,SPRING,80.48986150727984,4.272000000000001,15.200000000000001,0.2870318761380054
WINTER SKATE,1994,WINTER,SPRING,81.95406115346768,4.272000000000001,15.200000000000001,0.2870318761380054
WINTER SKATE,1995,WINTER,SPRING,96.26872244440582,4.272000000000001,15.200000000000001,0.2870318761380054
WINTER SKATE,1996,WINTER,SPRING,81.69079092296062,4.272000000000001,15.200000000000001,0.2870318761380054
WINTER SKATE,1997,WINTER,SPRING,95.86259438215811,4.272000000000001,15.200000000000001,0.2870318761380054
WINTER SKATE,1998,WINTER,SPRING,95.62008145632183,4.272000000000001,15.200000000000001,0.2870318761380054
WINTER SKATE,1999,WINTER,SPRING,96.41702765615496,4.272000000000001,15.200000000000001,0.2870318761380054
WINTER SKATE,2000,WINTER,SPRING,96.4330155994709,4.272000000000001,15.200000000000001,0.2870318761380054
WINTER SKATE,2001,WINTER,SPRING,95.04146840988437,4.272000000000001,15.200000000000001,0.2870318761380054
WINTER SKATE,2002,WINTER,SPRING,98.32274159880056,4.272000000000001,15.200000000000001,0.2870318761380054
WINTER SKATE,2003,WINTER,SPRING,82.69168649833952,4.272000000000001,15.200000000000001,0.2870318761380054
WINTER SKATE,2004,WINTER,SPRING,70.324732651262,4.272000000000001,15.200000000000001,0.2870318761380054
WINTER SKATE,2005,WINTER,SPRING,81.79531224727752,4.272000000000001,15.200000000000001,0.2870318761380054
WINTER SKATE,2006,WINTER,SPRING,97.37862254421803,4.272000000000001,15.200000000000001,0.2870318761380054
WINTER SKATE,2007,WINTER,SPRING,90.34789160369805,4.272000000000001,15.200000000000001,0.2870318761380054
WINTER SKATE,2008,WINTER,SPRING,96.83900383145006,4.272000000000001,15.200000000000001,0.2870318761380054
WINTER SKATE,2009,WINTER,SPRING,90.70235205988871,4.272000000000001,15.200000000000001,0.2870318761380054
WINTER SKATE,2010,WINTER,SPRING,91.1630749646332,4.272000000000001,15.200000000000001,0.2870318761380054
WINTER SKATE,2011,WINTER,SPRING,92.06405564499505,4.272000000000001,15.200000000000001,0.2870318761380054
WINTER SKATE,2012,WINTER,SPRING,98.76565501255422,4.272000000000001,15.200000000000001,0.2870318761380054
WINTER SKATE,2013,WINTER,SPRING,97.63901958978619,4.272000000000001,15.200000000000001,0.2870318761380054
WINTER SKATE,2014,WINTER,SPRING,92.23362783915331,4.272000000000001,15.200000000000001,0.2870318761380054
WINTER SKATE,2015,WINTER,SPRING,90.90127822757097,4.272000000000001,15.200000000000001,0.2870318761380054
WINTER SKATE,2016,WINTER,SPRING,97.76956624445165,4.272000000000001,15.200000000000001,0.2870318761380054
WINTER SKATE,2017,WINTER,SPRING,98.31970193131212,4.272000000000001,15.200000000000001,0.2870318761380054
WINTER SKATE,2018,WINTER,SPRING,96.74407850467996,4.272000000000001,15.200000000000001,0.2870318761380054
WINTER SKATE,2019,WINTER,SPRING,94.27734798782289,4.272000000000001,15.200000000000001,0.2870318761380054
WINTER SKATE,2020,WINTER,SPRING,99.52780874974727,4.272000000000001,15.200000000000001,0.2870318761380054
WINTER SKATE,2021,WINTER,SPRING,98.10446411219222,4.272000000000001,15.200000000000001,0.2870318761380054
WINTER SKATE,2022,WINTER,SPRING,95.50142914784384,4.272000000000001,15.200000000000001,0.2870318761380054
WINTER SKATE,2023,WINTER,SPRING,96.81724139609122,4.272000000000001,15.200000000000001,0.2870318761380054
WINTER SKATE,2024,WINTER,SPRING,93.19053290924086,4.272000000000001,15.200000000000001,0.2870318761380054
WITCH FLOUNDER,1959,FALL,FALL,81.33993986241833,4.79,10.370000000000001,0.12932794238531564
WITCH FLOUNDER,1960,FALL,FALL,77.37378510492947,4.79,10.370000000000001,0.12932794238531564
WITCH FLOUNDER,1961,FALL,FALL,84.54830462026523,4.79,10.370000000000001,0.12932794238531564
WITCH FLOUNDER,1962,FALL,FALL,75.28797880187174,4.79,10.370000000000001,0.12932794238531564
WITCH FLOUNDER,1963,FALL,FALL,79.97671648970346,4.79,10.370000000000001,0.12932794238531564
WITCH FLOUNDER,1964,FALL,FALL,83.15301043214897,4.79,10.370000000000001,0.12932794238531564
WITCH FLOUNDER,1965,FALL,FALL,87.4622950276218,4.79,10.370000000000001,0.12932794238531564
WITCH FLOUNDER,1966,FALL,FALL,88.65166121702417,4.79,10.370000000000001,0.12932794238531564
WITCH FLOUNDER,1967,FALL,FALL,84.12360788553315,4.79,10.370000000000001,0.12932794238531564
WITCH FLOUNDER,1968,FALL,FALL,88.87722450982855,4.79,10.370000000000001,0.12932794238531564
WITCH FLOUNDER,1969,FALL,FALL,70.74795386730113,4.79,10.370000000000001,0.12932794238531564
WITCH FLOUNDER,1970,FALL,FALL,80.75651383237212,4.79,10.370000000000001,0.12932794238531564
WITCH FLOUNDER,1971,FALL,FALL,76.59898576104024,4.79,10.370000000000001,0.12932794238531564
WITCH FLOUNDER,1972,FALL,FALL,76.39754800227288,4.79,10.370000000000001,0.12932794238531564
WITCH FLOUNDER,1973,FALL,FALL,75.46431948454578,4.79,10.370000000000001,0.12932794238531564
WITCH FLOUNDER,1974,FALL,FALL,71.59070499310835,4.79,10.370000000000001,0.12932794238531564
WITCH FLOUNDER,1975,FALL,FALL,75.17433941326382,4.79,10.370000000000001,0.12932794238531564
WITCH FLOUNDER,1976,FALL,FALL,73.5098186833515,4.79,10.370000000000001,0.12932794238531564
WITCH FLOUNDER,1977,FALL,FALL,75.31681475317632,4.79,10.370000000000001,0.12932794238531564
WITCH FLOUNDER,1978,FALL,FALL,75.72446722021817,4.79,10.370000000000001,0.12932794238531564
WITCH FLOUNDER,1979,FALL,FALL,78.95414426157717,4.79,10.370000000000001,0.12932794238531564
WITCH FLOUNDER,1980,FALL,FALL,79.06466383064867,4.79,10.370000000000001,0.12932794238531564
WITCH FLOUNDER,1981,FALL,FALL,79.9713627998533,4.79,10.370000000000001,0.12932794238531564
WITCH FLOUNDER,1982,FALL,FALL,76.70350741534676,4.79,10.370000000000001,0.12932794238531564
WITCH FLOUNDER,1983,FALL,FALL,77.38584593624773,4.79,10.370000000000001,0.12932794238531564
WITCH FLOUNDER,1984,FALL,FALL,78.27300063116921,4.79,10.370000000000001,0.12932794238531564
WITCH FLOUNDER,1985,FALL,FALL,71.86907772379323,4.79,10.370000000000001,0.12932794238531564
WITCH FLOUNDER,1986,FALL,FALL,74.73563312309194,4.79,10.370000000000001,0.12932794238531564
WITCH FLOUNDER,1987,FALL,FALL,79.96849929900601,4.79,10.370000000000001,0.12932794238531564
WITCH FLOUNDER,1988,FALL,FALL,80.71256676161924,4.79,10.370000000000001,0.12932794238531564
WITCH FLOUNDER,1989,FALL,FALL,77.85502748748294,4.79,10.370000000000001,0.12932794238531564
WITCH FLOUNDER,1990,FALL,FALL,81.50775031408503,4.79,10.370000000000001,0.12932794238531564
WITCH FLOUNDER,1991,FALL,FALL,71.12629545395502,4.79,10.370000000000001,0.12932794238531564
WITCH FLOUNDER,1992,FALL,FALL,80.08866228979521,4.79,10.370000000000001,0.12932794238531564
WITCH FLOUNDER,1993,FALL,FALL,75.77706527560738,4.79,10.370000000000001,0.12932794238531564
WITCH FLOUNDER,1994,FALL,FALL,74.54923860043617,4.79,10.370000000000001,0.12932794238531564
WITCH FLOUNDER,1995,FALL,FALL,77.06935557897829,4.79,10.370000000000001,0.12932794238531564
WITCH FLOUNDER,1996,FALL,FALL,96.56129786037054,4.79,10.370000000000001,0.12932794238531564
WITCH FLOUNDER,1997,FALL,FALL,79.6022399752648,4.79,10.370000000000001,0.12932794238531564
WITCH FLOUNDER,1998,FALL,FALL,87.33778689963779,4.79,10.370000000000001,0.12932794238531564
WITCH FLOUNDER,1999,FALL,FALL,71.43070591465911,4.79,10.370000000000001,0.12932794238531564
WITCH FLOUNDER,2000,FALL,FALL,78.66183156300563,4.79,10.370000000000001,0.12932794238531564
WITCH FLOUNDER,2001,FALL,FALL,74.36808030093887,4.79,10.370000000000001,0.12932794238531564
WITCH FLOUNDER,2002,FALL,FALL,74.44513100472217,4.79,10.370000000000001,0.12932794238531564
WITCH FLOUNDER,2003,FALL,FALL,76.59115891322537,4.79,10.370000000000001,0.12932794238531564
WITCH FLOUNDER,2004,FALL,FALL,82.41670240275081,4.79,10.370000000000001,0.12932794238531564
WITCH FLOUNDER,2005,FALL,FALL,78.04871714860234,4.79,10.370000000000001,0.12932794238531564
WITCH FLOUNDER,2006,FALL,FALL,75.99009180085324,4.79,10.370000000000001,0.12932794238531564
WITCH FLOUNDER,2007,FALL,FALL,94.76705938979327,4.79,10.370000000000001,0.12932794238531564
WITCH FLOUNDER,2008,FALL,FALL,78.14163425183929,4.79,10.370000000000001,0.12932794238531564
WITCH FLOUNDER,2009,FALL,FALL,71.49663890582919,4.79,10.370000000000001,0.12932794238531564
WITCH FLOUNDER,2010,FALL,FALL,76.01499364979396,4.79,10.370000000000001,0.12932794238531564
WITCH FLOUNDER,2011,FALL,FALL,75.03666932104458,4.79,10.370000000000001,0.12932794238531564
WITCH FLOUNDER,2012,FALL,FALL,66.30852506537371,4.79,10.370000000000001,0.12932794238531564
WITCH FLOUNDER,2013,FALL,FALL,63.51941959305821,4.79,10.370000000000001,0.12932794238531564
WITCH FLOUNDER,2014,FALL,FALL,67.77726432571349,4.79,10.370000000000001,0.12932794238531564
WITCH FLOUNDER,2015,FALL,FALL,71.70640776412574,4.79,10.370000000000001,0.12932794238531564
WITCH FLOUNDER,2016,FALL,FALL,67.991969699906,4.79,10.370000000000001,0.12932794238531564
WITCH FLOUNDER,2017,FALL,FALL,64.86258440059774,4.79,10.370000000000001,0.12932794238531564
WITCH FLOUNDER,2018,FALL,FALL,73.31773006682563,4.79,10.370000000000001,0.12932794238531564
WITCH FLOUNDER,2019,FALL,FALL,66.44832947349286,4.79,10.370000000000001,0.12932794238531564
WITCH FLOUNDER,2020,FALL,FALL,70.59397586582435,4.79,10.370000000000001,0.12932794238531564
WITCH FLOUNDER,2022,FALL,FALL,66.64550524773327,4.79,10.370000000000001,0.12932794238531564
WITCH FLOUNDER,2023,FALL,FALL,81.98171401876037,4.79,10.370000000000001,0.12932794238531564
WITCH FLOUNDER,2024,FALL,FALL,82.7644758998854,4.79,10.370000000000001,0.12932794238531564
YELLOWTAIL FLOUNDER,1959,FALL,FALL,73.48124851149458,4.08,12.8,0.38549546660889217
YELLOWTAIL FLOUNDER,1960,FALL,FALL,69.05215759123962,4.08,12.8,0.38549546660889217
YELLOWTAIL FLOUNDER,1961,FALL,FALL,71.75495267977112,4.08,12.8,0.38549546660889217
YELLOWTAIL FLOUNDER,1962,FALL,FALL,68.15294756596985,4.08,12.8,0.38549546660889217
YELLOWTAIL FLOUNDER,1963,FALL,FALL,63.16884968033625,4.08,12.8,0.38549546660889217
YELLOWTAIL FLOUNDER,1964,FALL,FALL,69.85080097071847,4.08,12.8,0.38549546660889217
YELLOWTAIL FLOUNDER,1965,FALL,FALL,88.9081731232496,4.08,12.8,0.38549546660889217
YELLOWTAIL FLOUNDER,1966,FALL,FALL,87.97185257930629,4.08,12.8,0.38549546660889217
YELLOWTAIL FLOUNDER,1967,FALL,FALL,89.39059481614487,4.08,12.8,0.38549546660889217
YELLOWTAIL FLOUNDER,1968,FALL,FALL,88.591581711736,4.08,12.8,0.38549546660889217
YELLOWTAIL FLOUNDER,1969,FALL,FALL,67.11681258437291,4.08,12.8,0.38549546660889217
YELLOWTAIL FLOUNDER,1970,FALL,FALL,79.90354713346429,4.08,12.8,0.38549546660889217
YELLOWTAIL FLOUNDER,1971,FALL,FALL,64.52911013332856,4.08,12.8,0.38549546660889217
YELLOWTAIL FLOUNDER,1972,FALL,FALL,71.26069925090384,4.08,12.8,0.38549546660889217
YELLOWTAIL FLOUNDER,1973,FALL,FALL,65.19613278352598,4.08,12.8,0.38549546660889217
YELLOWTAIL FLOUNDER,1974,FALL,FALL,65.35136873012287,4.08,12.8,0.38549546660889217
YELLOWTAIL FLOUNDER,1975,FALL,FALL,50.47614439258673,4.08,12.8,0.38549546660889217
YELLOWTAIL FLOUNDER,1976,FALL,FALL,83.73361301001113,4.08,12.8,0.38549546660889217
YELLOWTAIL FLOUNDER,1977,FALL,FALL,59.22428909986049,4.08,12.8,0.38549546660889217
YELLOWTAIL FLOUNDER,1978,FALL,FALL,60.56142123728686,4.08,12.8,0.38549546660889217
YELLOWTAIL FLOUNDER,1979,FALL,FALL,83.83119176988455,4.08,12.8,0.38549546660889217
YELLOWTAIL FLOUNDER,1980,FALL,FALL,87.00895791092675,4.08,12.8,0.38549546660889217
YELLOWTAIL FLOUNDER,1981,FALL,FALL,84.97625788234797,4.08,12.8,0.38549546660889217
YELLOWTAIL FLOUNDER,1982,FALL,FALL,59.60753231780899,4.08,12.8,0.38549546660889217
YELLOWTAIL FLOUNDER,1983,FALL,FALL,64.23934225805542,4.08,12.8,0.38549546660889217
YELLOWTAIL FLOUNDER,1984,FALL,FALL,73.9450889549777,4.08,12.8,0.38549546660889217
YELLOWTAIL FLOUNDER,1985,FALL,FALL,46.80520023668773,4.08,12.8,0.38549546660889217
YELLOWTAIL FLOUNDER,1986,FALL,FALL,51.78173340147719,4.08,12.8,0.38549546660889217
YELLOWTAIL FLOUNDER,1987,FALL,FALL,72.7514827924965,4.08,12.8,0.38549546660889217
YELLOWTAIL FLOUNDER,1988,FALL,FALL,72.97742184494422,4.08,12.8,0.38549546660889217
YELLOWTAIL FLOUNDER,1989,FALL,FALL,64.89542830765821,4.08,12.8,0.38549546660889217
YELLOWTAIL FLOUNDER,1990,FALL,FALL,74.15654725535774,4.08,12.8,0.38549546660889217
YELLOWTAIL FLOUNDER,1991,FALL,FALL,52.624691818131275,4.08,12.8,0.38549546660889217
YELLOWTAIL FLOUNDER,1992,FALL,FALL,75.90735956349171,4.08,12.8,0.38549546660889217
YELLOWTAIL FLOUNDER,1993,FALL,FALL,77.09249401386316,4.08,12.8,0.38549546660889217
YELLOWTAIL FLOUNDER,1994,FALL,FALL,59.39972877373941,4.08,12.8,0.38549546660889217
YELLOWTAIL FLOUNDER,1995,FALL,FALL,54.28640275830096,4.08,12.8,0.38549546660889217
YELLOWTAIL FLOUNDER,1996,FALL,FALL,92.76687981109485,4.08,12.8,0.38549546660889217
YELLOWTAIL FLOUNDER,1997,FALL,FALL,72.862593657193,4.08,12.8,0.38549546660889217
YELLOWTAIL FLOUNDER,1998,FALL,FALL,92.94199513853123,4.08,12.8,0.38549546660889217
YELLOWTAIL FLOUNDER,1999,FALL,FALL,40.00273922789997,4.08,12.8,0.38549546660889217
YELLOWTAIL FLOUNDER,2000,FALL,FALL,80.0421786826602,4.08,12.8,0.38549546660889217
YELLOWTAIL FLOUNDER,2001,FALL,FALL,49.06385215911626,4.08,12.8,0.38549546660889217
YELLOWTAIL FLOUNDER,2002,FALL,FALL,54.697223820965846,4.08,12.8,0.38549546660889217
YELLOWTAIL FLOUNDER,2003,FALL,FALL,79.61678225023046,4.08,12.8,0.38549546660889217
YELLOWTAIL FLOUNDER,2004,FALL,FALL,82.89297638900686,4.08,12.8,0.38549546660889217
YELLOWTAIL FLOUNDER,2005,FALL,FALL,74.29504947315515,4.08,12.8,0.38549546660889217
YELLOWTAIL FLOUNDER,2006,FALL,FALL,60.524216899128604,4.08,12.8,0.38549546660889217
YELLOWTAIL FLOUNDER,2007,FALL,FALL,89.73546801074133,4.08,12.8,0.38549546660889217
YELLOWTAIL FLOUNDER,2008,FALL,FALL,69.08266018728004,4.08,12.8,0.38549546660889217
YELLOWTAIL FLOUNDER,2009,FALL,FALL,42.15597399130175,4.08,12.8,0.38549546660889217
YELLOWTAIL FLOUNDER,2010,FALL,FALL,61.84691876120906,4.08,12.8,0.38549546660889217
YELLOWTAIL FLOUNDER,2011,FALL,FALL,53.09603381005957,4.08,12.8,0.38549546660889217
YELLOWTAIL FLOUNDER,2012,FALL,FALL,49.63184971975208,4.08,12.8,0.38549546660889217
YELLOWTAIL FLOUNDER,2013,FALL,FALL,42.790345602189646,4.08,12.8,0.38549546660889217
YELLOWTAIL FLOUNDER,2014,FALL,FALL,39.11655512941088,4.08,12.8,0.38549546660889217
YELLOWTAIL FLOUNDER,2015,FALL,FALL,26.734956188936664,4.08,12.8,0.38549546660889217
YELLOWTAIL FLOUNDER,2016,FALL,FALL,38.837427368215025,4.08,12.8,0.38549546660889217
YELLOWTAIL FLOUNDER,2017,FALL,FALL,38.542347378790225,4.08,12.8,0.38549546660889217
YELLOWTAIL FLOUNDER,2018,FALL,FALL,60.38200448505927,4.08,12.8,0.38549546660889217
YELLOWTAIL FLOUNDER,2019,FALL,FALL,41.80405905514567,4.08,12.8,0.38549546660889217
YELLOWTAIL FLOUNDER,2020,FALL,FALL,56.24956342819636,4.08,12.8,0.38549546660889217
YELLOWTAIL FLOUNDER,2022,FALL,FALL,46.64199958383836,4.08,12.8,0.38549546660889217
YELLOWTAIL FLOUNDER,2023,FALL,FALL,73.6409246790404,4.08,12.8,0.38549546660889217
YELLOWTAIL FLOUNDER,2024,FALL,FALL,61.893963075087996,4.08,12.8,0.38549546660889217
